[2J[01;01H[=3h[2J[01;01H[2J[01;01H[8;042;160t0[2J[01;01H[2J[01;01H[8;056;240t0[2J[01;01HBdsDxe: loading Boot0002 "UEFI QEMU DVD-ROM QM00005 " from PciRoot(0x0)/Pci(0x1F,0x2)/Sata(0x2,0xFFFF,0x0)
BdsDxe: starting Boot0002 "UEFI QEMU DVD-ROM QM00005 " from PciRoot(0x0)/Pci(0x1F,0x2)/Sata(0x2,0xFFFF,0x0)
WARNING: no console will be available to OS
error: no suitable video mode found.
INFO: Initializing frame metadata for physical memory up to 80000000
INFO: Adding free frames to the allocator: 0..3000
INFO: Adding free frames to the allocator: 4000..8000
INFO: Adding free frames to the allocator: 9000..a0000
INFO: Adding free frames to the allocator: 100000..800000
INFO: Adding free frames to the allocator: 808000..80b000
INFO: Adding free frames to the allocator: 80c000..811000
INFO: Adding free frames to the allocator: 900000..8000000
INFO: Adding free frames to the allocator: 91e0000..a25c000
INFO: Adding free frames to the allocator: ce24000..7f8ed000
INFO: Adding free frames to the allocator: 7fbff000..7fec0000
INFO: Adding free frames to the allocator: 7fec6000..7fef4000
INFO: Initializing the kernel page table
INFO: Creating new I/O memory allocator builder, ranges: [
    0x80000000..0x100000000,
    0x100000000..0x10000000000000,
]
INFO: x2APIC found!
INFO: irq: Initializing PIC as disabled
INFO: irq: IOAPIC found at 0xfec00000, ID 0, version 32, interrupt base 0, interrupt count 23
INFO: irq: IOAPIC override: ISA interrupt 0 for GSI 2
INFO: irq: IOAPIC override: ISA interrupt 5 for GSI 5
INFO: irq: IOAPIC override: ISA interrupt 9 for GSI 9
INFO: irq: IOAPIC override: ISA interrupt 10 for GSI 10
INFO: irq: IOAPIC override: ISA interrupt 11 for GSI 11
INFO: x2APIC ID: 0, Version: 14, Max LVT: 5
INFO: TSC frequency: 2442329990 Hz
INFO: timer: Enable APIC TSC deadline mode
WARN: IOMMU initialization error: NoIommu
INFO: acpi: Collected information AcpiInfo { century_register: Some(50), boot_flags: Some(IaPcBootArchFlags(2)), reset_port_and_val: Some((3321, 15)), pci_ecam_region: Some(PciEcamRegion { base_address: 3758096384, bus_start: 0, bus_end: 255 }) }
INFO: QEMU hypervisor detected, assuming that the isa-debug-exit device exists
OSTD initialized. Preparing components.
INFO: pci: initializing the PCI bus with bus numbers `0..=255`
WARN: framebuffer: Framebuffer not found
INFO: pvpanic: initialized PCI device 1b36:0011 with capability 07
INFO: i8042: ACPI says i8042 controller is present
INFO: i8042: PS/2 keyboard device ID: 0xAB
INFO: input: registered device i8042_keyboard
INFO: i8042: PS/2 mouse device ID: 0x00
INFO: i8042: PS/2 mouse upgraded device ID: 0x03
INFO: input: registered device i8042_mouse
[32m[     0.669][0m [34mINFO  [0m: [39m[0m[39mComponent initialize complete[0m
[32m[     0.670][0m [34mINFO  [0m: [39m[0m[39mComponent initializing: ComponentInfo { name: "aster-uart", path: "/tmp/dpf-platform-validation-20261003/target/kernel/core/comps/uart", priority: 1 }[0m
[32m[     0.671][0m [34mINFO  [0m: [39muart: [0m[39mRegistered NS16550A as a console[0m
[32m[     0.672][0m [34mINFO  [0m: [39m[0m[39mComponent initialize complete[0m
[32m[     0.673][0m [34mINFO  [0m: [39m[0m[39mComponent initializing: ComponentInfo { name: "aster-virtio", path: "/tmp/dpf-platform-validation-20261003/target/kernel/core/comps/virtio", priority: 2 }[0m
[32m[     0.675][0m [34mINFO  [0m: [39m[0m[39mComponent initialize complete[0m
[32m[     0.676][0m [34mINFO  [0m: [39m[0m[39mAll components initialization in Bootstrap stage completed[0m
[32m[     0.677][0m [34mINFO  [0m: [39m[0m[39muse randomness generated by hardware[0m
[32m[     0.678][0m [34mINFO  [0m: [39m[0m[39mFound an input device, name: i8042_keyboard[0m
[32m[     0.679][0m [34mINFO  [0m: [39m[0m[39mFound an input device, name: i8042_mouse[0m
[32m[     0.690][0m [34mINFO  [0m: [39m[0m[39m[kernel] LSM module enabled: capability[0m
[32m[     0.691][0m [34mINFO  [0m: [39m[0m[39m[kernel] LSM module enabled: yama[0m
[32m[     0.692][0m [34mINFO  [0m: [39m[0m[39mIdle thread for CPU #0 started[0m
Spawn the first kernel thread
[32m[     0.694][0m [34mINFO  [0m: [39m[0m[39mExists components that are not initialized[0m
[32m[     0.695][0m [34mINFO  [0m: [39m[0m[39mComponents initializing in Kthread stage...[0m
[32m[     0.696][0m [34mINFO  [0m: [39m[0m[39mAll components initialization in Kthread stage completed[0m
[32m[     0.697][0m [34mINFO  [0m: [39minput: [0m[39msuccessfully connected handler class evdev to device i8042_keyboard[0m
[32m[     0.698][0m [34mINFO  [0m: [39minput: [0m[39msuccessfully connected handler class evdev to device i8042_mouse[0m
[32m[     0.699][0m [34mINFO  [0m: [39minput: [0m[39mregistered handler class evdev[0m
[32m[     0.700][0m [34mINFO  [0m: [39m[0m[39mEvdev device support initialized[0m
[kernel] unpacking initramfs.cpio.gz to rootfs ...
[kernel] initramfs is ready

                                  [38;2;87;180;249m.[39m[38;2;89;185;249m.[39m[38;2;91;189;250m.[39m[38;2;93;193;250m.[39m[38;2;94;197;250m.[39m[38;2;96;201;250m.[39m
                                [38;2;83;172;249m.[39m[38;2;85;176;249m-[39m[38;2;87;180;249m+[39m[38;2;89;185;249m+[39m[38;2;91;189;250m+[39m[38;2;93;193;250m+[39m[38;2;94;197;250m=[39m[38;2;96;201;250m:[39m
                               [38;2;82;168;249m.[39m[38;2;83;172;249m=[39m[38;2;85;176;249m+[39m[38;2;87;180;249m+[39m[38;2;89;185;249m+[39m[38;2;91;189;250m+[39m[38;2;93;193;250m+[39m[38;2;94;197;250m=[39m[38;2;96;201;250m:[39m
                              [38;2;80;163;249m:[39m[38;2;82;168;249m+[39m[38;2;83;172;249m+[39m[38;2;85;176;249m+[39m[38;2;87;180;249m+[39m[38;2;89;185;249m+[39m[38;2;91;189;250m+[39m[38;2;93;193;250m+[39m[38;2;94;197;250m=[39m[38;2;96;201;250m:[39m
                            [38;2;76;155;248m.[39m[38;2;78;159;248m-[39m[38;2;80;163;249m+[39m[38;2;82;168;249m+[39m[38;2;83;172;249m+[39m[38;2;85;176;249m+[39m[38;2;87;180;249m+[39m[38;2;89;185;249m+[39m[38;2;91;189;250m+[39m[38;2;93;193;250m+[39m[38;2;94;197;250m=[39m[38;2;96;201;250m.[39m
                           [38;2;74;151;248m.[39m[38;2;76;155;248m=[39m[38;2;78;159;248m*[39m[38;2;80;163;249m*[39m[38;2;82;168;249m+[39m[38;2;83;172;249m+[39m[38;2;85;176;249m=[39m[38;2;87;180;249m=[39m[38;2;89;185;249m+[39m[38;2;91;189;250m+[39m[38;2;93;193;250m+[39m[38;2;94;197;250m=[39m[38;2;96;201;250m.[39m
                          [38;2;73;147;248m:[39m[38;2;74;151;248m*[39m[38;2;76;155;248m*[39m[38;2;78;159;248m*[39m[38;2;80;163;249m*[39m[38;2;82;168;249m+[39m[38;2;83;172;249m-[39m[38;2;85;176;249m.[39m[38;2;87;180;249m=[39m[38;2;89;185;249m+[39m[38;2;91;189;250m+[39m[38;2;93;193;250m+[39m[38;2;94;197;250m=[39m[38;2;96;201;250m.[39m
                        [38;2;69;138;248m.[39m[38;2;71;142;248m=[39m[38;2;73;147;248m*[39m[38;2;74;151;248m*[39m[38;2;76;155;248m*[39m[38;2;78;159;248m*[39m[38;2;80;163;249m+[39m[38;2;82;168;249m:[39m [38;2;85;176;249m.[39m[38;2;87;180;249m+[39m[38;2;89;185;249m+[39m[38;2;91;189;250m+[39m[38;2;93;193;250m+[39m[38;2;94;197;250m=[39m[38;2;96;201;250m.[39m
                       [38;2;67;134;248m.[39m[38;2;69;138;248m+[39m[38;2;71;142;248m*[39m[38;2;73;147;248m*[39m[38;2;74;151;248m*[39m[38;2;76;155;248m*[39m[38;2;78;159;248m=[39m[38;2;80;163;249m.[39m  [38;2;85;176;249m.[39m[38;2;87;180;249m+[39m[38;2;89;185;249m+[39m[38;2;91;189;250m+[39m[38;2;93;193;250m+[39m[38;2;94;197;250m-[39m
                     [38;2;63;125;247m.[39m[38;2;65;130;247m-[39m[38;2;67;134;248m*[39m[38;2;69;138;248m*[39m[38;2;71;142;248m*[39m[38;2;73;147;248m*[39m[38;2;74;151;248m*[39m[38;2;76;155;248m=[39m[38;2;78;159;248m.[39m   [38;2;85;176;249m:[39m[38;2;87;180;249m+[39m[38;2;89;185;249m+[39m[38;2;91;189;250m+[39m[38;2;93;193;250m+[39m[38;2;94;197;250m-[39m
    [38;2;33;54;245m.[39m[38;2;34;58;245m:[39m[38;2;36;62;245m:[39m[38;2;38;66;245m-[39m[38;2;40;70;245m=[39m[38;2;42;75;245m=[39m[38;2;43;79;245m=[39m[38;2;45;83;246m=[39m[38;2;47;87;246m=[39m[38;2;49;92;246m=[39m[38;2;51;96;246m=[39m[38;2;53;100;246m=[39m[38;2;54;104;246m=[39m[38;2;56;108;247m=[39m[38;2;58;113;247m=[39m[38;2;60;117;247m=[39m[38;2;62;121;247m=[39m[38;2;63;125;247m+[39m[38;2;65;130;247m*[39m[38;2;67;134;248m*[39m[38;2;69;138;248m*[39m[38;2;71;142;248m*[39m[38;2;73;147;248m*[39m[38;2;74;151;248m+[39m[38;2;76;155;248m-[39m[38;2;78;159;248m-[39m[38;2;80;163;249m-[39m[38;2;82;168;249m-[39m[38;2;83;172;249m-[39m[38;2;85;176;249m=[39m[38;2;87;180;249m+[39m[38;2;89;185;249m+[39m[38;2;91;189;250m+[39m[38;2;93;193;250m+[39m[38;2;94;197;250m=[39m[38;2;96;201;250m-[39m[38;2;98;206;250m:[39m[38;2;100;210;250m:[39m[38;2;102;214;251m:[39m[38;2;103;218;251m:[39m[38;2;105;223;251m:[39m[38;2;107;227;251m:[39m[38;2;109;231;251m:[39m[38;2;111;235;251m.[39m
        [38;2;40;70;245m.[39m[38;2;42;75;245m.[39m[38;2;43;79;245m:[39m[38;2;45;83;246m-[39m[38;2;47;87;246m*[39m[38;2;49;92;246m#[39m[38;2;51;96;246m#[39m[38;2;53;100;246m#[39m[38;2;54;104;246m#[39m[38;2;56;108;247m#[39m[38;2;58;113;247m#[39m[38;2;60;117;247m#[39m[38;2;62;121;247m#[39m[38;2;63;125;247m#[39m[38;2;65;130;247m*[39m[38;2;67;134;248m*[39m[38;2;69;138;248m*[39m[38;2;71;142;248m*[39m[38;2;73;147;248m*[39m[38;2;74;151;248m*[39m[38;2;76;155;248m*[39m[38;2;78;159;248m*[39m[38;2;80;163;249m*[39m[38;2;82;168;249m+[39m[38;2;83;172;249m+[39m[38;2;85;176;249m+[39m[38;2;87;180;249m+[39m[38;2;89;185;249m+[39m[38;2;91;189;250m+[39m[38;2;93;193;250m+[39m[38;2;94;197;250m=[39m[38;2;96;201;250m=[39m[38;2;98;206;250m=[39m[38;2;100;210;250m=[39m[38;2;102;214;251m=[39m[38;2;103;218;251m=[39m[38;2;105;223;251m=[39m[38;2;107;227;251m:[39m[38;2;109;231;251m.[39m
              [38;2;51;96;246m.[39m[38;2;53;100;246m:[39m[38;2;54;104;246m+[39m[38;2;56;108;247m*[39m[38;2;58;113;247m#[39m[38;2;60;117;247m#[39m[38;2;62;121;247m#[39m[38;2;63;125;247m#[39m[38;2;65;130;247m#[39m[38;2;67;134;248m*[39m[38;2;69;138;248m*[39m[38;2;71;142;248m*[39m[38;2;73;147;248m*[39m[38;2;74;151;248m+[39m[38;2;76;155;248m+[39m[38;2;78;159;248m+[39m[38;2;80;163;249m+[39m[38;2;82;168;249m+[39m[38;2;83;172;249m+[39m[38;2;85;176;249m+[39m[38;2;87;180;249m+[39m[38;2;89;185;249m+[39m[38;2;91;189;250m+[39m[38;2;93;193;250m+[39m[38;2;94;197;250m=[39m[38;2;96;201;250m=[39m[38;2;98;206;250m=[39m[38;2;100;210;250m=[39m[38;2;102;214;251m=[39m[38;2;103;218;251m-[39m[38;2;105;223;251m.[39m[38;2;107;227;251m.[39m
                 [38;2;56;108;247m.[39m[38;2;58;113;247m.[39m[38;2;60;117;247m-[39m[38;2;62;121;247m+[39m[38;2;63;125;247m#[39m[38;2;65;130;247m*[39m[38;2;67;134;248m*[39m[38;2;69;138;248m*[39m[38;2;71;142;248m*[39m[38;2;73;147;248m*[39m[38;2;74;151;248m*[39m[38;2;76;155;248m=[39m[38;2;78;159;248m.[39m[38;2;80;163;249m.[39m  [38;2;85;176;249m-[39m[38;2;87;180;249m+[39m[38;2;89;185;249m+[39m[38;2;91;189;250m+[39m[38;2;93;193;250m+[39m[38;2;94;197;250m.[39m
                [38;2;54;104;246m-[39m[38;2;56;108;247m+[39m[38;2;58;113;247m=[39m[38;2;60;117;247m.[39m[38;2;62;121;247m.[39m[38;2;63;125;247m.[39m[38;2;65;130;247m:[39m[38;2;67;134;248m*[39m[38;2;69;138;248m*[39m[38;2;71;142;248m*[39m[38;2;73;147;248m*[39m[38;2;74;151;248m*[39m[38;2;76;155;248m*[39m[38;2;78;159;248m*[39m[38;2;80;163;249m=[39m[38;2;82;168;249m.[39m[38;2;83;172;249m.[39m[38;2;85;176;249m=[39m[38;2;87;180;249m+[39m[38;2;89;185;249m+[39m[38;2;91;189;250m+[39m[38;2;93;193;250m+[39m[38;2;94;197;250m.[39m
              [38;2;51;96;246m.[39m[38;2;53;100;246m+[39m[38;2;54;104;246m*[39m[38;2;56;108;247m+[39m[38;2;58;113;247m+[39m[38;2;60;117;247m+[39m[38;2;62;121;247m=[39m[38;2;63;125;247m.[39m [38;2;67;134;248m.[39m[38;2;69;138;248m.[39m[38;2;71;142;248m=[39m[38;2;73;147;248m*[39m[38;2;74;151;248m*[39m[38;2;76;155;248m*[39m[38;2;78;159;248m*[39m[38;2;80;163;249m*[39m[38;2;82;168;249m+[39m[38;2;83;172;249m-[39m[38;2;85;176;249m=[39m[38;2;87;180;249m+[39m[38;2;89;185;249m+[39m[38;2;91;189;250m+[39m[38;2;93;193;250m+[39m[38;2;94;197;250m.[39m
            [38;2;47;87;246m.[39m[38;2;49;92;246m:[39m[38;2;51;96;246m*[39m[38;2;53;100;246m*[39m[38;2;54;104;246m*[39m[38;2;56;108;247m+[39m[38;2;58;113;247m=[39m[38;2;60;117;247m.[39m[38;2;62;121;247m.[39m     [38;2;73;147;248m.[39m[38;2;74;151;248m-[39m[38;2;76;155;248m+[39m[38;2;78;159;248m*[39m[38;2;80;163;249m*[39m[38;2;82;168;249m+[39m[38;2;83;172;249m+[39m[38;2;85;176;249m+[39m[38;2;87;180;249m+[39m[38;2;89;185;249m+[39m[38;2;91;189;250m+[39m[38;2;93;193;250m=[39m[38;2;94;197;250m.[39m
           [38;2;45;83;246m.[39m[38;2;47;87;246m-[39m[38;2;49;92;246m*[39m[38;2;51;96;246m*[39m[38;2;53;100;246m*[39m[38;2;54;104;246m+[39m[38;2;56;108;247m:[39m          [38;2;76;155;248m.[39m[38;2;78;159;248m-[39m[38;2;80;163;249m+[39m[38;2;82;168;249m+[39m[38;2;83;172;249m+[39m[38;2;85;176;249m+[39m[38;2;87;180;249m+[39m[38;2;89;185;249m+[39m[38;2;91;189;250m+[39m[38;2;93;193;250m=[39m
          [38;2;43;79;245m.[39m[38;2;45;83;246m*[39m[38;2;47;87;246m#[39m[38;2;49;92;246m*[39m[38;2;51;96;246m=[39m[38;2;53;100;246m.[39m              [38;2;80;163;249m.[39m[38;2;82;168;249m=[39m[38;2;83;172;249m+[39m[38;2;85;176;249m+[39m[38;2;87;180;249m+[39m[38;2;89;185;249m+[39m[38;2;91;189;250m+[39m[38;2;93;193;250m=[39m
        [38;2;40;70;245m.[39m[38;2;42;75;245m-[39m[38;2;43;79;245m*[39m[38;2;45;83;246m#[39m[38;2;47;87;246m+[39m[38;2;49;92;246m.[39m[38;2;51;96;246m.[39m                [38;2;82;168;249m.[39m[38;2;83;172;249m:[39m[38;2;85;176;249m=[39m[38;2;87;180;249m+[39m[38;2;89;185;249m+[39m[38;2;91;189;250m+[39m[38;2;93;193;250m-[39m
       [38;2;38;66;245m.[39m[38;2;40;70;245m=[39m[38;2;42;75;245m#[39m[38;2;43;79;245m=[39m[38;2;45;83;246m.[39m                     [38;2;85;176;249m.[39m[38;2;87;180;249m=[39m[38;2;89;185;249m+[39m[38;2;91;189;250m+[39m[38;2;93;193;250m-[39m
      [38;2;36;62;245m:[39m[38;2;38;66;245m*[39m[38;2;40;70;245m=[39m[38;2;42;75;245m.[39m                         [38;2;89;185;249m.[39m[38;2;91;189;250m.[39m[38;2;93;193;250m.[39m
    [38;2;33;54;245m.[39m[38;2;34;58;245m:[39m[38;2;36;62;245m-[39m[38;2;38;66;245m.[39m [38;2;42;75;245mP[39m[38;2;43;79;245mr[39m[38;2;45;83;246me[39m[38;2;47;87;246ms[39m[38;2;49;92;246me[39m[38;2;51;96;246mn[39m[38;2;53;100;246mt[39m[38;2;54;104;246me[39m[38;2;56;108;247md[39m [38;2;60;117;247mb[39m[38;2;62;121;247my[39m [38;2;65;130;247mt[39m[38;2;67;134;248mh[39m[38;2;69;138;248me[39m [38;2;73;147;248mA[39m[38;2;74;151;248ms[39m[38;2;76;155;248mt[39m[38;2;78;159;248me[39m[38;2;80;163;249mr[39m[38;2;82;168;249mi[39m[38;2;83;172;249mn[39m[38;2;85;176;249ma[39m[38;2;87;180;249ms[39m [38;2;91;189;250md[39m[38;2;93;193;250me[39m[38;2;94;197;250mv[39m[38;2;96;201;250me[39m[38;2;98;206;250ml[39m[38;2;100;210;250mo[39m[38;2;102;214;251mp[39m[38;2;103;218;251me[39m[38;2;105;223;251mr[39m[38;2;107;227;251ms[39m
    [38;2;33;54;245m.[39m[38;2;34;58;245m.[39m [38;2;38;66;245mR[39m[38;2;40;70;245me[39m[38;2;42;75;245ml[39m[38;2;43;79;245me[39m[38;2;45;83;246ma[39m[38;2;47;87;246ms[39m[38;2;49;92;246me[39m[38;2;51;96;246md[39m [38;2;54;104;246mu[39m[38;2;56;108;247mn[39m[38;2;58;113;247md[39m[38;2;60;117;247me[39m[38;2;62;121;247mr[39m [38;2;65;130;247mM[39m[38;2;67;134;248mo[39m[38;2;69;138;248mz[39m[38;2;71;142;248mi[39m[38;2;73;147;248ml[39m[38;2;74;151;248ml[39m[38;2;76;155;248ma[39m [38;2;80;163;249mP[39m[38;2;82;168;249mu[39m[38;2;83;172;249mb[39m[38;2;85;176;249ml[39m[38;2;87;180;249mi[39m[38;2;89;185;249mc[39m [38;2;93;193;250mL[39m[38;2;94;197;250mi[39m[38;2;96;201;250mc[39m[38;2;98;206;250me[39m[38;2;100;210;250mn[39m[38;2;102;214;251ms[39m[38;2;103;218;251me[39m [38;2;107;227;251mv[39m[38;2;109;231;251m2[39m[38;2;111;235;251m.[39m[38;2;113;240;252m0[39m

[kernel] running /init as the init process
[32m[     5.006][0m [34mINFO  [0m: [39m[0m[39mExists components that are not initialized[0m
[32m[     5.007][0m [34mINFO  [0m: [39m[0m[39mComponents initializing in Process stage...[0m
[32m[     5.008][0m [34mINFO  [0m: [39m[0m[39mAll components initialization in Process stage completed[0m
[32m[     5.024][0m [34mINFO  [0m: [39m[0m[39m[pid=1][tid=1][id=12][SYS_BRK][0m
[32m[     5.027][0m [34mINFO  [0m: [39m[0m[39m[pid=1][tid=1][id=9][SYS_MMAP][0m
[32m[     5.029][0m [34mINFO  [0m: [39m[0m[39m[pid=1][tid=1][id=21][SYS_ACCESS][0m
[32m[     5.030][0m [34mINFO  [0m: [39m[0m[39m[pid=1][tid=1][id=257][SYS_OPENAT][0m
[32m[     5.031][0m [34mINFO  [0m: [39m[0m[39m[pid=1][tid=1][id=262][SYS_FSTATAT][0m
[32m[     5.032][0m [34mINFO  [0m: [39m[0m[39m[pid=1][tid=1][id=257][SYS_OPENAT][0m
[32m[     5.035][0m [34mINFO  [0m: [39m[0m[39m[pid=1][tid=1][id=262][SYS_FSTATAT][0m
[32m[     5.036][0m [34mINFO  [0m: [39m[0m[39m[pid=1][tid=1][id=257][SYS_OPENAT][0m
[32m[     5.039][0m [34mINFO  [0m: [39m[0m[39m[pid=1][tid=1][id=0][SYS_READ][0m
[32m[     5.040][0m [34mINFO  [0m: [39m[0m[39m[pid=1][tid=1][id=5][SYS_FSTAT][0m
[32m[     5.041][0m [34mINFO  [0m: [39m[0m[39m[pid=1][tid=1][id=9][SYS_MMAP][0m
[32m[     5.042][0m [34mINFO  [0m: [39m[0m[39m[pid=1][tid=1][id=9][SYS_MMAP][0m
[32m[     5.044][0m [34mINFO  [0m: [39m[0m[39m[pid=1][tid=1][id=9][SYS_MMAP][0m
[32m[     5.047][0m [34mINFO  [0m: [39m[0m[39m[pid=1][tid=1][id=9][SYS_MMAP][0m
[32m[     5.051][0m [34mINFO  [0m: [39m[0m[39m[pid=1][tid=1][id=3][SYS_CLOSE][0m
[32m[     5.052][0m [34mINFO  [0m: [39m[0m[39m[pid=1][tid=1][id=257][SYS_OPENAT][0m
[32m[     5.053][0m [34mINFO  [0m: [39m[0m[39m[pid=1][tid=1][id=0][SYS_READ][0m
[32m[     5.054][0m [34mINFO  [0m: [39m[0m[39m[pid=1][tid=1][id=5][SYS_FSTAT][0m
[32m[     5.055][0m [34mINFO  [0m: [39m[0m[39m[pid=1][tid=1][id=9][SYS_MMAP][0m
[32m[     5.056][0m [34mINFO  [0m: [39m[0m[39m[pid=1][tid=1][id=9][SYS_MMAP][0m
[32m[     5.057][0m [34mINFO  [0m: [39m[0m[39m[pid=1][tid=1][id=9][SYS_MMAP][0m
[32m[     5.059][0m [34mINFO  [0m: [39m[0m[39m[pid=1][tid=1][id=9][SYS_MMAP][0m
[32m[     5.061][0m [34mINFO  [0m: [39m[0m[39m[pid=1][tid=1][id=9][SYS_MMAP][0m
[32m[     5.064][0m [34mINFO  [0m: [39m[0m[39m[pid=1][tid=1][id=3][SYS_CLOSE][0m
[32m[     5.067][0m [34mINFO  [0m: [39m[0m[39m[pid=1][tid=1][id=257][SYS_OPENAT][0m
[32m[     5.068][0m [34mINFO  [0m: [39m[0m[39m[pid=1][tid=1][id=0][SYS_READ][0m
[32m[     5.069][0m [34mINFO  [0m: [39m[0m[39m[pid=1][tid=1][id=17][SYS_PREAD64][0m
[32m[     5.070][0m [34mINFO  [0m: [39m[0m[39m[pid=1][tid=1][id=5][SYS_FSTAT][0m
[32m[     5.071][0m [34mINFO  [0m: [39m[0m[39m[pid=1][tid=1][id=17][SYS_PREAD64][0m
[32m[     5.073][0m [34mINFO  [0m: [39m[0m[39m[pid=1][tid=1][id=9][SYS_MMAP][0m
[32m[     5.075][0m [34mINFO  [0m: [39m[0m[39m[pid=1][tid=1][id=9][SYS_MMAP][0m
[32m[     5.076][0m [34mINFO  [0m: [39m[0m[39m[pid=1][tid=1][id=9][SYS_MMAP][0m
[32m[     5.078][0m [34mINFO  [0m: [39m[0m[39m[pid=1][tid=1][id=9][SYS_MMAP][0m
[32m[     5.082][0m [34mINFO  [0m: [39m[0m[39m[pid=1][tid=1][id=9][SYS_MMAP][0m
[32m[     5.086][0m [34mINFO  [0m: [39m[0m[39m[pid=1][tid=1][id=3][SYS_CLOSE][0m
[32m[     5.088][0m [34mINFO  [0m: [39m[0m[39m[pid=1][tid=1][id=9][SYS_MMAP][0m
[32m[     5.092][0m [34mINFO  [0m: [39m[0m[39m[pid=1][tid=1][id=158][SYS_ARCH_PRCTL][0m
[32m[     5.093][0m [34mINFO  [0m: [39m[0m[39m[pid=1][tid=1][id=218][SYS_SET_TID_ADDRESS][0m
[32m[     5.094][0m [34mINFO  [0m: [39m[0m[39m[pid=1][tid=1][id=273][SYS_SET_ROBUST_LIST][0m
[32m[     5.095][0m [93mWARN  [0m: [39m[0m[39mUnimplemented syscall number: 334[0m
[32m[     5.097][0m [34mINFO  [0m: [39m[0m[39m[pid=1][tid=1][id=10][SYS_MPROTECT][0m
[32m[     5.100][0m [34mINFO  [0m: [39m[0m[39m[pid=1][tid=1][id=10][SYS_MPROTECT][0m
[32m[     5.101][0m [34mINFO  [0m: [39m[0m[39m[pid=1][tid=1][id=10][SYS_MPROTECT][0m
[32m[     5.103][0m [34mINFO  [0m: [39m[0m[39m[pid=1][tid=1][id=10][SYS_MPROTECT][0m
[32m[     5.105][0m [34mINFO  [0m: [39m[0m[39m[pid=1][tid=1][id=10][SYS_MPROTECT][0m
[32m[     5.106][0m [34mINFO  [0m: [39m[0m[39m[pid=1][tid=1][id=302][SYS_PRLIMIT64][0m
[32m[     5.108][0m [34mINFO  [0m: [39m[0m[39m[pid=1][tid=1][id=318][SYS_GETRANDOM][0m
[32m[     5.109][0m [34mINFO  [0m: [39m[0m[39m[pid=1][tid=1][id=102][SYS_GETUID][0m
[32m[     5.112][0m [34mINFO  [0m: [39m[0m[39m[pid=1][tid=1][id=12][SYS_BRK][0m
[32m[     5.114][0m [34mINFO  [0m: [39m[0m[39m[pid=1][tid=1][id=12][SYS_BRK][0m
[32m[     5.115][0m [34mINFO  [0m: [39m[0m[39m[pid=1][tid=1][id=39][SYS_GETPID][0m
[32m[     5.116][0m [34mINFO  [0m: [39m[0m[39m[pid=1][tid=1][id=13][SYS_RT_SIGACTION][0m
[32m[     5.120][0m [34mINFO  [0m: [39m[0m[39m[pid=1][tid=1][id=110][SYS_GETPPID][0m
[32m[     5.121][0m [34mINFO  [0m: [39m[0m[39m[pid=1][tid=1][id=63][SYS_UNAME][0m
[32m[     5.122][0m [34mINFO  [0m: [39m[0m[39m[pid=1][tid=1][id=79][SYS_GETCWD][0m
[32m[     5.123][0m [34mINFO  [0m: [39m[0m[39m[pid=1][tid=1][id=257][SYS_OPENAT][0m
[32m[     5.125][0m [34mINFO  [0m: [39m[0m[39m[pid=1][tid=1][id=72][SYS_FCNTL][0m
[32m[     5.126][0m [34mINFO  [0m: [39m[0m[39m[pid=1][tid=1][id=3][SYS_CLOSE][0m
[32m[     5.127][0m [34mINFO  [0m: [39m[0m[39m[pid=1][tid=1][id=13][SYS_RT_SIGACTION][0m
[32m[     5.128][0m [34mINFO  [0m: [39m[0m[39m[pid=1][tid=1][id=13][SYS_RT_SIGACTION][0m
[32m[     5.129][0m [34mINFO  [0m: [39m[0m[39m[pid=1][tid=1][id=13][SYS_RT_SIGACTION][0m
[32m[     5.130][0m [34mINFO  [0m: [39m[0m[39m[pid=1][tid=1][id=13][SYS_RT_SIGACTION][0m
[32m[     5.131][0m [34mINFO  [0m: [39m[0m[39m[pid=1][tid=1][id=13][SYS_RT_SIGACTION][0m
[32m[     5.133][0m [34mINFO  [0m: [39m[0m[39m[pid=1][tid=1][id=0][SYS_READ][0m
[32m[     5.136][0m [34mINFO  [0m: [39m[0m[39m[pid=1][tid=1][id=262][SYS_FSTATAT][0m
[32m[     5.141][0m [34mINFO  [0m: [39m[0m[39m[pid=1][tid=1][id=56][SYS_CLONE][0m
[32m[     5.154][0m [34mINFO  [0m: [39m[0m[39m[pid=1][tid=1][id=61][SYS_WAIT4][0m
[32m[     5.155][0m [34mINFO  [0m: [39m[0m[39m[pid=2][tid=2][id=273][SYS_SET_ROBUST_LIST][0m
[32m[     5.156][0m [34mINFO  [0m: [39m[0m[39m[pid=2][tid=2][id=3][SYS_CLOSE][0m
[32m[     5.157][0m [34mINFO  [0m: [39m[0m[39m[pid=2][tid=2][id=13][SYS_RT_SIGACTION][0m
[32m[     5.158][0m [34mINFO  [0m: [39m[0m[39m[pid=2][tid=2][id=59][SYS_EXECVE][0m
[32m[     5.169][0m [34mINFO  [0m: [39m[0m[39m[pid=2][tid=2][id=12][SYS_BRK][0m
[32m[     5.172][0m [34mINFO  [0m: [39m[0m[39m[pid=2][tid=2][id=9][SYS_MMAP][0m
[32m[     5.174][0m [34mINFO  [0m: [39m[0m[39m[pid=2][tid=2][id=21][SYS_ACCESS][0m
[32m[     5.175][0m [34mINFO  [0m: [39m[0m[39m[pid=2][tid=2][id=257][SYS_OPENAT][0m
[32m[     5.176][0m [34mINFO  [0m: [39m[0m[39m[pid=2][tid=2][id=262][SYS_FSTATAT][0m
[32m[     5.179][0m [34mINFO  [0m: [39m[0m[39m[pid=2][tid=2][id=257][SYS_OPENAT][0m
[32m[     5.181][0m [34mINFO  [0m: [39m[0m[39m[pid=2][tid=2][id=262][SYS_FSTATAT][0m
[32m[     5.182][0m [34mINFO  [0m: [39m[0m[39m[pid=2][tid=2][id=257][SYS_OPENAT][0m
[32m[     5.183][0m [34mINFO  [0m: [39m[0m[39m[pid=2][tid=2][id=0][SYS_READ][0m
[32m[     5.184][0m [34mINFO  [0m: [39m[0m[39m[pid=2][tid=2][id=5][SYS_FSTAT][0m
[32m[     5.185][0m [34mINFO  [0m: [39m[0m[39m[pid=2][tid=2][id=9][SYS_MMAP][0m
[32m[     5.187][0m [34mINFO  [0m: [39m[0m[39m[pid=2][tid=2][id=9][SYS_MMAP][0m
[32m[     5.188][0m [34mINFO  [0m: [39m[0m[39m[pid=2][tid=2][id=9][SYS_MMAP][0m
[32m[     5.189][0m [34mINFO  [0m: [39m[0m[39m[pid=2][tid=2][id=9][SYS_MMAP][0m
[32m[     5.193][0m [34mINFO  [0m: [39m[0m[39m[pid=2][tid=2][id=3][SYS_CLOSE][0m
[32m[     5.194][0m [34mINFO  [0m: [39m[0m[39m[pid=2][tid=2][id=257][SYS_OPENAT][0m
[32m[     5.195][0m [34mINFO  [0m: [39m[0m[39m[pid=2][tid=2][id=0][SYS_READ][0m
[32m[     5.196][0m [34mINFO  [0m: [39m[0m[39m[pid=2][tid=2][id=5][SYS_FSTAT][0m
[32m[     5.197][0m [34mINFO  [0m: [39m[0m[39m[pid=2][tid=2][id=9][SYS_MMAP][0m
[32m[     5.198][0m [34mINFO  [0m: [39m[0m[39m[pid=2][tid=2][id=9][SYS_MMAP][0m
[32m[     5.199][0m [34mINFO  [0m: [39m[0m[39m[pid=2][tid=2][id=9][SYS_MMAP][0m
[32m[     5.200][0m [34mINFO  [0m: [39m[0m[39m[pid=2][tid=2][id=9][SYS_MMAP][0m
[32m[     5.202][0m [34mINFO  [0m: [39m[0m[39m[pid=2][tid=2][id=9][SYS_MMAP][0m
[32m[     5.203][0m [34mINFO  [0m: [39m[0m[39m[pid=2][tid=2][id=3][SYS_CLOSE][0m
[32m[     5.206][0m [34mINFO  [0m: [39m[0m[39m[pid=2][tid=2][id=257][SYS_OPENAT][0m
[32m[     5.207][0m [34mINFO  [0m: [39m[0m[39m[pid=2][tid=2][id=0][SYS_READ][0m
[32m[     5.208][0m [34mINFO  [0m: [39m[0m[39m[pid=2][tid=2][id=17][SYS_PREAD64][0m
[32m[     5.209][0m [34mINFO  [0m: [39m[0m[39m[pid=2][tid=2][id=5][SYS_FSTAT][0m
[32m[     5.210][0m [34mINFO  [0m: [39m[0m[39m[pid=2][tid=2][id=17][SYS_PREAD64][0m
[32m[     5.211][0m [34mINFO  [0m: [39m[0m[39m[pid=2][tid=2][id=9][SYS_MMAP][0m
[32m[     5.212][0m [34mINFO  [0m: [39m[0m[39m[pid=2][tid=2][id=9][SYS_MMAP][0m
[32m[     5.213][0m [34mINFO  [0m: [39m[0m[39m[pid=2][tid=2][id=9][SYS_MMAP][0m
[32m[     5.215][0m [34mINFO  [0m: [39m[0m[39m[pid=2][tid=2][id=9][SYS_MMAP][0m
[32m[     5.216][0m [34mINFO  [0m: [39m[0m[39m[pid=2][tid=2][id=9][SYS_MMAP][0m
[32m[     5.217][0m [34mINFO  [0m: [39m[0m[39m[pid=2][tid=2][id=3][SYS_CLOSE][0m
[32m[     5.218][0m [34mINFO  [0m: [39m[0m[39m[pid=2][tid=2][id=9][SYS_MMAP][0m
[32m[     5.219][0m [34mINFO  [0m: [39m[0m[39m[pid=2][tid=2][id=158][SYS_ARCH_PRCTL][0m
[32m[     5.220][0m [34mINFO  [0m: [39m[0m[39m[pid=2][tid=2][id=218][SYS_SET_TID_ADDRESS][0m
[32m[     5.221][0m [34mINFO  [0m: [39m[0m[39m[pid=2][tid=2][id=273][SYS_SET_ROBUST_LIST][0m
[32m[     5.222][0m [93mWARN  [0m: [39m[0m[39mUnimplemented syscall number: 334[0m
[32m[     5.226][0m [34mINFO  [0m: [39m[0m[39m[pid=2][tid=2][id=10][SYS_MPROTECT][0m
[32m[     5.227][0m [34mINFO  [0m: [39m[0m[39m[pid=2][tid=2][id=10][SYS_MPROTECT][0m
[32m[     5.228][0m [34mINFO  [0m: [39m[0m[39m[pid=2][tid=2][id=10][SYS_MPROTECT][0m
[32m[     5.230][0m [34mINFO  [0m: [39m[0m[39m[pid=2][tid=2][id=10][SYS_MPROTECT][0m
[32m[     5.231][0m [34mINFO  [0m: [39m[0m[39m[pid=2][tid=2][id=10][SYS_MPROTECT][0m
[32m[     5.232][0m [34mINFO  [0m: [39m[0m[39m[pid=2][tid=2][id=302][SYS_PRLIMIT64][0m
[32m[     5.234][0m [34mINFO  [0m: [39m[0m[39m[pid=2][tid=2][id=318][SYS_GETRANDOM][0m
[32m[     5.235][0m [34mINFO  [0m: [39m[0m[39m[pid=2][tid=2][id=102][SYS_GETUID][0m
[32m[     5.236][0m [34mINFO  [0m: [39m[0m[39m[pid=2][tid=2][id=12][SYS_BRK][0m
[32m[     5.237][0m [34mINFO  [0m: [39m[0m[39m[pid=2][tid=2][id=12][SYS_BRK][0m
[32m[     5.241][0m [34mINFO  [0m: [39m[0m[39m[pid=2][tid=2][id=102][SYS_GETUID][0m
[32m[     5.242][0m [34mINFO  [0m: [39m[0m[39m[pid=2][tid=2][id=107][SYS_GETEUID][0m
[32m[     5.243][0m [34mINFO  [0m: [39m[0m[39m[pid=2][tid=2][id=262][SYS_FSTATAT][0m
[32m[     5.244][0m [34mINFO  [0m: [39m[0m[39m[pid=2][tid=2][id=165][SYS_MOUNT][0m
[32m[     5.245][0m [34mINFO  [0m: [39m[0m[39m[pid=2][tid=2][id=231][SYS_EXIT_GROUP][0m
[32m[     5.247][0m [34mINFO  [0m: [39m[0m[39m[pid=1][tid=1][id=15][SYS_RT_SIGRETURN][0m
[32m[     5.248][0m [34mINFO  [0m: [39m[0m[39m[pid=1][tid=1][id=61][SYS_WAIT4][0m
[32m[     5.249][0m [34mINFO  [0m: [39m[0m[39m[pid=1][tid=1][id=56][SYS_CLONE][0m
[32m[     5.253][0m [34mINFO  [0m: [39m[0m[39m[pid=1][tid=1][id=61][SYS_WAIT4][0m
[32m[     5.254][0m [34mINFO  [0m: [39m[0m[39m[pid=3][tid=3][id=273][SYS_SET_ROBUST_LIST][0m
[32m[     5.255][0m [34mINFO  [0m: [39m[0m[39m[pid=3][tid=3][id=3][SYS_CLOSE][0m
[32m[     5.256][0m [34mINFO  [0m: [39m[0m[39m[pid=3][tid=3][id=13][SYS_RT_SIGACTION][0m
[32m[     5.257][0m [34mINFO  [0m: [39m[0m[39m[pid=3][tid=3][id=59][SYS_EXECVE][0m
[32m[     5.260][0m [34mINFO  [0m: [39m[0m[39m[pid=3][tid=3][id=12][SYS_BRK][0m
[32m[     5.261][0m [34mINFO  [0m: [39m[0m[39m[pid=3][tid=3][id=9][SYS_MMAP][0m
[32m[     5.262][0m [34mINFO  [0m: [39m[0m[39m[pid=3][tid=3][id=21][SYS_ACCESS][0m
[32m[     5.263][0m [34mINFO  [0m: [39m[0m[39m[pid=3][tid=3][id=257][SYS_OPENAT][0m
[32m[     5.264][0m [34mINFO  [0m: [39m[0m[39m[pid=3][tid=3][id=262][SYS_FSTATAT][0m
[32m[     5.265][0m [34mINFO  [0m: [39m[0m[39m[pid=3][tid=3][id=257][SYS_OPENAT][0m
[32m[     5.266][0m [34mINFO  [0m: [39m[0m[39m[pid=3][tid=3][id=262][SYS_FSTATAT][0m
[32m[     5.267][0m [34mINFO  [0m: [39m[0m[39m[pid=3][tid=3][id=257][SYS_OPENAT][0m
[32m[     5.268][0m [34mINFO  [0m: [39m[0m[39m[pid=3][tid=3][id=0][SYS_READ][0m
[32m[     5.269][0m [34mINFO  [0m: [39m[0m[39m[pid=3][tid=3][id=5][SYS_FSTAT][0m
[32m[     5.270][0m [34mINFO  [0m: [39m[0m[39m[pid=3][tid=3][id=9][SYS_MMAP][0m
[32m[     5.271][0m [34mINFO  [0m: [39m[0m[39m[pid=3][tid=3][id=9][SYS_MMAP][0m
[32m[     5.272][0m [34mINFO  [0m: [39m[0m[39m[pid=3][tid=3][id=9][SYS_MMAP][0m
[32m[     5.273][0m [34mINFO  [0m: [39m[0m[39m[pid=3][tid=3][id=9][SYS_MMAP][0m
[32m[     5.274][0m [34mINFO  [0m: [39m[0m[39m[pid=3][tid=3][id=3][SYS_CLOSE][0m
[32m[     5.275][0m [34mINFO  [0m: [39m[0m[39m[pid=3][tid=3][id=257][SYS_OPENAT][0m
[32m[     5.276][0m [34mINFO  [0m: [39m[0m[39m[pid=3][tid=3][id=0][SYS_READ][0m
[32m[     5.277][0m [34mINFO  [0m: [39m[0m[39m[pid=3][tid=3][id=5][SYS_FSTAT][0m
[32m[     5.278][0m [34mINFO  [0m: [39m[0m[39m[pid=3][tid=3][id=9][SYS_MMAP][0m
[32m[     5.279][0m [34mINFO  [0m: [39m[0m[39m[pid=3][tid=3][id=9][SYS_MMAP][0m
[32m[     5.280][0m [34mINFO  [0m: [39m[0m[39m[pid=3][tid=3][id=9][SYS_MMAP][0m
[32m[     5.281][0m [34mINFO  [0m: [39m[0m[39m[pid=3][tid=3][id=9][SYS_MMAP][0m
[32m[     5.282][0m [34mINFO  [0m: [39m[0m[39m[pid=3][tid=3][id=9][SYS_MMAP][0m
[32m[     5.283][0m [34mINFO  [0m: [39m[0m[39m[pid=3][tid=3][id=3][SYS_CLOSE][0m
[32m[     5.284][0m [34mINFO  [0m: [39m[0m[39m[pid=3][tid=3][id=257][SYS_OPENAT][0m
[32m[     5.285][0m [34mINFO  [0m: [39m[0m[39m[pid=3][tid=3][id=0][SYS_READ][0m
[32m[     5.286][0m [34mINFO  [0m: [39m[0m[39m[pid=3][tid=3][id=17][SYS_PREAD64][0m
[32m[     5.287][0m [34mINFO  [0m: [39m[0m[39m[pid=3][tid=3][id=5][SYS_FSTAT][0m
[32m[     5.288][0m [34mINFO  [0m: [39m[0m[39m[pid=3][tid=3][id=17][SYS_PREAD64][0m
[32m[     5.289][0m [34mINFO  [0m: [39m[0m[39m[pid=3][tid=3][id=9][SYS_MMAP][0m
[32m[     5.290][0m [34mINFO  [0m: [39m[0m[39m[pid=3][tid=3][id=9][SYS_MMAP][0m
[32m[     5.291][0m [34mINFO  [0m: [39m[0m[39m[pid=3][tid=3][id=9][SYS_MMAP][0m
[32m[     5.292][0m [34mINFO  [0m: [39m[0m[39m[pid=3][tid=3][id=9][SYS_MMAP][0m
[32m[     5.293][0m [34mINFO  [0m: [39m[0m[39m[pid=3][tid=3][id=9][SYS_MMAP][0m
[32m[     5.294][0m [34mINFO  [0m: [39m[0m[39m[pid=3][tid=3][id=3][SYS_CLOSE][0m
[32m[     5.295][0m [34mINFO  [0m: [39m[0m[39m[pid=3][tid=3][id=9][SYS_MMAP][0m
[32m[     5.296][0m [34mINFO  [0m: [39m[0m[39m[pid=3][tid=3][id=158][SYS_ARCH_PRCTL][0m
[32m[     5.297][0m [34mINFO  [0m: [39m[0m[39m[pid=3][tid=3][id=218][SYS_SET_TID_ADDRESS][0m
[32m[     5.298][0m [34mINFO  [0m: [39m[0m[39m[pid=3][tid=3][id=273][SYS_SET_ROBUST_LIST][0m
[32m[     5.299][0m [93mWARN  [0m: [39m[0m[39mUnimplemented syscall number: 334[0m
[32m[     5.300][0m [34mINFO  [0m: [39m[0m[39m[pid=3][tid=3][id=10][SYS_MPROTECT][0m
[32m[     5.301][0m [34mINFO  [0m: [39m[0m[39m[pid=3][tid=3][id=10][SYS_MPROTECT][0m
[32m[     5.302][0m [34mINFO  [0m: [39m[0m[39m[pid=3][tid=3][id=10][SYS_MPROTECT][0m
[32m[     5.303][0m [34mINFO  [0m: [39m[0m[39m[pid=3][tid=3][id=10][SYS_MPROTECT][0m
[32m[     5.305][0m [34mINFO  [0m: [39m[0m[39m[pid=3][tid=3][id=10][SYS_MPROTECT][0m
[32m[     5.306][0m [34mINFO  [0m: [39m[0m[39m[pid=3][tid=3][id=302][SYS_PRLIMIT64][0m
[32m[     5.307][0m [34mINFO  [0m: [39m[0m[39m[pid=3][tid=3][id=318][SYS_GETRANDOM][0m
[32m[     5.308][0m [34mINFO  [0m: [39m[0m[39m[pid=3][tid=3][id=102][SYS_GETUID][0m
[32m[     5.309][0m [34mINFO  [0m: [39m[0m[39m[pid=3][tid=3][id=12][SYS_BRK][0m
[32m[     5.310][0m [34mINFO  [0m: [39m[0m[39m[pid=3][tid=3][id=12][SYS_BRK][0m
[32m[     5.311][0m [34mINFO  [0m: [39m[0m[39m[pid=3][tid=3][id=102][SYS_GETUID][0m
[32m[     5.312][0m [34mINFO  [0m: [39m[0m[39m[pid=3][tid=3][id=107][SYS_GETEUID][0m
[32m[     5.313][0m [34mINFO  [0m: [39m[0m[39m[pid=3][tid=3][id=262][SYS_FSTATAT][0m
[32m[     5.314][0m [34mINFO  [0m: [39m[0m[39m[pid=3][tid=3][id=165][SYS_MOUNT][0m
[32m[     5.315][0m [34mINFO  [0m: [39m[0m[39m[pid=3][tid=3][id=231][SYS_EXIT_GROUP][0m
[32m[     5.317][0m [34mINFO  [0m: [39m[0m[39m[pid=1][tid=1][id=15][SYS_RT_SIGRETURN][0m
[32m[     5.318][0m [34mINFO  [0m: [39m[0m[39m[pid=1][tid=1][id=61][SYS_WAIT4][0m
[32m[     5.319][0m [34mINFO  [0m: [39m[0m[39m[pid=1][tid=1][id=56][SYS_CLONE][0m
[32m[     5.323][0m [34mINFO  [0m: [39m[0m[39m[pid=1][tid=1][id=61][SYS_WAIT4][0m
[32m[     5.324][0m [34mINFO  [0m: [39m[0m[39m[pid=4][tid=4][id=273][SYS_SET_ROBUST_LIST][0m
[32m[     5.325][0m [34mINFO  [0m: [39m[0m[39m[pid=4][tid=4][id=3][SYS_CLOSE][0m
[32m[     5.326][0m [34mINFO  [0m: [39m[0m[39m[pid=4][tid=4][id=13][SYS_RT_SIGACTION][0m
[32m[     5.327][0m [34mINFO  [0m: [39m[0m[39m[pid=4][tid=4][id=59][SYS_EXECVE][0m
[32m[     5.330][0m [34mINFO  [0m: [39m[0m[39m[pid=4][tid=4][id=12][SYS_BRK][0m
[32m[     5.331][0m [34mINFO  [0m: [39m[0m[39m[pid=4][tid=4][id=9][SYS_MMAP][0m
[32m[     5.332][0m [34mINFO  [0m: [39m[0m[39m[pid=4][tid=4][id=21][SYS_ACCESS][0m
[32m[     5.333][0m [34mINFO  [0m: [39m[0m[39m[pid=4][tid=4][id=257][SYS_OPENAT][0m
[32m[     5.334][0m [34mINFO  [0m: [39m[0m[39m[pid=4][tid=4][id=262][SYS_FSTATAT][0m
[32m[     5.335][0m [34mINFO  [0m: [39m[0m[39m[pid=4][tid=4][id=257][SYS_OPENAT][0m
[32m[     5.336][0m [34mINFO  [0m: [39m[0m[39m[pid=4][tid=4][id=262][SYS_FSTATAT][0m
[32m[     5.337][0m [34mINFO  [0m: [39m[0m[39m[pid=4][tid=4][id=257][SYS_OPENAT][0m
[32m[     5.338][0m [34mINFO  [0m: [39m[0m[39m[pid=4][tid=4][id=0][SYS_READ][0m
[32m[     5.339][0m [34mINFO  [0m: [39m[0m[39m[pid=4][tid=4][id=5][SYS_FSTAT][0m
[32m[     5.340][0m [34mINFO  [0m: [39m[0m[39m[pid=4][tid=4][id=9][SYS_MMAP][0m
[32m[     5.341][0m [34mINFO  [0m: [39m[0m[39m[pid=4][tid=4][id=9][SYS_MMAP][0m
[32m[     5.342][0m [34mINFO  [0m: [39m[0m[39m[pid=4][tid=4][id=9][SYS_MMAP][0m
[32m[     5.343][0m [34mINFO  [0m: [39m[0m[39m[pid=4][tid=4][id=9][SYS_MMAP][0m
[32m[     5.344][0m [34mINFO  [0m: [39m[0m[39m[pid=4][tid=4][id=3][SYS_CLOSE][0m
[32m[     5.345][0m [34mINFO  [0m: [39m[0m[39m[pid=4][tid=4][id=257][SYS_OPENAT][0m
[32m[     5.346][0m [34mINFO  [0m: [39m[0m[39m[pid=4][tid=4][id=0][SYS_READ][0m
[32m[     5.347][0m [34mINFO  [0m: [39m[0m[39m[pid=4][tid=4][id=5][SYS_FSTAT][0m
[32m[     5.348][0m [34mINFO  [0m: [39m[0m[39m[pid=4][tid=4][id=9][SYS_MMAP][0m
[32m[     5.349][0m [34mINFO  [0m: [39m[0m[39m[pid=4][tid=4][id=9][SYS_MMAP][0m
[32m[     5.350][0m [34mINFO  [0m: [39m[0m[39m[pid=4][tid=4][id=9][SYS_MMAP][0m
[32m[     5.351][0m [34mINFO  [0m: [39m[0m[39m[pid=4][tid=4][id=9][SYS_MMAP][0m
[32m[     5.352][0m [34mINFO  [0m: [39m[0m[39m[pid=4][tid=4][id=9][SYS_MMAP][0m
[32m[     5.353][0m [34mINFO  [0m: [39m[0m[39m[pid=4][tid=4][id=3][SYS_CLOSE][0m
[32m[     5.354][0m [34mINFO  [0m: [39m[0m[39m[pid=4][tid=4][id=257][SYS_OPENAT][0m
[32m[     5.355][0m [34mINFO  [0m: [39m[0m[39m[pid=4][tid=4][id=0][SYS_READ][0m
[32m[     5.356][0m [34mINFO  [0m: [39m[0m[39m[pid=4][tid=4][id=17][SYS_PREAD64][0m
[32m[     5.357][0m [34mINFO  [0m: [39m[0m[39m[pid=4][tid=4][id=5][SYS_FSTAT][0m
[32m[     5.358][0m [34mINFO  [0m: [39m[0m[39m[pid=4][tid=4][id=17][SYS_PREAD64][0m
[32m[     5.359][0m [34mINFO  [0m: [39m[0m[39m[pid=4][tid=4][id=9][SYS_MMAP][0m
[32m[     5.360][0m [34mINFO  [0m: [39m[0m[39m[pid=4][tid=4][id=9][SYS_MMAP][0m
[32m[     5.361][0m [34mINFO  [0m: [39m[0m[39m[pid=4][tid=4][id=9][SYS_MMAP][0m
[32m[     5.362][0m [34mINFO  [0m: [39m[0m[39m[pid=4][tid=4][id=9][SYS_MMAP][0m
[32m[     5.363][0m [34mINFO  [0m: [39m[0m[39m[pid=4][tid=4][id=9][SYS_MMAP][0m
[32m[     5.364][0m [34mINFO  [0m: [39m[0m[39m[pid=4][tid=4][id=3][SYS_CLOSE][0m
[32m[     5.365][0m [34mINFO  [0m: [39m[0m[39m[pid=4][tid=4][id=9][SYS_MMAP][0m
[32m[     5.366][0m [34mINFO  [0m: [39m[0m[39m[pid=4][tid=4][id=158][SYS_ARCH_PRCTL][0m
[32m[     5.367][0m [34mINFO  [0m: [39m[0m[39m[pid=4][tid=4][id=218][SYS_SET_TID_ADDRESS][0m
[32m[     5.368][0m [34mINFO  [0m: [39m[0m[39m[pid=4][tid=4][id=273][SYS_SET_ROBUST_LIST][0m
[32m[     5.369][0m [93mWARN  [0m: [39m[0m[39mUnimplemented syscall number: 334[0m
[32m[     5.370][0m [34mINFO  [0m: [39m[0m[39m[pid=4][tid=4][id=10][SYS_MPROTECT][0m
[32m[     5.371][0m [34mINFO  [0m: [39m[0m[39m[pid=4][tid=4][id=10][SYS_MPROTECT][0m
[32m[     5.372][0m [34mINFO  [0m: [39m[0m[39m[pid=4][tid=4][id=10][SYS_MPROTECT][0m
[32m[     5.373][0m [34mINFO  [0m: [39m[0m[39m[pid=4][tid=4][id=10][SYS_MPROTECT][0m
[32m[     5.374][0m [34mINFO  [0m: [39m[0m[39m[pid=4][tid=4][id=10][SYS_MPROTECT][0m
[32m[     5.375][0m [34mINFO  [0m: [39m[0m[39m[pid=4][tid=4][id=302][SYS_PRLIMIT64][0m
[32m[     5.376][0m [34mINFO  [0m: [39m[0m[39m[pid=4][tid=4][id=318][SYS_GETRANDOM][0m
[32m[     5.377][0m [34mINFO  [0m: [39m[0m[39m[pid=4][tid=4][id=102][SYS_GETUID][0m
[32m[     5.378][0m [34mINFO  [0m: [39m[0m[39m[pid=4][tid=4][id=12][SYS_BRK][0m
[32m[     5.379][0m [34mINFO  [0m: [39m[0m[39m[pid=4][tid=4][id=12][SYS_BRK][0m
[32m[     5.380][0m [34mINFO  [0m: [39m[0m[39m[pid=4][tid=4][id=102][SYS_GETUID][0m
[32m[     5.381][0m [34mINFO  [0m: [39m[0m[39m[pid=4][tid=4][id=107][SYS_GETEUID][0m
[32m[     5.382][0m [34mINFO  [0m: [39m[0m[39m[pid=4][tid=4][id=262][SYS_FSTATAT][0m
[32m[     5.383][0m [34mINFO  [0m: [39m[0m[39m[pid=4][tid=4][id=165][SYS_MOUNT][0m
[32m[     5.384][0m [34mINFO  [0m: [39m[0m[39m[pid=4][tid=4][id=231][SYS_EXIT_GROUP][0m
[32m[     5.386][0m [34mINFO  [0m: [39m[0m[39m[pid=1][tid=1][id=15][SYS_RT_SIGRETURN][0m
[32m[     5.387][0m [34mINFO  [0m: [39m[0m[39m[pid=1][tid=1][id=61][SYS_WAIT4][0m
[32m[     5.388][0m [34mINFO  [0m: [39m[0m[39m[pid=1][tid=1][id=56][SYS_CLONE][0m
[32m[     5.392][0m [34mINFO  [0m: [39m[0m[39m[pid=1][tid=1][id=61][SYS_WAIT4][0m
[32m[     5.394][0m [34mINFO  [0m: [39m[0m[39m[pid=5][tid=5][id=273][SYS_SET_ROBUST_LIST][0m
[32m[     5.395][0m [34mINFO  [0m: [39m[0m[39m[pid=5][tid=5][id=3][SYS_CLOSE][0m
[32m[     5.396][0m [34mINFO  [0m: [39m[0m[39m[pid=5][tid=5][id=13][SYS_RT_SIGACTION][0m
[32m[     5.397][0m [34mINFO  [0m: [39m[0m[39m[pid=5][tid=5][id=59][SYS_EXECVE][0m
[32m[     5.400][0m [34mINFO  [0m: [39m[0m[39m[pid=5][tid=5][id=12][SYS_BRK][0m
[32m[     5.401][0m [34mINFO  [0m: [39m[0m[39m[pid=5][tid=5][id=9][SYS_MMAP][0m
[32m[     5.402][0m [34mINFO  [0m: [39m[0m[39m[pid=5][tid=5][id=21][SYS_ACCESS][0m
[32m[     5.403][0m [34mINFO  [0m: [39m[0m[39m[pid=5][tid=5][id=257][SYS_OPENAT][0m
[32m[     5.404][0m [34mINFO  [0m: [39m[0m[39m[pid=5][tid=5][id=262][SYS_FSTATAT][0m
[32m[     5.405][0m [34mINFO  [0m: [39m[0m[39m[pid=5][tid=5][id=257][SYS_OPENAT][0m
[32m[     5.406][0m [34mINFO  [0m: [39m[0m[39m[pid=5][tid=5][id=262][SYS_FSTATAT][0m
[32m[     5.407][0m [34mINFO  [0m: [39m[0m[39m[pid=5][tid=5][id=257][SYS_OPENAT][0m
[32m[     5.408][0m [34mINFO  [0m: [39m[0m[39m[pid=5][tid=5][id=0][SYS_READ][0m
[32m[     5.409][0m [34mINFO  [0m: [39m[0m[39m[pid=5][tid=5][id=5][SYS_FSTAT][0m
[32m[     5.410][0m [34mINFO  [0m: [39m[0m[39m[pid=5][tid=5][id=9][SYS_MMAP][0m
[32m[     5.411][0m [34mINFO  [0m: [39m[0m[39m[pid=5][tid=5][id=9][SYS_MMAP][0m
[32m[     5.412][0m [34mINFO  [0m: [39m[0m[39m[pid=5][tid=5][id=9][SYS_MMAP][0m
[32m[     5.413][0m [34mINFO  [0m: [39m[0m[39m[pid=5][tid=5][id=9][SYS_MMAP][0m
[32m[     5.414][0m [34mINFO  [0m: [39m[0m[39m[pid=5][tid=5][id=3][SYS_CLOSE][0m
[32m[     5.415][0m [34mINFO  [0m: [39m[0m[39m[pid=5][tid=5][id=257][SYS_OPENAT][0m
[32m[     5.416][0m [34mINFO  [0m: [39m[0m[39m[pid=5][tid=5][id=0][SYS_READ][0m
[32m[     5.417][0m [34mINFO  [0m: [39m[0m[39m[pid=5][tid=5][id=5][SYS_FSTAT][0m
[32m[     5.418][0m [34mINFO  [0m: [39m[0m[39m[pid=5][tid=5][id=9][SYS_MMAP][0m
[32m[     5.419][0m [34mINFO  [0m: [39m[0m[39m[pid=5][tid=5][id=9][SYS_MMAP][0m
[32m[     5.420][0m [34mINFO  [0m: [39m[0m[39m[pid=5][tid=5][id=9][SYS_MMAP][0m
[32m[     5.421][0m [34mINFO  [0m: [39m[0m[39m[pid=5][tid=5][id=9][SYS_MMAP][0m
[32m[     5.422][0m [34mINFO  [0m: [39m[0m[39m[pid=5][tid=5][id=9][SYS_MMAP][0m
[32m[     5.423][0m [34mINFO  [0m: [39m[0m[39m[pid=5][tid=5][id=3][SYS_CLOSE][0m
[32m[     5.424][0m [34mINFO  [0m: [39m[0m[39m[pid=5][tid=5][id=257][SYS_OPENAT][0m
[32m[     5.425][0m [34mINFO  [0m: [39m[0m[39m[pid=5][tid=5][id=0][SYS_READ][0m
[32m[     5.426][0m [34mINFO  [0m: [39m[0m[39m[pid=5][tid=5][id=17][SYS_PREAD64][0m
[32m[     5.427][0m [34mINFO  [0m: [39m[0m[39m[pid=5][tid=5][id=5][SYS_FSTAT][0m
[32m[     5.428][0m [34mINFO  [0m: [39m[0m[39m[pid=5][tid=5][id=17][SYS_PREAD64][0m
[32m[     5.429][0m [34mINFO  [0m: [39m[0m[39m[pid=5][tid=5][id=9][SYS_MMAP][0m
[32m[     5.430][0m [34mINFO  [0m: [39m[0m[39m[pid=5][tid=5][id=9][SYS_MMAP][0m
[32m[     5.431][0m [34mINFO  [0m: [39m[0m[39m[pid=5][tid=5][id=9][SYS_MMAP][0m
[32m[     5.432][0m [34mINFO  [0m: [39m[0m[39m[pid=5][tid=5][id=9][SYS_MMAP][0m
[32m[     5.433][0m [34mINFO  [0m: [39m[0m[39m[pid=5][tid=5][id=9][SYS_MMAP][0m
[32m[     5.434][0m [34mINFO  [0m: [39m[0m[39m[pid=5][tid=5][id=3][SYS_CLOSE][0m
[32m[     5.435][0m [34mINFO  [0m: [39m[0m[39m[pid=5][tid=5][id=9][SYS_MMAP][0m
[32m[     5.436][0m [34mINFO  [0m: [39m[0m[39m[pid=5][tid=5][id=158][SYS_ARCH_PRCTL][0m
[32m[     5.437][0m [34mINFO  [0m: [39m[0m[39m[pid=5][tid=5][id=218][SYS_SET_TID_ADDRESS][0m
[32m[     5.438][0m [34mINFO  [0m: [39m[0m[39m[pid=5][tid=5][id=273][SYS_SET_ROBUST_LIST][0m
[32m[     5.439][0m [93mWARN  [0m: [39m[0m[39mUnimplemented syscall number: 334[0m
[32m[     5.440][0m [34mINFO  [0m: [39m[0m[39m[pid=5][tid=5][id=10][SYS_MPROTECT][0m
[32m[     5.441][0m [34mINFO  [0m: [39m[0m[39m[pid=5][tid=5][id=10][SYS_MPROTECT][0m
[32m[     5.442][0m [34mINFO  [0m: [39m[0m[39m[pid=5][tid=5][id=10][SYS_MPROTECT][0m
[32m[     5.443][0m [34mINFO  [0m: [39m[0m[39m[pid=5][tid=5][id=10][SYS_MPROTECT][0m
[32m[     5.444][0m [34mINFO  [0m: [39m[0m[39m[pid=5][tid=5][id=10][SYS_MPROTECT][0m
[32m[     5.445][0m [34mINFO  [0m: [39m[0m[39m[pid=5][tid=5][id=302][SYS_PRLIMIT64][0m
[32m[     5.446][0m [34mINFO  [0m: [39m[0m[39m[pid=5][tid=5][id=318][SYS_GETRANDOM][0m
[32m[     5.447][0m [34mINFO  [0m: [39m[0m[39m[pid=5][tid=5][id=102][SYS_GETUID][0m
[32m[     5.448][0m [34mINFO  [0m: [39m[0m[39m[pid=5][tid=5][id=12][SYS_BRK][0m
[32m[     5.449][0m [34mINFO  [0m: [39m[0m[39m[pid=5][tid=5][id=12][SYS_BRK][0m
[32m[     5.450][0m [34mINFO  [0m: [39m[0m[39m[pid=5][tid=5][id=102][SYS_GETUID][0m
[32m[     5.451][0m [34mINFO  [0m: [39m[0m[39m[pid=5][tid=5][id=107][SYS_GETEUID][0m
[32m[     5.452][0m [34mINFO  [0m: [39m[0m[39m[pid=5][tid=5][id=262][SYS_FSTATAT][0m
[32m[     5.453][0m [34mINFO  [0m: [39m[0m[39m[pid=5][tid=5][id=165][SYS_MOUNT][0m
[32m[     5.454][0m [34mINFO  [0m: [39m[0m[39m[pid=5][tid=5][id=231][SYS_EXIT_GROUP][0m
[32m[     5.456][0m [34mINFO  [0m: [39m[0m[39m[pid=1][tid=1][id=15][SYS_RT_SIGRETURN][0m
[32m[     5.457][0m [34mINFO  [0m: [39m[0m[39m[pid=1][tid=1][id=61][SYS_WAIT4][0m
[32m[     5.458][0m [34mINFO  [0m: [39m[0m[39m[pid=1][tid=1][id=56][SYS_CLONE][0m
[32m[     5.462][0m [34mINFO  [0m: [39m[0m[39m[pid=1][tid=1][id=61][SYS_WAIT4][0m
[32m[     5.463][0m [34mINFO  [0m: [39m[0m[39m[pid=6][tid=6][id=273][SYS_SET_ROBUST_LIST][0m
[32m[     5.464][0m [34mINFO  [0m: [39m[0m[39m[pid=6][tid=6][id=3][SYS_CLOSE][0m
[32m[     5.465][0m [34mINFO  [0m: [39m[0m[39m[pid=6][tid=6][id=13][SYS_RT_SIGACTION][0m
[32m[     5.466][0m [34mINFO  [0m: [39m[0m[39m[pid=6][tid=6][id=59][SYS_EXECVE][0m
[32m[     5.469][0m [34mINFO  [0m: [39m[0m[39m[pid=6][tid=6][id=12][SYS_BRK][0m
[32m[     5.470][0m [34mINFO  [0m: [39m[0m[39m[pid=6][tid=6][id=9][SYS_MMAP][0m
[32m[     5.471][0m [34mINFO  [0m: [39m[0m[39m[pid=6][tid=6][id=21][SYS_ACCESS][0m
[32m[     5.472][0m [34mINFO  [0m: [39m[0m[39m[pid=6][tid=6][id=257][SYS_OPENAT][0m
[32m[     5.473][0m [34mINFO  [0m: [39m[0m[39m[pid=6][tid=6][id=262][SYS_FSTATAT][0m
[32m[     5.474][0m [34mINFO  [0m: [39m[0m[39m[pid=6][tid=6][id=257][SYS_OPENAT][0m
[32m[     5.475][0m [34mINFO  [0m: [39m[0m[39m[pid=6][tid=6][id=262][SYS_FSTATAT][0m
[32m[     5.476][0m [34mINFO  [0m: [39m[0m[39m[pid=6][tid=6][id=257][SYS_OPENAT][0m
[32m[     5.477][0m [34mINFO  [0m: [39m[0m[39m[pid=6][tid=6][id=0][SYS_READ][0m
[32m[     5.478][0m [34mINFO  [0m: [39m[0m[39m[pid=6][tid=6][id=5][SYS_FSTAT][0m
[32m[     5.479][0m [34mINFO  [0m: [39m[0m[39m[pid=6][tid=6][id=9][SYS_MMAP][0m
[32m[     5.480][0m [34mINFO  [0m: [39m[0m[39m[pid=6][tid=6][id=9][SYS_MMAP][0m
[32m[     5.481][0m [34mINFO  [0m: [39m[0m[39m[pid=6][tid=6][id=9][SYS_MMAP][0m
[32m[     5.482][0m [34mINFO  [0m: [39m[0m[39m[pid=6][tid=6][id=9][SYS_MMAP][0m
[32m[     5.483][0m [34mINFO  [0m: [39m[0m[39m[pid=6][tid=6][id=3][SYS_CLOSE][0m
[32m[     5.484][0m [34mINFO  [0m: [39m[0m[39m[pid=6][tid=6][id=257][SYS_OPENAT][0m
[32m[     5.485][0m [34mINFO  [0m: [39m[0m[39m[pid=6][tid=6][id=0][SYS_READ][0m
[32m[     5.486][0m [34mINFO  [0m: [39m[0m[39m[pid=6][tid=6][id=5][SYS_FSTAT][0m
[32m[     5.487][0m [34mINFO  [0m: [39m[0m[39m[pid=6][tid=6][id=9][SYS_MMAP][0m
[32m[     5.488][0m [34mINFO  [0m: [39m[0m[39m[pid=6][tid=6][id=9][SYS_MMAP][0m
[32m[     5.489][0m [34mINFO  [0m: [39m[0m[39m[pid=6][tid=6][id=9][SYS_MMAP][0m
[32m[     5.490][0m [34mINFO  [0m: [39m[0m[39m[pid=6][tid=6][id=9][SYS_MMAP][0m
[32m[     5.491][0m [34mINFO  [0m: [39m[0m[39m[pid=6][tid=6][id=9][SYS_MMAP][0m
[32m[     5.492][0m [34mINFO  [0m: [39m[0m[39m[pid=6][tid=6][id=3][SYS_CLOSE][0m
[32m[     5.493][0m [34mINFO  [0m: [39m[0m[39m[pid=6][tid=6][id=257][SYS_OPENAT][0m
[32m[     5.494][0m [34mINFO  [0m: [39m[0m[39m[pid=6][tid=6][id=0][SYS_READ][0m
[32m[     5.495][0m [34mINFO  [0m: [39m[0m[39m[pid=6][tid=6][id=17][SYS_PREAD64][0m
[32m[     5.496][0m [34mINFO  [0m: [39m[0m[39m[pid=6][tid=6][id=5][SYS_FSTAT][0m
[32m[     5.497][0m [34mINFO  [0m: [39m[0m[39m[pid=6][tid=6][id=17][SYS_PREAD64][0m
[32m[     5.498][0m [34mINFO  [0m: [39m[0m[39m[pid=6][tid=6][id=9][SYS_MMAP][0m
[32m[     5.499][0m [34mINFO  [0m: [39m[0m[39m[pid=6][tid=6][id=9][SYS_MMAP][0m
[32m[     5.500][0m [34mINFO  [0m: [39m[0m[39m[pid=6][tid=6][id=9][SYS_MMAP][0m
[32m[     5.501][0m [34mINFO  [0m: [39m[0m[39m[pid=6][tid=6][id=9][SYS_MMAP][0m
[32m[     5.502][0m [34mINFO  [0m: [39m[0m[39m[pid=6][tid=6][id=9][SYS_MMAP][0m
[32m[     5.503][0m [34mINFO  [0m: [39m[0m[39m[pid=6][tid=6][id=3][SYS_CLOSE][0m
[32m[     5.504][0m [34mINFO  [0m: [39m[0m[39m[pid=6][tid=6][id=9][SYS_MMAP][0m
[32m[     5.505][0m [34mINFO  [0m: [39m[0m[39m[pid=6][tid=6][id=158][SYS_ARCH_PRCTL][0m
[32m[     5.506][0m [34mINFO  [0m: [39m[0m[39m[pid=6][tid=6][id=218][SYS_SET_TID_ADDRESS][0m
[32m[     5.507][0m [34mINFO  [0m: [39m[0m[39m[pid=6][tid=6][id=273][SYS_SET_ROBUST_LIST][0m
[32m[     5.508][0m [93mWARN  [0m: [39m[0m[39mUnimplemented syscall number: 334[0m
[32m[     5.509][0m [34mINFO  [0m: [39m[0m[39m[pid=6][tid=6][id=10][SYS_MPROTECT][0m
[32m[     5.510][0m [34mINFO  [0m: [39m[0m[39m[pid=6][tid=6][id=10][SYS_MPROTECT][0m
[32m[     5.511][0m [34mINFO  [0m: [39m[0m[39m[pid=6][tid=6][id=10][SYS_MPROTECT][0m
[32m[     5.512][0m [34mINFO  [0m: [39m[0m[39m[pid=6][tid=6][id=10][SYS_MPROTECT][0m
[32m[     5.513][0m [34mINFO  [0m: [39m[0m[39m[pid=6][tid=6][id=10][SYS_MPROTECT][0m
[32m[     5.514][0m [34mINFO  [0m: [39m[0m[39m[pid=6][tid=6][id=302][SYS_PRLIMIT64][0m
[32m[     5.515][0m [34mINFO  [0m: [39m[0m[39m[pid=6][tid=6][id=318][SYS_GETRANDOM][0m
[32m[     5.516][0m [34mINFO  [0m: [39m[0m[39m[pid=6][tid=6][id=102][SYS_GETUID][0m
[32m[     5.517][0m [34mINFO  [0m: [39m[0m[39m[pid=6][tid=6][id=12][SYS_BRK][0m
[32m[     5.518][0m [34mINFO  [0m: [39m[0m[39m[pid=6][tid=6][id=12][SYS_BRK][0m
[32m[     5.519][0m [34mINFO  [0m: [39m[0m[39m[pid=6][tid=6][id=102][SYS_GETUID][0m
[32m[     5.520][0m [34mINFO  [0m: [39m[0m[39m[pid=6][tid=6][id=107][SYS_GETEUID][0m
[32m[     5.521][0m [34mINFO  [0m: [39m[0m[39m[pid=6][tid=6][id=262][SYS_FSTATAT][0m
[32m[     5.522][0m [34mINFO  [0m: [39m[0m[39m[pid=6][tid=6][id=165][SYS_MOUNT][0m
[32m[     5.523][0m [34mINFO  [0m: [39m[0m[39m[pid=6][tid=6][id=58][SYS_VFORK][0m
[32m[     5.524][0m [34mINFO  [0m: [39m[0m[39m[pid=7][tid=7][id=59][SYS_EXECVE][0m
[32m[     5.525][0m [34mINFO  [0m: [39m[0m[39m[pid=7][tid=7][id=59][SYS_EXECVE][0m
[32m[     5.526][0m [34mINFO  [0m: [39m[0m[39m[pid=7][tid=7][id=231][SYS_EXIT_GROUP][0m
[32m[     5.527][0m [34mINFO  [0m: [39m[0m[39m[pid=6][tid=6][id=61][SYS_WAIT4][0m
[32m[     5.528][0m [34mINFO  [0m: [39m[0m[39m[pid=6][tid=6][id=1][SYS_WRITE][0m
mount: mounting /dev/vda on /ext2 failed: No such file or directory
[32m[     5.530][0m [34mINFO  [0m: [39m[0m[39m[pid=6][tid=6][id=231][SYS_EXIT_GROUP][0m
[32m[     5.532][0m [34mINFO  [0m: [39m[0m[39m[pid=1][tid=1][id=15][SYS_RT_SIGRETURN][0m
[32m[     5.533][0m [34mINFO  [0m: [39m[0m[39m[pid=1][tid=1][id=61][SYS_WAIT4][0m
[32m[     5.534][0m [34mINFO  [0m: [39m[0m[39m[pid=1][tid=1][id=56][SYS_CLONE][0m
[32m[     5.538][0m [34mINFO  [0m: [39m[0m[39m[pid=1][tid=1][id=61][SYS_WAIT4][0m
[32m[     5.539][0m [34mINFO  [0m: [39m[0m[39m[pid=8][tid=8][id=273][SYS_SET_ROBUST_LIST][0m
[32m[     5.540][0m [34mINFO  [0m: [39m[0m[39m[pid=8][tid=8][id=3][SYS_CLOSE][0m
[32m[     5.541][0m [34mINFO  [0m: [39m[0m[39m[pid=8][tid=8][id=13][SYS_RT_SIGACTION][0m
[32m[     5.542][0m [34mINFO  [0m: [39m[0m[39m[pid=8][tid=8][id=59][SYS_EXECVE][0m
[32m[     5.545][0m [34mINFO  [0m: [39m[0m[39m[pid=8][tid=8][id=12][SYS_BRK][0m
[32m[     5.546][0m [34mINFO  [0m: [39m[0m[39m[pid=8][tid=8][id=9][SYS_MMAP][0m
[32m[     5.547][0m [34mINFO  [0m: [39m[0m[39m[pid=8][tid=8][id=21][SYS_ACCESS][0m
[32m[     5.548][0m [34mINFO  [0m: [39m[0m[39m[pid=8][tid=8][id=257][SYS_OPENAT][0m
[32m[     5.549][0m [34mINFO  [0m: [39m[0m[39m[pid=8][tid=8][id=262][SYS_FSTATAT][0m
[32m[     5.550][0m [34mINFO  [0m: [39m[0m[39m[pid=8][tid=8][id=257][SYS_OPENAT][0m
[32m[     5.551][0m [34mINFO  [0m: [39m[0m[39m[pid=8][tid=8][id=262][SYS_FSTATAT][0m
[32m[     5.552][0m [34mINFO  [0m: [39m[0m[39m[pid=8][tid=8][id=257][SYS_OPENAT][0m
[32m[     5.553][0m [34mINFO  [0m: [39m[0m[39m[pid=8][tid=8][id=0][SYS_READ][0m
[32m[     5.554][0m [34mINFO  [0m: [39m[0m[39m[pid=8][tid=8][id=5][SYS_FSTAT][0m
[32m[     5.555][0m [34mINFO  [0m: [39m[0m[39m[pid=8][tid=8][id=9][SYS_MMAP][0m
[32m[     5.556][0m [34mINFO  [0m: [39m[0m[39m[pid=8][tid=8][id=9][SYS_MMAP][0m
[32m[     5.557][0m [34mINFO  [0m: [39m[0m[39m[pid=8][tid=8][id=9][SYS_MMAP][0m
[32m[     5.558][0m [34mINFO  [0m: [39m[0m[39m[pid=8][tid=8][id=9][SYS_MMAP][0m
[32m[     5.559][0m [34mINFO  [0m: [39m[0m[39m[pid=8][tid=8][id=3][SYS_CLOSE][0m
[32m[     5.560][0m [34mINFO  [0m: [39m[0m[39m[pid=8][tid=8][id=257][SYS_OPENAT][0m
[32m[     5.561][0m [34mINFO  [0m: [39m[0m[39m[pid=8][tid=8][id=0][SYS_READ][0m
[32m[     5.562][0m [34mINFO  [0m: [39m[0m[39m[pid=8][tid=8][id=5][SYS_FSTAT][0m
[32m[     5.563][0m [34mINFO  [0m: [39m[0m[39m[pid=8][tid=8][id=9][SYS_MMAP][0m
[32m[     5.564][0m [34mINFO  [0m: [39m[0m[39m[pid=8][tid=8][id=9][SYS_MMAP][0m
[32m[     5.565][0m [34mINFO  [0m: [39m[0m[39m[pid=8][tid=8][id=9][SYS_MMAP][0m
[32m[     5.566][0m [34mINFO  [0m: [39m[0m[39m[pid=8][tid=8][id=9][SYS_MMAP][0m
[32m[     5.567][0m [34mINFO  [0m: [39m[0m[39m[pid=8][tid=8][id=9][SYS_MMAP][0m
[32m[     5.568][0m [34mINFO  [0m: [39m[0m[39m[pid=8][tid=8][id=3][SYS_CLOSE][0m
[32m[     5.569][0m [34mINFO  [0m: [39m[0m[39m[pid=8][tid=8][id=257][SYS_OPENAT][0m
[32m[     5.570][0m [34mINFO  [0m: [39m[0m[39m[pid=8][tid=8][id=0][SYS_READ][0m
[32m[     5.571][0m [34mINFO  [0m: [39m[0m[39m[pid=8][tid=8][id=17][SYS_PREAD64][0m
[32m[     5.572][0m [34mINFO  [0m: [39m[0m[39m[pid=8][tid=8][id=5][SYS_FSTAT][0m
[32m[     5.573][0m [34mINFO  [0m: [39m[0m[39m[pid=8][tid=8][id=17][SYS_PREAD64][0m
[32m[     5.574][0m [34mINFO  [0m: [39m[0m[39m[pid=8][tid=8][id=9][SYS_MMAP][0m
[32m[     5.575][0m [34mINFO  [0m: [39m[0m[39m[pid=8][tid=8][id=9][SYS_MMAP][0m
[32m[     5.576][0m [34mINFO  [0m: [39m[0m[39m[pid=8][tid=8][id=9][SYS_MMAP][0m
[32m[     5.577][0m [34mINFO  [0m: [39m[0m[39m[pid=8][tid=8][id=9][SYS_MMAP][0m
[32m[     5.578][0m [34mINFO  [0m: [39m[0m[39m[pid=8][tid=8][id=9][SYS_MMAP][0m
[32m[     5.579][0m [34mINFO  [0m: [39m[0m[39m[pid=8][tid=8][id=3][SYS_CLOSE][0m
[32m[     5.580][0m [34mINFO  [0m: [39m[0m[39m[pid=8][tid=8][id=9][SYS_MMAP][0m
[32m[     5.581][0m [34mINFO  [0m: [39m[0m[39m[pid=8][tid=8][id=158][SYS_ARCH_PRCTL][0m
[32m[     5.582][0m [34mINFO  [0m: [39m[0m[39m[pid=8][tid=8][id=218][SYS_SET_TID_ADDRESS][0m
[32m[     5.583][0m [34mINFO  [0m: [39m[0m[39m[pid=8][tid=8][id=273][SYS_SET_ROBUST_LIST][0m
[32m[     5.584][0m [93mWARN  [0m: [39m[0m[39mUnimplemented syscall number: 334[0m
[32m[     5.585][0m [34mINFO  [0m: [39m[0m[39m[pid=8][tid=8][id=10][SYS_MPROTECT][0m
[32m[     5.586][0m [34mINFO  [0m: [39m[0m[39m[pid=8][tid=8][id=10][SYS_MPROTECT][0m
[32m[     5.587][0m [34mINFO  [0m: [39m[0m[39m[pid=8][tid=8][id=10][SYS_MPROTECT][0m
[32m[     5.588][0m [34mINFO  [0m: [39m[0m[39m[pid=8][tid=8][id=10][SYS_MPROTECT][0m
[32m[     5.589][0m [34mINFO  [0m: [39m[0m[39m[pid=8][tid=8][id=10][SYS_MPROTECT][0m
[32m[     5.590][0m [34mINFO  [0m: [39m[0m[39m[pid=8][tid=8][id=302][SYS_PRLIMIT64][0m
[32m[     5.591][0m [34mINFO  [0m: [39m[0m[39m[pid=8][tid=8][id=318][SYS_GETRANDOM][0m
[32m[     5.592][0m [34mINFO  [0m: [39m[0m[39m[pid=8][tid=8][id=102][SYS_GETUID][0m
[32m[     5.593][0m [34mINFO  [0m: [39m[0m[39m[pid=8][tid=8][id=12][SYS_BRK][0m
[32m[     5.594][0m [34mINFO  [0m: [39m[0m[39m[pid=8][tid=8][id=12][SYS_BRK][0m
[32m[     5.595][0m [34mINFO  [0m: [39m[0m[39m[pid=8][tid=8][id=102][SYS_GETUID][0m
[32m[     5.596][0m [34mINFO  [0m: [39m[0m[39m[pid=8][tid=8][id=107][SYS_GETEUID][0m
[32m[     5.597][0m [34mINFO  [0m: [39m[0m[39m[pid=8][tid=8][id=262][SYS_FSTATAT][0m
[32m[     5.598][0m [34mINFO  [0m: [39m[0m[39m[pid=8][tid=8][id=165][SYS_MOUNT][0m
[32m[     5.599][0m [34mINFO  [0m: [39m[0m[39m[pid=8][tid=8][id=58][SYS_VFORK][0m
[32m[     5.600][0m [34mINFO  [0m: [39m[0m[39m[pid=9][tid=9][id=59][SYS_EXECVE][0m
[32m[     5.601][0m [34mINFO  [0m: [39m[0m[39m[pid=9][tid=9][id=59][SYS_EXECVE][0m
[32m[     5.602][0m [34mINFO  [0m: [39m[0m[39m[pid=9][tid=9][id=231][SYS_EXIT_GROUP][0m
[32m[     5.603][0m [34mINFO  [0m: [39m[0m[39m[pid=8][tid=8][id=61][SYS_WAIT4][0m
[32m[     5.604][0m [34mINFO  [0m: [39m[0m[39m[pid=8][tid=8][id=1][SYS_WRITE][0m
mount: mounting /dev/vdb on /exfat failed: No such file or directory
[32m[     5.606][0m [34mINFO  [0m: [39m[0m[39m[pid=8][tid=8][id=231][SYS_EXIT_GROUP][0m
[32m[     5.608][0m [34mINFO  [0m: [39m[0m[39m[pid=1][tid=1][id=15][SYS_RT_SIGRETURN][0m
[32m[     5.609][0m [34mINFO  [0m: [39m[0m[39m[pid=1][tid=1][id=61][SYS_WAIT4][0m
[32m[     5.610][0m [34mINFO  [0m: [39m[0m[39m[pid=1][tid=1][id=0][SYS_READ][0m
[32m[     5.611][0m [34mINFO  [0m: [39m[0m[39m[pid=1][tid=1][id=262][SYS_FSTATAT][0m
[32m[     5.612][0m [34mINFO  [0m: [39m[0m[39m[pid=1][tid=1][id=56][SYS_CLONE][0m
[32m[     5.616][0m [34mINFO  [0m: [39m[0m[39m[pid=1][tid=1][id=61][SYS_WAIT4][0m
[32m[     5.617][0m [34mINFO  [0m: [39m[0m[39m[pid=10][tid=10][id=273][SYS_SET_ROBUST_LIST][0m
[32m[     5.618][0m [34mINFO  [0m: [39m[0m[39m[pid=10][tid=10][id=3][SYS_CLOSE][0m
[32m[     5.619][0m [34mINFO  [0m: [39m[0m[39m[pid=10][tid=10][id=13][SYS_RT_SIGACTION][0m
[32m[     5.620][0m [34mINFO  [0m: [39m[0m[39m[pid=10][tid=10][id=59][SYS_EXECVE][0m
[32m[     5.623][0m [34mINFO  [0m: [39m[0m[39m[pid=10][tid=10][id=12][SYS_BRK][0m
[32m[     5.624][0m [34mINFO  [0m: [39m[0m[39m[pid=10][tid=10][id=9][SYS_MMAP][0m
[32m[     5.625][0m [34mINFO  [0m: [39m[0m[39m[pid=10][tid=10][id=21][SYS_ACCESS][0m
[32m[     5.626][0m [34mINFO  [0m: [39m[0m[39m[pid=10][tid=10][id=257][SYS_OPENAT][0m
[32m[     5.627][0m [34mINFO  [0m: [39m[0m[39m[pid=10][tid=10][id=262][SYS_FSTATAT][0m
[32m[     5.628][0m [34mINFO  [0m: [39m[0m[39m[pid=10][tid=10][id=257][SYS_OPENAT][0m
[32m[     5.629][0m [34mINFO  [0m: [39m[0m[39m[pid=10][tid=10][id=262][SYS_FSTATAT][0m
[32m[     5.630][0m [34mINFO  [0m: [39m[0m[39m[pid=10][tid=10][id=257][SYS_OPENAT][0m
[32m[     5.631][0m [34mINFO  [0m: [39m[0m[39m[pid=10][tid=10][id=0][SYS_READ][0m
[32m[     5.632][0m [34mINFO  [0m: [39m[0m[39m[pid=10][tid=10][id=5][SYS_FSTAT][0m
[32m[     5.633][0m [34mINFO  [0m: [39m[0m[39m[pid=10][tid=10][id=9][SYS_MMAP][0m
[32m[     5.634][0m [34mINFO  [0m: [39m[0m[39m[pid=10][tid=10][id=9][SYS_MMAP][0m
[32m[     5.635][0m [34mINFO  [0m: [39m[0m[39m[pid=10][tid=10][id=9][SYS_MMAP][0m
[32m[     5.636][0m [34mINFO  [0m: [39m[0m[39m[pid=10][tid=10][id=9][SYS_MMAP][0m
[32m[     5.637][0m [34mINFO  [0m: [39m[0m[39m[pid=10][tid=10][id=3][SYS_CLOSE][0m
[32m[     5.638][0m [34mINFO  [0m: [39m[0m[39m[pid=10][tid=10][id=257][SYS_OPENAT][0m
[32m[     5.639][0m [34mINFO  [0m: [39m[0m[39m[pid=10][tid=10][id=0][SYS_READ][0m
[32m[     5.640][0m [34mINFO  [0m: [39m[0m[39m[pid=10][tid=10][id=5][SYS_FSTAT][0m
[32m[     5.641][0m [34mINFO  [0m: [39m[0m[39m[pid=10][tid=10][id=9][SYS_MMAP][0m
[32m[     5.642][0m [34mINFO  [0m: [39m[0m[39m[pid=10][tid=10][id=9][SYS_MMAP][0m
[32m[     5.643][0m [34mINFO  [0m: [39m[0m[39m[pid=10][tid=10][id=9][SYS_MMAP][0m
[32m[     5.644][0m [34mINFO  [0m: [39m[0m[39m[pid=10][tid=10][id=9][SYS_MMAP][0m
[32m[     5.645][0m [34mINFO  [0m: [39m[0m[39m[pid=10][tid=10][id=9][SYS_MMAP][0m
[32m[     5.646][0m [34mINFO  [0m: [39m[0m[39m[pid=10][tid=10][id=3][SYS_CLOSE][0m
[32m[     5.647][0m [34mINFO  [0m: [39m[0m[39m[pid=10][tid=10][id=257][SYS_OPENAT][0m
[32m[     5.648][0m [34mINFO  [0m: [39m[0m[39m[pid=10][tid=10][id=0][SYS_READ][0m
[32m[     5.649][0m [34mINFO  [0m: [39m[0m[39m[pid=10][tid=10][id=17][SYS_PREAD64][0m
[32m[     5.650][0m [34mINFO  [0m: [39m[0m[39m[pid=10][tid=10][id=5][SYS_FSTAT][0m
[32m[     5.651][0m [34mINFO  [0m: [39m[0m[39m[pid=10][tid=10][id=17][SYS_PREAD64][0m
[32m[     5.652][0m [34mINFO  [0m: [39m[0m[39m[pid=10][tid=10][id=9][SYS_MMAP][0m
[32m[     5.653][0m [34mINFO  [0m: [39m[0m[39m[pid=10][tid=10][id=9][SYS_MMAP][0m
[32m[     5.654][0m [34mINFO  [0m: [39m[0m[39m[pid=10][tid=10][id=9][SYS_MMAP][0m
[32m[     5.655][0m [34mINFO  [0m: [39m[0m[39m[pid=10][tid=10][id=9][SYS_MMAP][0m
[32m[     5.656][0m [34mINFO  [0m: [39m[0m[39m[pid=10][tid=10][id=9][SYS_MMAP][0m
[32m[     5.657][0m [34mINFO  [0m: [39m[0m[39m[pid=10][tid=10][id=3][SYS_CLOSE][0m
[32m[     5.658][0m [34mINFO  [0m: [39m[0m[39m[pid=10][tid=10][id=9][SYS_MMAP][0m
[32m[     5.659][0m [34mINFO  [0m: [39m[0m[39m[pid=10][tid=10][id=158][SYS_ARCH_PRCTL][0m
[32m[     5.660][0m [34mINFO  [0m: [39m[0m[39m[pid=10][tid=10][id=218][SYS_SET_TID_ADDRESS][0m
[32m[     5.661][0m [34mINFO  [0m: [39m[0m[39m[pid=10][tid=10][id=273][SYS_SET_ROBUST_LIST][0m
[32m[     5.662][0m [93mWARN  [0m: [39m[0m[39mUnimplemented syscall number: 334[0m
[32m[     5.663][0m [34mINFO  [0m: [39m[0m[39m[pid=10][tid=10][id=10][SYS_MPROTECT][0m
[32m[     5.664][0m [34mINFO  [0m: [39m[0m[39m[pid=10][tid=10][id=10][SYS_MPROTECT][0m
[32m[     5.665][0m [34mINFO  [0m: [39m[0m[39m[pid=10][tid=10][id=10][SYS_MPROTECT][0m
[32m[     5.666][0m [34mINFO  [0m: [39m[0m[39m[pid=10][tid=10][id=10][SYS_MPROTECT][0m
[32m[     5.667][0m [34mINFO  [0m: [39m[0m[39m[pid=10][tid=10][id=10][SYS_MPROTECT][0m
[32m[     5.668][0m [34mINFO  [0m: [39m[0m[39m[pid=10][tid=10][id=302][SYS_PRLIMIT64][0m
[32m[     5.669][0m [34mINFO  [0m: [39m[0m[39m[pid=10][tid=10][id=318][SYS_GETRANDOM][0m
[32m[     5.670][0m [34mINFO  [0m: [39m[0m[39m[pid=10][tid=10][id=102][SYS_GETUID][0m
[32m[     5.671][0m [34mINFO  [0m: [39m[0m[39m[pid=10][tid=10][id=257][SYS_OPENAT][0m
[32m[     5.672][0m [34mINFO  [0m: [39m[0m[39m[pid=10][tid=10][id=3][SYS_CLOSE][0m
[32m[     5.673][0m [34mINFO  [0m: [39m[0m[39m[pid=10][tid=10][id=257][SYS_OPENAT][0m
[32m[     5.674][0m [34mINFO  [0m: [39m[0m[39m[pid=10][tid=10][id=16][SYS_IOCTL][0m
[32m[     5.675][0m [34mINFO  [0m: [39m[0m[39m[pid=10][tid=10][id=16][SYS_IOCTL][0m
[32m[     5.676][0m [34mINFO  [0m: [39m[0m[39m[pid=10][tid=10][id=16][SYS_IOCTL][0m
[32m[     5.677][0m [34mINFO  [0m: [39m[0m[39m[pid=10][tid=10][id=16][SYS_IOCTL][0m
[32m[     5.678][0m [34mINFO  [0m: [39m[0m[39m[pid=10][tid=10][id=16][SYS_IOCTL][0m
[32m[     5.679][0m [34mINFO  [0m: [39m[0m[39m[pid=10][tid=10][id=16][SYS_IOCTL][0m
[32m[     5.680][0m [34mINFO  [0m: [39m[0m[39m[pid=10][tid=10][id=13][SYS_RT_SIGACTION][0m
[32m[     5.681][0m [34mINFO  [0m: [39m[0m[39m[pid=10][tid=10][id=58][SYS_VFORK][0m
[32m[     5.682][0m [34mINFO  [0m: [39m[0m[39m[pid=11][tid=11][id=3][SYS_CLOSE][0m
[32m[     5.683][0m [34mINFO  [0m: [39m[0m[39m[pid=11][tid=11][id=3][SYS_CLOSE][0m
[32m[     5.684][0m [34mINFO  [0m: [39m[0m[39m[pid=11][tid=11][id=257][SYS_OPENAT][0m
[32m[     5.685][0m [34mINFO  [0m: [39m[0m[39m[pid=11][tid=11][id=33][SYS_DUP2][0m
[32m[     5.686][0m [34mINFO  [0m: [39m[0m[39m[pid=11][tid=11][id=33][SYS_DUP2][0m
[32m[     5.687][0m [34mINFO  [0m: [39m[0m[39m[pid=11][tid=11][id=16][SYS_IOCTL][0m
[32m[     5.688][0m [34mINFO  [0m: [39m[0m[39m[pid=11][tid=11][id=16][SYS_IOCTL][0m
[32m[     5.689][0m [34mINFO  [0m: [39m[0m[39m[pid=11][tid=11][id=112][SYS_SETSID][0m
[32m[     5.690][0m [34mINFO  [0m: [39m[0m[39m[pid=11][tid=11][id=16][SYS_IOCTL][0m
[32m[     5.691][0m [34mINFO  [0m: [39m[0m[39m[pid=11][tid=11][id=59][SYS_EXECVE][0m
[32m[     5.693][0m [34mINFO  [0m: [39m[0m[39m[pid=11][tid=11][id=12][SYS_BRK][0m
[32m[     5.694][0m [34mINFO  [0m: [39m[0m[39m[pid=10][tid=10][id=257][SYS_OPENAT][0m
[32m[     5.695][0m [34mINFO  [0m: [39m[0m[39m[pid=11][tid=11][id=9][SYS_MMAP][0m
[32m[     5.696][0m [34mINFO  [0m: [39m[0m[39m[pid=10][tid=10][id=72][SYS_FCNTL][0m
[32m[     5.697][0m [34mINFO  [0m: [39m[0m[39m[pid=11][tid=11][id=21][SYS_ACCESS][0m
[32m[     5.698][0m [34mINFO  [0m: [39m[0m[39m[pid=10][tid=10][id=72][SYS_FCNTL][0m
[32m[     5.699][0m [34mINFO  [0m: [39m[0m[39m[pid=11][tid=11][id=257][SYS_OPENAT][0m
[32m[     5.700][0m [34mINFO  [0m: [39m[0m[39m[pid=10][tid=10][id=7][SYS_POLL][0m
[32m[     5.701][0m [34mINFO  [0m: [39m[0m[39m[pid=11][tid=11][id=262][SYS_FSTATAT][0m
[32m[     5.702][0m [34mINFO  [0m: [39m[0m[39m[pid=11][tid=11][id=257][SYS_OPENAT][0m
[32m[     5.703][0m [34mINFO  [0m: [39m[0m[39m[pid=11][tid=11][id=262][SYS_FSTATAT][0m
[32m[     5.704][0m [34mINFO  [0m: [39m[0m[39m[pid=11][tid=11][id=257][SYS_OPENAT][0m
[32m[     5.705][0m [34mINFO  [0m: [39m[0m[39m[pid=11][tid=11][id=0][SYS_READ][0m
[32m[     5.706][0m [34mINFO  [0m: [39m[0m[39m[pid=11][tid=11][id=5][SYS_FSTAT][0m
[32m[     5.707][0m [34mINFO  [0m: [39m[0m[39m[pid=11][tid=11][id=9][SYS_MMAP][0m
[32m[     5.708][0m [34mINFO  [0m: [39m[0m[39m[pid=11][tid=11][id=9][SYS_MMAP][0m
[32m[     5.709][0m [34mINFO  [0m: [39m[0m[39m[pid=11][tid=11][id=9][SYS_MMAP][0m
[32m[     5.710][0m [34mINFO  [0m: [39m[0m[39m[pid=11][tid=11][id=9][SYS_MMAP][0m
[32m[     5.711][0m [34mINFO  [0m: [39m[0m[39m[pid=11][tid=11][id=3][SYS_CLOSE][0m
[32m[     5.712][0m [34mINFO  [0m: [39m[0m[39m[pid=11][tid=11][id=257][SYS_OPENAT][0m
[32m[     5.713][0m [34mINFO  [0m: [39m[0m[39m[pid=11][tid=11][id=0][SYS_READ][0m
[32m[     5.714][0m [34mINFO  [0m: [39m[0m[39m[pid=11][tid=11][id=5][SYS_FSTAT][0m
[32m[     5.715][0m [34mINFO  [0m: [39m[0m[39m[pid=11][tid=11][id=9][SYS_MMAP][0m
[32m[     5.716][0m [34mINFO  [0m: [39m[0m[39m[pid=11][tid=11][id=9][SYS_MMAP][0m
[32m[     5.717][0m [34mINFO  [0m: [39m[0m[39m[pid=11][tid=11][id=9][SYS_MMAP][0m
[32m[     5.718][0m [34mINFO  [0m: [39m[0m[39m[pid=11][tid=11][id=9][SYS_MMAP][0m
[32m[     5.719][0m [34mINFO  [0m: [39m[0m[39m[pid=11][tid=11][id=9][SYS_MMAP][0m
[32m[     5.720][0m [34mINFO  [0m: [39m[0m[39m[pid=11][tid=11][id=3][SYS_CLOSE][0m
[32m[     5.721][0m [34mINFO  [0m: [39m[0m[39m[pid=11][tid=11][id=257][SYS_OPENAT][0m
[32m[     5.722][0m [34mINFO  [0m: [39m[0m[39m[pid=11][tid=11][id=0][SYS_READ][0m
[32m[     5.723][0m [34mINFO  [0m: [39m[0m[39m[pid=11][tid=11][id=17][SYS_PREAD64][0m
[32m[     5.724][0m [34mINFO  [0m: [39m[0m[39m[pid=11][tid=11][id=5][SYS_FSTAT][0m
[32m[     5.725][0m [34mINFO  [0m: [39m[0m[39m[pid=11][tid=11][id=17][SYS_PREAD64][0m
[32m[     5.726][0m [34mINFO  [0m: [39m[0m[39m[pid=11][tid=11][id=9][SYS_MMAP][0m
[32m[     5.727][0m [34mINFO  [0m: [39m[0m[39m[pid=11][tid=11][id=9][SYS_MMAP][0m
[32m[     5.728][0m [34mINFO  [0m: [39m[0m[39m[pid=11][tid=11][id=9][SYS_MMAP][0m
[32m[     5.729][0m [34mINFO  [0m: [39m[0m[39m[pid=11][tid=11][id=9][SYS_MMAP][0m
[32m[     5.730][0m [34mINFO  [0m: [39m[0m[39m[pid=11][tid=11][id=9][SYS_MMAP][0m
[32m[     5.731][0m [34mINFO  [0m: [39m[0m[39m[pid=11][tid=11][id=3][SYS_CLOSE][0m
[32m[     5.732][0m [34mINFO  [0m: [39m[0m[39m[pid=11][tid=11][id=9][SYS_MMAP][0m
[32m[     5.733][0m [34mINFO  [0m: [39m[0m[39m[pid=11][tid=11][id=158][SYS_ARCH_PRCTL][0m
[32m[     5.734][0m [34mINFO  [0m: [39m[0m[39m[pid=11][tid=11][id=218][SYS_SET_TID_ADDRESS][0m
[32m[     5.735][0m [34mINFO  [0m: [39m[0m[39m[pid=11][tid=11][id=273][SYS_SET_ROBUST_LIST][0m
[32m[     5.736][0m [93mWARN  [0m: [39m[0m[39mUnimplemented syscall number: 334[0m
[32m[     5.737][0m [34mINFO  [0m: [39m[0m[39m[pid=11][tid=11][id=10][SYS_MPROTECT][0m
[32m[     5.738][0m [34mINFO  [0m: [39m[0m[39m[pid=11][tid=11][id=10][SYS_MPROTECT][0m
[32m[     5.739][0m [34mINFO  [0m: [39m[0m[39m[pid=11][tid=11][id=10][SYS_MPROTECT][0m
[32m[     5.740][0m [34mINFO  [0m: [39m[0m[39m[pid=11][tid=11][id=10][SYS_MPROTECT][0m
[32m[     5.741][0m [34mINFO  [0m: [39m[0m[39m[pid=11][tid=11][id=10][SYS_MPROTECT][0m
[32m[     5.742][0m [34mINFO  [0m: [39m[0m[39m[pid=11][tid=11][id=302][SYS_PRLIMIT64][0m
[32m[     5.743][0m [34mINFO  [0m: [39m[0m[39m[pid=11][tid=11][id=318][SYS_GETRANDOM][0m
[32m[     5.744][0m [34mINFO  [0m: [39m[0m[39m[pid=11][tid=11][id=102][SYS_GETUID][0m
[32m[     5.745][0m [34mINFO  [0m: [39m[0m[39m[pid=11][tid=11][id=12][SYS_BRK][0m
[32m[     5.746][0m [34mINFO  [0m: [39m[0m[39m[pid=11][tid=11][id=12][SYS_BRK][0m
[32m[     5.747][0m [34mINFO  [0m: [39m[0m[39m[pid=11][tid=11][id=39][SYS_GETPID][0m
[32m[     5.748][0m [34mINFO  [0m: [39m[0m[39m[pid=11][tid=11][id=13][SYS_RT_SIGACTION][0m
[32m[     5.749][0m [34mINFO  [0m: [39m[0m[39m[pid=11][tid=11][id=110][SYS_GETPPID][0m
[32m[     5.750][0m [34mINFO  [0m: [39m[0m[39m[pid=11][tid=11][id=63][SYS_UNAME][0m
[32m[     5.751][0m [34mINFO  [0m: [39m[0m[39m[pid=11][tid=11][id=262][SYS_FSTATAT][0m
[32m[     5.752][0m [34mINFO  [0m: [39m[0m[39m[pid=11][tid=11][id=262][SYS_FSTATAT][0m
[32m[     5.753][0m [34mINFO  [0m: [39m[0m[39m[pid=11][tid=11][id=13][SYS_RT_SIGACTION][0m
[32m[     5.754][0m [34mINFO  [0m: [39m[0m[39m[pid=11][tid=11][id=13][SYS_RT_SIGACTION][0m
[32m[     5.755][0m [34mINFO  [0m: [39m[0m[39m[pid=11][tid=11][id=13][SYS_RT_SIGACTION][0m
[32m[     5.756][0m [34mINFO  [0m: [39m[0m[39m[pid=11][tid=11][id=13][SYS_RT_SIGACTION][0m
[32m[     5.757][0m [34mINFO  [0m: [39m[0m[39m[pid=11][tid=11][id=13][SYS_RT_SIGACTION][0m
[32m[     5.758][0m [34mINFO  [0m: [39m[0m[39m[pid=11][tid=11][id=262][SYS_FSTATAT][0m
[32m[     5.759][0m [34mINFO  [0m: [39m[0m[39m[pid=11][tid=11][id=59][SYS_EXECVE][0m
[32m[     5.762][0m [34mINFO  [0m: [39m[0m[39m[pid=11][tid=11][id=12][SYS_BRK][0m
[32m[     5.763][0m [34mINFO  [0m: [39m[0m[39m[pid=11][tid=11][id=9][SYS_MMAP][0m
[32m[     5.764][0m [34mINFO  [0m: [39m[0m[39m[pid=11][tid=11][id=21][SYS_ACCESS][0m
[32m[     5.765][0m [34mINFO  [0m: [39m[0m[39m[pid=11][tid=11][id=257][SYS_OPENAT][0m
[32m[     5.766][0m [34mINFO  [0m: [39m[0m[39m[pid=11][tid=11][id=262][SYS_FSTATAT][0m
[32m[     5.767][0m [34mINFO  [0m: [39m[0m[39m[pid=11][tid=11][id=257][SYS_OPENAT][0m
[32m[     5.768][0m [34mINFO  [0m: [39m[0m[39m[pid=11][tid=11][id=262][SYS_FSTATAT][0m
[32m[     5.769][0m [34mINFO  [0m: [39m[0m[39m[pid=11][tid=11][id=257][SYS_OPENAT][0m
[32m[     5.770][0m [34mINFO  [0m: [39m[0m[39m[pid=11][tid=11][id=0][SYS_READ][0m
[32m[     5.771][0m [34mINFO  [0m: [39m[0m[39m[pid=11][tid=11][id=5][SYS_FSTAT][0m
[32m[     5.772][0m [34mINFO  [0m: [39m[0m[39m[pid=11][tid=11][id=9][SYS_MMAP][0m
[32m[     5.773][0m [34mINFO  [0m: [39m[0m[39m[pid=11][tid=11][id=9][SYS_MMAP][0m
[32m[     5.774][0m [34mINFO  [0m: [39m[0m[39m[pid=11][tid=11][id=9][SYS_MMAP][0m
[32m[     5.775][0m [34mINFO  [0m: [39m[0m[39m[pid=11][tid=11][id=9][SYS_MMAP][0m
[32m[     5.776][0m [34mINFO  [0m: [39m[0m[39m[pid=11][tid=11][id=3][SYS_CLOSE][0m
[32m[     5.777][0m [34mINFO  [0m: [39m[0m[39m[pid=11][tid=11][id=257][SYS_OPENAT][0m
[32m[     5.778][0m [34mINFO  [0m: [39m[0m[39m[pid=11][tid=11][id=0][SYS_READ][0m
[32m[     5.779][0m [34mINFO  [0m: [39m[0m[39m[pid=11][tid=11][id=5][SYS_FSTAT][0m
[32m[     5.780][0m [34mINFO  [0m: [39m[0m[39m[pid=11][tid=11][id=9][SYS_MMAP][0m
[32m[     5.781][0m [34mINFO  [0m: [39m[0m[39m[pid=11][tid=11][id=9][SYS_MMAP][0m
[32m[     5.782][0m [34mINFO  [0m: [39m[0m[39m[pid=11][tid=11][id=9][SYS_MMAP][0m
[32m[     5.783][0m [34mINFO  [0m: [39m[0m[39m[pid=11][tid=11][id=9][SYS_MMAP][0m
[32m[     5.784][0m [34mINFO  [0m: [39m[0m[39m[pid=11][tid=11][id=9][SYS_MMAP][0m
[32m[     5.785][0m [34mINFO  [0m: [39m[0m[39m[pid=11][tid=11][id=3][SYS_CLOSE][0m
[32m[     5.786][0m [34mINFO  [0m: [39m[0m[39m[pid=11][tid=11][id=257][SYS_OPENAT][0m
[32m[     5.787][0m [34mINFO  [0m: [39m[0m[39m[pid=11][tid=11][id=0][SYS_READ][0m
[32m[     5.788][0m [34mINFO  [0m: [39m[0m[39m[pid=11][tid=11][id=17][SYS_PREAD64][0m
[32m[     5.789][0m [34mINFO  [0m: [39m[0m[39m[pid=11][tid=11][id=5][SYS_FSTAT][0m
[32m[     5.790][0m [34mINFO  [0m: [39m[0m[39m[pid=11][tid=11][id=17][SYS_PREAD64][0m
[32m[     5.791][0m [34mINFO  [0m: [39m[0m[39m[pid=11][tid=11][id=9][SYS_MMAP][0m
[32m[     5.792][0m [34mINFO  [0m: [39m[0m[39m[pid=11][tid=11][id=9][SYS_MMAP][0m
[32m[     5.793][0m [34mINFO  [0m: [39m[0m[39m[pid=11][tid=11][id=9][SYS_MMAP][0m
[32m[     5.794][0m [34mINFO  [0m: [39m[0m[39m[pid=11][tid=11][id=9][SYS_MMAP][0m
[32m[     5.795][0m [34mINFO  [0m: [39m[0m[39m[pid=11][tid=11][id=9][SYS_MMAP][0m
[32m[     5.796][0m [34mINFO  [0m: [39m[0m[39m[pid=11][tid=11][id=3][SYS_CLOSE][0m
[32m[     5.797][0m [34mINFO  [0m: [39m[0m[39m[pid=11][tid=11][id=9][SYS_MMAP][0m
[32m[     5.798][0m [34mINFO  [0m: [39m[0m[39m[pid=11][tid=11][id=158][SYS_ARCH_PRCTL][0m
[32m[     5.799][0m [34mINFO  [0m: [39m[0m[39m[pid=11][tid=11][id=218][SYS_SET_TID_ADDRESS][0m
[32m[     5.800][0m [34mINFO  [0m: [39m[0m[39m[pid=11][tid=11][id=273][SYS_SET_ROBUST_LIST][0m
[32m[     5.801][0m [93mWARN  [0m: [39m[0m[39mUnimplemented syscall number: 334[0m
[32m[     5.802][0m [34mINFO  [0m: [39m[0m[39m[pid=11][tid=11][id=10][SYS_MPROTECT][0m
[32m[     5.803][0m [34mINFO  [0m: [39m[0m[39m[pid=11][tid=11][id=10][SYS_MPROTECT][0m
[32m[     5.804][0m [34mINFO  [0m: [39m[0m[39m[pid=11][tid=11][id=10][SYS_MPROTECT][0m
[32m[     5.805][0m [34mINFO  [0m: [39m[0m[39m[pid=11][tid=11][id=10][SYS_MPROTECT][0m
[32m[     5.806][0m [34mINFO  [0m: [39m[0m[39m[pid=11][tid=11][id=10][SYS_MPROTECT][0m
[32m[     5.807][0m [34mINFO  [0m: [39m[0m[39m[pid=11][tid=11][id=302][SYS_PRLIMIT64][0m
[32m[     5.808][0m [34mINFO  [0m: [39m[0m[39m[pid=11][tid=11][id=318][SYS_GETRANDOM][0m
[32m[     5.809][0m [34mINFO  [0m: [39m[0m[39m[pid=11][tid=11][id=102][SYS_GETUID][0m
[32m[     5.810][0m [34mINFO  [0m: [39m[0m[39m[pid=11][tid=11][id=12][SYS_BRK][0m
[32m[     5.811][0m [34mINFO  [0m: [39m[0m[39m[pid=11][tid=11][id=12][SYS_BRK][0m
[32m[     5.812][0m [34mINFO  [0m: [39m[0m[39m[pid=11][tid=11][id=39][SYS_GETPID][0m
[32m[     5.813][0m [34mINFO  [0m: [39m[0m[39m[pid=11][tid=11][id=13][SYS_RT_SIGACTION][0m
[32m[     5.814][0m [34mINFO  [0m: [39m[0m[39m[pid=11][tid=11][id=110][SYS_GETPPID][0m
[32m[     5.815][0m [34mINFO  [0m: [39m[0m[39m[pid=11][tid=11][id=63][SYS_UNAME][0m
[32m[     5.816][0m [34mINFO  [0m: [39m[0m[39m[pid=11][tid=11][id=262][SYS_FSTATAT][0m
[32m[     5.817][0m [34mINFO  [0m: [39m[0m[39m[pid=11][tid=11][id=262][SYS_FSTATAT][0m
[32m[     5.818][0m [34mINFO  [0m: [39m[0m[39m[pid=11][tid=11][id=16][SYS_IOCTL][0m
[32m[     5.819][0m [34mINFO  [0m: [39m[0m[39m[pid=11][tid=11][id=16][SYS_IOCTL][0m
[32m[     5.820][0m [34mINFO  [0m: [39m[0m[39m[pid=11][tid=11][id=13][SYS_RT_SIGACTION][0m
[32m[     5.821][0m [34mINFO  [0m: [39m[0m[39m[pid=11][tid=11][id=13][SYS_RT_SIGACTION][0m
[32m[     5.822][0m [34mINFO  [0m: [39m[0m[39m[pid=11][tid=11][id=13][SYS_RT_SIGACTION][0m
[32m[     5.823][0m [34mINFO  [0m: [39m[0m[39m[pid=11][tid=11][id=13][SYS_RT_SIGACTION][0m
[32m[     5.824][0m [34mINFO  [0m: [39m[0m[39m[pid=11][tid=11][id=13][SYS_RT_SIGACTION][0m
[32m[     5.825][0m [34mINFO  [0m: [39m[0m[39m[pid=11][tid=11][id=13][SYS_RT_SIGACTION][0m
[32m[     5.826][0m [34mINFO  [0m: [39m[0m[39m[pid=11][tid=11][id=257][SYS_OPENAT][0m
[32m[     5.827][0m [34mINFO  [0m: [39m[0m[39m[pid=11][tid=11][id=72][SYS_FCNTL][0m
[32m[     5.828][0m [34mINFO  [0m: [39m[0m[39m[pid=11][tid=11][id=3][SYS_CLOSE][0m
[32m[     5.829][0m [34mINFO  [0m: [39m[0m[39m[pid=11][tid=11][id=16][SYS_IOCTL][0m
[32m[     5.830][0m [34mINFO  [0m: [39m[0m[39m[pid=11][tid=11][id=111][SYS_GETPGRP][0m
[32m[     5.831][0m [34mINFO  [0m: [39m[0m[39m[pid=11][tid=11][id=13][SYS_RT_SIGACTION][0m
[32m[     5.832][0m [34mINFO  [0m: [39m[0m[39m[pid=11][tid=11][id=13][SYS_RT_SIGACTION][0m
[32m[     5.833][0m [34mINFO  [0m: [39m[0m[39m[pid=11][tid=11][id=13][SYS_RT_SIGACTION][0m
[32m[     5.834][0m [34mINFO  [0m: [39m[0m[39m[pid=11][tid=11][id=13][SYS_RT_SIGACTION][0m
[32m[     5.835][0m [34mINFO  [0m: [39m[0m[39m[pid=11][tid=11][id=13][SYS_RT_SIGACTION][0m
[32m[     5.836][0m [34mINFO  [0m: [39m[0m[39m[pid=11][tid=11][id=109][SYS_SETPGID][0m
[32m[     5.837][0m [34mINFO  [0m: [39m[0m[39m[pid=11][tid=11][id=16][SYS_IOCTL][0m
[32m[     5.838][0m [34mINFO  [0m: [39m[0m[39m[pid=11][tid=11][id=257][SYS_OPENAT][0m
[32m[     5.839][0m [34mINFO  [0m: [39m[0m[39m[pid=11][tid=11][id=72][SYS_FCNTL][0m
[32m[     5.840][0m [34mINFO  [0m: [39m[0m[39m[pid=11][tid=11][id=3][SYS_CLOSE][0m
[32m[     5.841][0m [34mINFO  [0m: [39m[0m[39m[pid=11][tid=11][id=0][SYS_READ][0m
[32m[     5.842][0m [34mINFO  [0m: [39m[0m[39m[pid=11][tid=11][id=262][SYS_FSTATAT][0m
[32m[     5.843][0m [34mINFO  [0m: [39m[0m[39m[pid=11][tid=11][id=0][SYS_READ][0m
[32m[     5.844][0m [34mINFO  [0m: [39m[0m[39m[pid=11][tid=11][id=3][SYS_CLOSE][0m
[32m[     5.845][0m [34mINFO  [0m: [39m[0m[39m[pid=11][tid=11][id=257][SYS_OPENAT][0m
[32m[     5.846][0m [34mINFO  [0m: [39m[0m[39m[pid=11][tid=11][id=262][SYS_FSTATAT][0m
[32m[     5.847][0m [34mINFO  [0m: [39m[0m[39m[pid=11][tid=11][id=16][SYS_IOCTL][0m
[32m[     5.848][0m [34mINFO  [0m: [39m[0m[39m[pid=11][tid=11][id=257][SYS_OPENAT][0m
[32m[     5.849][0m [34mINFO  [0m: [39m[0m[39m[pid=11][tid=11][id=16][SYS_IOCTL][0m
[32m[     5.850][0m [34mINFO  [0m: [39m[0m[39m[pid=11][tid=11][id=16][SYS_IOCTL][0m
[32m[     5.851][0m [34mINFO  [0m: [39m[0m[39m[pid=11][tid=11][id=107][SYS_GETEUID][0m
[32m[     5.852][0m [34mINFO  [0m: [39m[0m[39m[pid=11][tid=11][id=5][SYS_FSTAT][0m
[32m[     5.853][0m [34mINFO  [0m: [39m[0m[39m[pid=11][tid=11][id=13][SYS_RT_SIGACTION][0m
[32m[     5.854][0m [34mINFO  [0m: [39m[0m[39m[pid=11][tid=11][id=1][SYS_WRITE][0m
[32m[     5.855][0m [34mINFO  [0m: [39m[0m[39m[pid=11][tid=11][id=7][SYS_POLL][0m
[32m[     5.856][0m [34mINFO  [0m: [39m[0m[39m[pid=10][tid=10][id=0][SYS_READ][0m
[32m[     5.857][0m [34mINFO  [0m: [39m[0m[39m[pid=10][tid=10][id=1][SYS_WRITE][0m
~ # [32m[     5.858][0m [34mINFO  [0m: [39m[0m[39m[pid=10][tid=10][id=1][SYS_WRITE][0m
[32m[     5.859][0m [34mINFO  [0m: [39m[0m[39m[pid=10][tid=10][id=7][SYS_POLL][0m
[32m[     5.860][0m [34mINFO  [0m: [39m[0m[39m[pid=10][tid=10][id=0][SYS_READ][0m
[32m[     5.861][0m [34mINFO  [0m: [39m[0m[39m[pid=10][tid=10][id=1][SYS_WRITE][0m
[32m[     5.862][0m [34mINFO  [0m: [39m[0m[39m[pid=10][tid=10][id=7][SYS_POLL][0m
[32m[     5.863][0m [34mINFO  [0m: [39m[0m[39m[pid=11][tid=11][id=0][SYS_READ][0m
[32m[     5.865][0m [34mINFO  [0m: [39m[0m[39m[pid=10][tid=10][id=0][SYS_READ][0m
[32m[     5.867][0m [34mINFO  [0m: [39m[0m[39m[pid=11][tid=11][id=1][SYS_WRITE][0m
[32m[     5.868][0m [34mINFO  [0m: [39m[0m[39m[pid=10][tid=10][id=1][SYS_WRITE][0m
[32m[     5.869][0m [34mINFO  [0m: [39m[0m[39m[pid=10][tid=10][id=7][SYS_POLL][0m
[32m[     5.870][0m [34mINFO  [0m: [39m[0m[39m[pid=11][tid=11][id=7][SYS_POLL][0m
[32m[     5.871][0m [34mINFO  [0m: [39m[0m[39m[pid=11][tid=11][id=0][SYS_READ][0m
[32m[     5.872][0m [34mINFO  [0m: [39m[0m[39m[pid=10][tid=10][id=0][SYS_READ][0m
[32m[     5.873][0m [34mINFO  [0m: [39m[0m[39m[pid=10][tid=10][id=1][SYS_WRITE][0m
s[32m[     5.874][0m [34mINFO  [0m: [39m[0m[39m[pid=11][tid=11][id=1][SYS_WRITE][0m
[32m[     5.875][0m [34mINFO  [0m: [39m[0m[39m[pid=10][tid=10][id=1][SYS_WRITE][0m
[32m[     5.876][0m [34mINFO  [0m: [39m[0m[39m[pid=11][tid=11][id=7][SYS_POLL][0m
[32m[     5.877][0m [34mINFO  [0m: [39m[0m[39m[pid=10][tid=10][id=7][SYS_POLL][0m
[32m[     5.878][0m [34mINFO  [0m: [39m[0m[39m[pid=11][tid=11][id=0][SYS_READ][0m
[32m[     5.879][0m [34mINFO  [0m: [39m[0m[39m[pid=10][tid=10][id=0][SYS_READ][0m
[32m[     5.880][0m [34mINFO  [0m: [39m[0m[39m[pid=11][tid=11][id=1][SYS_WRITE][0m
[32m[     5.881][0m [34mINFO  [0m: [39m[0m[39m[pid=11][tid=11][id=7][SYS_POLL][0m
[32m[     5.882][0m [34mINFO  [0m: [39m[0m[39m[pid=10][tid=10][id=1][SYS_WRITE][0m
h[32m[     5.883][0m [34mINFO  [0m: [39m[0m[39m[pid=11][tid=11][id=0][SYS_READ][0m
[32m[     5.884][0m [34mINFO  [0m: [39m[0m[39m[pid=10][tid=10][id=1][SYS_WRITE][0m
[32m[     5.885][0m [34mINFO  [0m: [39m[0m[39m[pid=11][tid=11][id=1][SYS_WRITE][0m
[32m[     5.886][0m [34mINFO  [0m: [39m[0m[39m[pid=10][tid=10][id=7][SYS_POLL][0m
[32m[     5.887][0m [34mINFO  [0m: [39m[0m[39m[pid=11][tid=11][id=7][SYS_POLL][0m
[32m[     5.888][0m [34mINFO  [0m: [39m[0m[39m[pid=10][tid=10][id=0][SYS_READ][0m
[32m[     5.889][0m [34mINFO  [0m: [39m[0m[39m[pid=10][tid=10][id=1][SYS_WRITE][0m
 -[32m[     5.890][0m [34mINFO  [0m: [39m[0m[39m[pid=11][tid=11][id=0][SYS_READ][0m
[32m[     5.891][0m [34mINFO  [0m: [39m[0m[39m[pid=11][tid=11][id=1][SYS_WRITE][0m
[32m[     5.892][0m [34mINFO  [0m: [39m[0m[39m[pid=10][tid=10][id=1][SYS_WRITE][0m
[32m[     5.893][0m [34mINFO  [0m: [39m[0m[39m[pid=11][tid=11][id=7][SYS_POLL][0m
[32m[     5.894][0m [34mINFO  [0m: [39m[0m[39m[pid=10][tid=10][id=7][SYS_POLL][0m
[32m[     5.895][0m [34mINFO  [0m: [39m[0m[39m[pid=11][tid=11][id=0][SYS_READ][0m
[32m[     5.896][0m [34mINFO  [0m: [39m[0m[39m[pid=10][tid=10][id=0][SYS_READ][0m
[32m[     5.897][0m [34mINFO  [0m: [39m[0m[39m[pid=11][tid=11][id=1][SYS_WRITE][0m
[32m[     5.898][0m [34mINFO  [0m: [39m[0m[39m[pid=10][tid=10][id=1][SYS_WRITE][0m
c[32m[     5.899][0m [34mINFO  [0m: [39m[0m[39m[pid=11][tid=11][id=7][SYS_POLL][0m
[32m[     5.900][0m [34mINFO  [0m: [39m[0m[39m[pid=10][tid=10][id=1][SYS_WRITE][0m
[32m[     5.901][0m [34mINFO  [0m: [39m[0m[39m[pid=11][tid=11][id=0][SYS_READ][0m
[32m[     5.902][0m [34mINFO  [0m: [39m[0m[39m[pid=10][tid=10][id=7][SYS_POLL][0m
[32m[     5.903][0m [34mINFO  [0m: [39m[0m[39m[pid=11][tid=11][id=1][SYS_WRITE][0m
[32m[     5.904][0m [34mINFO  [0m: [39m[0m[39m[pid=10][tid=10][id=0][SYS_READ][0m
[32m[     5.905][0m [34mINFO  [0m: [39m[0m[39m[pid=10][tid=10][id=1][SYS_WRITE][0m
 '[32m[     5.906][0m [34mINFO  [0m: [39m[0m[39m[pid=10][tid=10][id=1][SYS_WRITE][0m
[32m[     5.907][0m [34mINFO  [0m: [39m[0m[39m[pid=11][tid=11][id=7][SYS_POLL][0m
[32m[     5.908][0m [34mINFO  [0m: [39m[0m[39m[pid=11][tid=11][id=0][SYS_READ][0m
[32m[     5.909][0m [34mINFO  [0m: [39m[0m[39m[pid=10][tid=10][id=7][SYS_POLL][0m
[32m[     5.910][0m [34mINFO  [0m: [39m[0m[39m[pid=11][tid=11][id=1][SYS_WRITE][0m
[32m[     5.911][0m [34mINFO  [0m: [39m[0m[39m[pid=11][tid=11][id=7][SYS_POLL][0m
[32m[     5.912][0m [34mINFO  [0m: [39m[0m[39m[pid=10][tid=10][id=0][SYS_READ][0m
[32m[     5.913][0m [34mINFO  [0m: [39m[0m[39m[pid=11][tid=11][id=0][SYS_READ][0m
[32m[     5.914][0m [34mINFO  [0m: [39m[0m[39m[pid=10][tid=10][id=1][SYS_WRITE][0m
t[32m[     5.915][0m [34mINFO  [0m: [39m[0m[39m[pid=11][tid=11][id=1][SYS_WRITE][0m
[32m[     5.916][0m [34mINFO  [0m: [39m[0m[39m[pid=10][tid=10][id=1][SYS_WRITE][0m
[32m[     5.917][0m [34mINFO  [0m: [39m[0m[39m[pid=10][tid=10][id=7][SYS_POLL][0m
[32m[     5.918][0m [34mINFO  [0m: [39m[0m[39m[pid=11][tid=11][id=7][SYS_POLL][0m
[32m[     5.919][0m [34mINFO  [0m: [39m[0m[39m[pid=11][tid=11][id=0][SYS_READ][0m
[32m[     5.920][0m [34mINFO  [0m: [39m[0m[39m[pid=10][tid=10][id=0][SYS_READ][0m
[32m[     5.921][0m [34mINFO  [0m: [39m[0m[39m[pid=10][tid=10][id=1][SYS_WRITE][0m
e[32m[     5.922][0m [34mINFO  [0m: [39m[0m[39m[pid=11][tid=11][id=1][SYS_WRITE][0m
[32m[     5.923][0m [34mINFO  [0m: [39m[0m[39m[pid=10][tid=10][id=1][SYS_WRITE][0m
[32m[     5.924][0m [34mINFO  [0m: [39m[0m[39m[pid=10][tid=10][id=7][SYS_POLL][0m
[32m[     5.925][0m [34mINFO  [0m: [39m[0m[39m[pid=11][tid=11][id=7][SYS_POLL][0m
[32m[     5.926][0m [34mINFO  [0m: [39m[0m[39m[pid=10][tid=10][id=0][SYS_READ][0m
[32m[     5.927][0m [34mINFO  [0m: [39m[0m[39m[pid=11][tid=11][id=0][SYS_READ][0m
[32m[     5.928][0m [34mINFO  [0m: [39m[0m[39m[pid=10][tid=10][id=1][SYS_WRITE][0m
s[32m[     5.929][0m [34mINFO  [0m: [39m[0m[39m[pid=11][tid=11][id=1][SYS_WRITE][0m
[32m[     5.930][0m [34mINFO  [0m: [39m[0m[39m[pid=10][tid=10][id=1][SYS_WRITE][0m
[32m[     5.931][0m [34mINFO  [0m: [39m[0m[39m[pid=11][tid=11][id=7][SYS_POLL][0m
[32m[     5.932][0m [34mINFO  [0m: [39m[0m[39m[pid=10][tid=10][id=7][SYS_POLL][0m
[32m[     5.933][0m [34mINFO  [0m: [39m[0m[39m[pid=11][tid=11][id=0][SYS_READ][0m
[32m[     5.934][0m [34mINFO  [0m: [39m[0m[39m[pid=10][tid=10][id=0][SYS_READ][0m
[32m[     5.935][0m [34mINFO  [0m: [39m[0m[39m[pid=11][tid=11][id=1][SYS_WRITE][0m
[32m[     5.936][0m [34mINFO  [0m: [39m[0m[39m[pid=11][tid=11][id=7][SYS_POLL][0m
[32m[     5.937][0m [34mINFO  [0m: [39m[0m[39m[pid=10][tid=10][id=1][SYS_WRITE][0m
t[32m[     5.938][0m [34mINFO  [0m: [39m[0m[39m[pid=11][tid=11][id=0][SYS_READ][0m
[32m[     5.939][0m [34mINFO  [0m: [39m[0m[39m[pid=11][tid=11][id=1][SYS_WRITE][0m
[32m[     5.940][0m [34mINFO  [0m: [39m[0m[39m[pid=10][tid=10][id=1][SYS_WRITE][0m
[32m[     5.941][0m [34mINFO  [0m: [39m[0m[39m[pid=11][tid=11][id=7][SYS_POLL][0m
[32m[     5.942][0m [34mINFO  [0m: [39m[0m[39m[pid=10][tid=10][id=7][SYS_POLL][0m
[32m[     5.943][0m [34mINFO  [0m: [39m[0m[39m[pid=11][tid=11][id=0][SYS_READ][0m
[32m[     5.944][0m [34mINFO  [0m: [39m[0m[39m[pid=10][tid=10][id=0][SYS_READ][0m
[32m[     5.945][0m [34mINFO  [0m: [39m[0m[39m[pid=11][tid=11][id=1][SYS_WRITE][0m
[32m[     5.946][0m [34mINFO  [0m: [39m[0m[39m[pid=10][tid=10][id=1][SYS_WRITE][0m
 "[32m[     5.947][0m [34mINFO  [0m: [39m[0m[39m[pid=11][tid=11][id=7][SYS_POLL][0m
[32m[     5.948][0m [34mINFO  [0m: [39m[0m[39m[pid=10][tid=10][id=1][SYS_WRITE][0m
[32m[     5.949][0m [34mINFO  [0m: [39m[0m[39m[pid=11][tid=11][id=0][SYS_READ][0m
[32m[     5.950][0m [34mINFO  [0m: [39m[0m[39m[pid=10][tid=10][id=7][SYS_POLL][0m
[32m[     5.951][0m [34mINFO  [0m: [39m[0m[39m[pid=11][tid=11][id=1][SYS_WRITE][0m
[32m[     5.952][0m [34mINFO  [0m: [39m[0m[39m[pid=10][tid=10][id=0][SYS_READ][0m
[32m[     5.953][0m [34mINFO  [0m: [39m[0m[39m[pid=11][tid=11][id=7][SYS_POLL][0m
[32m[     5.954][0m [34mINFO  [0m: [39m[0m[39m[pid=10][tid=10][id=1][SYS_WRITE][0m
$([32m[     5.955][0m [34mINFO  [0m: [39m[0m[39m[pid=11][tid=11][id=0][SYS_READ][0m
[32m[     5.956][0m [34mINFO  [0m: [39m[0m[39m[pid=10][tid=10][id=1][SYS_WRITE][0m
[32m[     5.957][0m [34mINFO  [0m: [39m[0m[39m[pid=10][tid=10][id=7][SYS_POLL][0m
[32m[     5.958][0m [34mINFO  [0m: [39m[0m[39m[pid=11][tid=11][id=1][SYS_WRITE][0m
[32m[     5.959][0m [34mINFO  [0m: [39m[0m[39m[pid=11][tid=11][id=7][SYS_POLL][0m
[32m[     5.960][0m [34mINFO  [0m: [39m[0m[39m[pid=10][tid=10][id=0][SYS_READ][0m
[32m[     5.961][0m [34mINFO  [0m: [39m[0m[39m[pid=11][tid=11][id=0][SYS_READ][0m
[32m[     5.962][0m [34mINFO  [0m: [39m[0m[39m[pid=11][tid=11][id=1][SYS_WRITE][0m
[32m[     5.963][0m [34mINFO  [0m: [39m[0m[39m[pid=10][tid=10][id=1][SYS_WRITE][0m
c[32m[     5.964][0m [34mINFO  [0m: [39m[0m[39m[pid=11][tid=11][id=7][SYS_POLL][0m
[32m[     5.965][0m [34mINFO  [0m: [39m[0m[39m[pid=10][tid=10][id=1][SYS_WRITE][0m
[32m[     5.966][0m [34mINFO  [0m: [39m[0m[39m[pid=11][tid=11][id=0][SYS_READ][0m
[32m[     5.967][0m [34mINFO  [0m: [39m[0m[39m[pid=10][tid=10][id=7][SYS_POLL][0m
[32m[     5.968][0m [34mINFO  [0m: [39m[0m[39m[pid=10][tid=10][id=0][SYS_READ][0m
[32m[     5.969][0m [34mINFO  [0m: [39m[0m[39m[pid=11][tid=11][id=1][SYS_WRITE][0m
[32m[     5.970][0m [34mINFO  [0m: [39m[0m[39m[pid=10][tid=10][id=1][SYS_WRITE][0m
a[32m[     5.971][0m [34mINFO  [0m: [39m[0m[39m[pid=11][tid=11][id=7][SYS_POLL][0m
[32m[     5.972][0m [34mINFO  [0m: [39m[0m[39m[pid=10][tid=10][id=1][SYS_WRITE][0m
[32m[     5.973][0m [34mINFO  [0m: [39m[0m[39m[pid=11][tid=11][id=0][SYS_READ][0m
[32m[     5.974][0m [34mINFO  [0m: [39m[0m[39m[pid=10][tid=10][id=7][SYS_POLL][0m
[32m[     5.975][0m [34mINFO  [0m: [39m[0m[39m[pid=10][tid=10][id=0][SYS_READ][0m
[32m[     5.976][0m [34mINFO  [0m: [39m[0m[39m[pid=11][tid=11][id=1][SYS_WRITE][0m
[32m[     5.977][0m [34mINFO  [0m: [39m[0m[39m[pid=10][tid=10][id=1][SYS_WRITE][0m
t[32m[     5.978][0m [34mINFO  [0m: [39m[0m[39m[pid=11][tid=11][id=7][SYS_POLL][0m
[32m[     5.979][0m [34mINFO  [0m: [39m[0m[39m[pid=10][tid=10][id=1][SYS_WRITE][0m
[32m[     5.980][0m [34mINFO  [0m: [39m[0m[39m[pid=11][tid=11][id=0][SYS_READ][0m
[32m[     5.981][0m [34mINFO  [0m: [39m[0m[39m[pid=10][tid=10][id=7][SYS_POLL][0m
[32m[     5.982][0m [34mINFO  [0m: [39m[0m[39m[pid=11][tid=11][id=1][SYS_WRITE][0m
[32m[     5.983][0m [34mINFO  [0m: [39m[0m[39m[pid=11][tid=11][id=7][SYS_POLL][0m
[32m[     5.984][0m [34mINFO  [0m: [39m[0m[39m[pid=10][tid=10][id=0][SYS_READ][0m
[32m[     5.985][0m [34mINFO  [0m: [39m[0m[39m[pid=10][tid=10][id=1][SYS_WRITE][0m
 /[32m[     5.986][0m [34mINFO  [0m: [39m[0m[39m[pid=11][tid=11][id=0][SYS_READ][0m
[32m[     5.987][0m [34mINFO  [0m: [39m[0m[39m[pid=10][tid=10][id=1][SYS_WRITE][0m
[32m[     5.988][0m [34mINFO  [0m: [39m[0m[39m[pid=11][tid=11][id=1][SYS_WRITE][0m
[32m[     5.989][0m [34mINFO  [0m: [39m[0m[39m[pid=10][tid=10][id=7][SYS_POLL][0m
[32m[     5.990][0m [34mINFO  [0m: [39m[0m[39m[pid=10][tid=10][id=0][SYS_READ][0m
[32m[     5.991][0m [34mINFO  [0m: [39m[0m[39m[pid=11][tid=11][id=7][SYS_POLL][0m
[32m[     5.992][0m [34mINFO  [0m: [39m[0m[39m[pid=10][tid=10][id=1][SYS_WRITE][0m
s[32m[     5.993][0m [34mINFO  [0m: [39m[0m[39m[pid=11][tid=11][id=0][SYS_READ][0m
[32m[     5.994][0m [34mINFO  [0m: [39m[0m[39m[pid=11][tid=11][id=1][SYS_WRITE][0m
[32m[     5.995][0m [34mINFO  [0m: [39m[0m[39m[pid=10][tid=10][id=1][SYS_WRITE][0m
[32m[     5.996][0m [34mINFO  [0m: [39m[0m[39m[pid=11][tid=11][id=7][SYS_POLL][0m
[32m[     5.997][0m [34mINFO  [0m: [39m[0m[39m[pid=11][tid=11][id=0][SYS_READ][0m
[32m[     5.998][0m [34mINFO  [0m: [39m[0m[39m[pid=10][tid=10][id=7][SYS_POLL][0m
[32m[     5.999][0m [34mINFO  [0m: [39m[0m[39m[pid=11][tid=11][id=1][SYS_WRITE][0m
[32m[     6.000][0m [34mINFO  [0m: [39m[0m[39m[pid=10][tid=10][id=0][SYS_READ][0m
[32m[     6.001][0m [34mINFO  [0m: [39m[0m[39m[pid=11][tid=11][id=7][SYS_POLL][0m
[32m[     6.002][0m [34mINFO  [0m: [39m[0m[39m[pid=10][tid=10][id=1][SYS_WRITE][0m
ys[32m[     6.003][0m [34mINFO  [0m: [39m[0m[39m[pid=11][tid=11][id=0][SYS_READ][0m
[32m[     6.004][0m [34mINFO  [0m: [39m[0m[39m[pid=10][tid=10][id=1][SYS_WRITE][0m
[32m[     6.005][0m [34mINFO  [0m: [39m[0m[39m[pid=10][tid=10][id=7][SYS_POLL][0m
[32m[     6.006][0m [34mINFO  [0m: [39m[0m[39m[pid=11][tid=11][id=1][SYS_WRITE][0m
[32m[     6.007][0m [34mINFO  [0m: [39m[0m[39m[pid=11][tid=11][id=7][SYS_POLL][0m
[32m[     6.008][0m [34mINFO  [0m: [39m[0m[39m[pid=10][tid=10][id=0][SYS_READ][0m
[32m[     6.009][0m [34mINFO  [0m: [39m[0m[39m[pid=11][tid=11][id=0][SYS_READ][0m
[32m[     6.010][0m [34mINFO  [0m: [39m[0m[39m[pid=10][tid=10][id=1][SYS_WRITE][0m
/[32m[     6.011][0m [34mINFO  [0m: [39m[0m[39m[pid=11][tid=11][id=1][SYS_WRITE][0m
[32m[     6.012][0m [34mINFO  [0m: [39m[0m[39m[pid=10][tid=10][id=1][SYS_WRITE][0m
[32m[     6.013][0m [34mINFO  [0m: [39m[0m[39m[pid=11][tid=11][id=7][SYS_POLL][0m
[32m[     6.014][0m [34mINFO  [0m: [39m[0m[39m[pid=11][tid=11][id=0][SYS_READ][0m
[32m[     6.015][0m [34mINFO  [0m: [39m[0m[39m[pid=10][tid=10][id=7][SYS_POLL][0m
[32m[     6.016][0m [34mINFO  [0m: [39m[0m[39m[pid=11][tid=11][id=1][SYS_WRITE][0m
[32m[     6.017][0m [34mINFO  [0m: [39m[0m[39m[pid=11][tid=11][id=7][SYS_POLL][0m
[32m[     6.018][0m [34mINFO  [0m: [39m[0m[39m[pid=10][tid=10][id=0][SYS_READ][0m
[32m[     6.019][0m [34mINFO  [0m: [39m[0m[39m[pid=10][tid=10][id=1][SYS_WRITE][0m
pv[32m[     6.020][0m [34mINFO  [0m: [39m[0m[39m[pid=11][tid=11][id=0][SYS_READ][0m
[32m[     6.021][0m [34mINFO  [0m: [39m[0m[39m[pid=10][tid=10][id=1][SYS_WRITE][0m
[32m[     6.022][0m [34mINFO  [0m: [39m[0m[39m[pid=10][tid=10][id=7][SYS_POLL][0m
[32m[     6.023][0m [34mINFO  [0m: [39m[0m[39m[pid=11][tid=11][id=1][SYS_WRITE][0m
[32m[     6.024][0m [34mINFO  [0m: [39m[0m[39m[pid=11][tid=11][id=7][SYS_POLL][0m
[32m[     6.025][0m [34mINFO  [0m: [39m[0m[39m[pid=10][tid=10][id=0][SYS_READ][0m
[32m[     6.026][0m [34mINFO  [0m: [39m[0m[39m[pid=10][tid=10][id=1][SYS_WRITE][0m
p[32m[     6.027][0m [34mINFO  [0m: [39m[0m[39m[pid=11][tid=11][id=0][SYS_READ][0m
[32m[     6.028][0m [34mINFO  [0m: [39m[0m[39m[pid=11][tid=11][id=1][SYS_WRITE][0m
[32m[     6.029][0m [34mINFO  [0m: [39m[0m[39m[pid=10][tid=10][id=1][SYS_WRITE][0m
[32m[     6.030][0m [34mINFO  [0m: [39m[0m[39m[pid=11][tid=11][id=7][SYS_POLL][0m
[32m[     6.031][0m [34mINFO  [0m: [39m[0m[39m[pid=11][tid=11][id=0][SYS_READ][0m
[32m[     6.032][0m [34mINFO  [0m: [39m[0m[39m[pid=10][tid=10][id=7][SYS_POLL][0m
[32m[     6.033][0m [34mINFO  [0m: [39m[0m[39m[pid=11][tid=11][id=1][SYS_WRITE][0m
[32m[     6.034][0m [34mINFO  [0m: [39m[0m[39m[pid=10][tid=10][id=0][SYS_READ][0m
[32m[     6.035][0m [34mINFO  [0m: [39m[0m[39m[pid=11][tid=11][id=7][SYS_POLL][0m
[32m[     6.036][0m [34mINFO  [0m: [39m[0m[39m[pid=10][tid=10][id=1][SYS_WRITE][0m
an[32m[     6.037][0m [34mINFO  [0m: [39m[0m[39m[pid=11][tid=11][id=0][SYS_READ][0m
[32m[     6.038][0m [34mINFO  [0m: [39m[0m[39m[pid=10][tid=10][id=1][SYS_WRITE][0m
[32m[     6.039][0m [34mINFO  [0m: [39m[0m[39m[pid=11][tid=11][id=1][SYS_WRITE][0m
[32m[     6.040][0m [34mINFO  [0m: [39m[0m[39m[pid=10][tid=10][id=7][SYS_POLL][0m
[32m[     6.041][0m [34mINFO  [0m: [39m[0m[39m[pid=10][tid=10][id=0][SYS_READ][0m
[32m[     6.042][0m [34mINFO  [0m: [39m[0m[39m[pid=11][tid=11][id=7][SYS_POLL][0m
[32m[     6.043][0m [34mINFO  [0m: [39m[0m[39m[pid=10][tid=10][id=1][SYS_WRITE][0m
i[32m[     6.044][0m [34mINFO  [0m: [39m[0m[39m[pid=10][tid=10][id=1][SYS_WRITE][0m
[32m[     6.045][0m [34mINFO  [0m: [39m[0m[39m[pid=11][tid=11][id=0][SYS_READ][0m
[32m[     6.046][0m [34mINFO  [0m: [39m[0m[39m[pid=10][tid=10][id=7][SYS_POLL][0m
[32m[     6.047][0m [34mINFO  [0m: [39m[0m[39m[pid=11][tid=11][id=1][SYS_WRITE][0m
[32m[     6.048][0m [34mINFO  [0m: [39m[0m[39m[pid=11][tid=11][id=7][SYS_POLL][0m
[32m[     6.049][0m [34mINFO  [0m: [39m[0m[39m[pid=10][tid=10][id=0][SYS_READ][0m
[32m[     6.050][0m [34mINFO  [0m: [39m[0m[39m[pid=11][tid=11][id=0][SYS_READ][0m
[32m[     6.051][0m [34mINFO  [0m: [39m[0m[39m[pid=10][tid=10][id=1][SYS_WRITE][0m
c[32m[     6.052][0m [34mINFO  [0m: [39m[0m[39m[pid=10][tid=10][id=1][SYS_WRITE][0m
[32m[     6.053][0m [34mINFO  [0m: [39m[0m[39m[pid=11][tid=11][id=1][SYS_WRITE][0m
[32m[     6.054][0m [34mINFO  [0m: [39m[0m[39m[pid=10][tid=10][id=7][SYS_POLL][0m
[32m[     6.055][0m [34mINFO  [0m: [39m[0m[39m[pid=10][tid=10][id=0][SYS_READ][0m
[32m[     6.056][0m [34mINFO  [0m: [39m[0m[39m[pid=11][tid=11][id=7][SYS_POLL][0m
[32m[     6.057][0m [34mINFO  [0m: [39m[0m[39m[pid=10][tid=10][id=1][SYS_WRITE][0m
/[32m[     6.058][0m [34mINFO  [0m: [39m[0m[39m[pid=11][tid=11][id=0][SYS_READ][0m
[32m[     6.059][0m [34mINFO  [0m: [39m[0m[39m[pid=10][tid=10][id=1][SYS_WRITE][0m
[32m[     6.060][0m [34mINFO  [0m: [39m[0m[39m[pid=11][tid=11][id=1][SYS_WRITE][0m
[32m[     6.061][0m [34mINFO  [0m: [39m[0m[39m[pid=11][tid=11][id=7][SYS_POLL][0m
[32m[     6.062][0m [34mINFO  [0m: [39m[0m[39m[pid=10][tid=10][id=7][SYS_POLL][0m
[32m[     6.063][0m [34mINFO  [0m: [39m[0m[39m[pid=11][tid=11][id=0][SYS_READ][0m
[32m[     6.064][0m [34mINFO  [0m: [39m[0m[39m[pid=11][tid=11][id=1][SYS_WRITE][0m
[32m[     6.065][0m [34mINFO  [0m: [39m[0m[39m[pid=10][tid=10][id=0][SYS_READ][0m
[32m[     6.066][0m [34mINFO  [0m: [39m[0m[39m[pid=10][tid=10][id=1][SYS_WRITE][0m
ca[32m[     6.067][0m [34mINFO  [0m: [39m[0m[39m[pid=11][tid=11][id=7][SYS_POLL][0m
[32m[     6.068][0m [34mINFO  [0m: [39m[0m[39m[pid=10][tid=10][id=1][SYS_WRITE][0m
[32m[     6.069][0m [34mINFO  [0m: [39m[0m[39m[pid=11][tid=11][id=0][SYS_READ][0m
[32m[     6.070][0m [34mINFO  [0m: [39m[0m[39m[pid=10][tid=10][id=7][SYS_POLL][0m
[32m[     6.071][0m [34mINFO  [0m: [39m[0m[39m[pid=11][tid=11][id=1][SYS_WRITE][0m
[32m[     6.072][0m [34mINFO  [0m: [39m[0m[39m[pid=11][tid=11][id=7][SYS_POLL][0m
[32m[     6.073][0m [34mINFO  [0m: [39m[0m[39m[pid=10][tid=10][id=0][SYS_READ][0m
[32m[     6.074][0m [34mINFO  [0m: [39m[0m[39m[pid=11][tid=11][id=0][SYS_READ][0m
[32m[     6.075][0m [34mINFO  [0m: [39m[0m[39m[pid=11][tid=11][id=1][SYS_WRITE][0m
[32m[     6.076][0m [34mINFO  [0m: [39m[0m[39m[pid=10][tid=10][id=1][SYS_WRITE][0m
p[32m[     6.077][0m [34mINFO  [0m: [39m[0m[39m[pid=11][tid=11][id=7][SYS_POLL][0m
[32m[     6.078][0m [34mINFO  [0m: [39m[0m[39m[pid=10][tid=10][id=1][SYS_WRITE][0m
[32m[     6.079][0m [34mINFO  [0m: [39m[0m[39m[pid=11][tid=11][id=0][SYS_READ][0m
[32m[     6.080][0m [34mINFO  [0m: [39m[0m[39m[pid=10][tid=10][id=7][SYS_POLL][0m
[32m[     6.081][0m [34mINFO  [0m: [39m[0m[39m[pid=11][tid=11][id=1][SYS_WRITE][0m
[32m[     6.082][0m [34mINFO  [0m: [39m[0m[39m[pid=10][tid=10][id=0][SYS_READ][0m
[32m[     6.083][0m [34mINFO  [0m: [39m[0m[39m[pid=10][tid=10][id=1][SYS_WRITE][0m
ab[32m[     6.084][0m [34mINFO  [0m: [39m[0m[39m[pid=11][tid=11][id=7][SYS_POLL][0m
[32m[     6.085][0m [34mINFO  [0m: [39m[0m[39m[pid=10][tid=10][id=1][SYS_WRITE][0m
[32m[     6.086][0m [34mINFO  [0m: [39m[0m[39m[pid=11][tid=11][id=0][SYS_READ][0m
[32m[     6.087][0m [34mINFO  [0m: [39m[0m[39m[pid=11][tid=11][id=1][SYS_WRITE][0m
[32m[     6.088][0m [34mINFO  [0m: [39m[0m[39m[pid=10][tid=10][id=7][SYS_POLL][0m
[32m[     6.089][0m [34mINFO  [0m: [39m[0m[39m[pid=11][tid=11][id=7][SYS_POLL][0m
[32m[     6.090][0m [34mINFO  [0m: [39m[0m[39m[pid=10][tid=10][id=0][SYS_READ][0m
[32m[     6.091][0m [34mINFO  [0m: [39m[0m[39m[pid=10][tid=10][id=1][SYS_WRITE][0m
i[32m[     6.092][0m [34mINFO  [0m: [39m[0m[39m[pid=11][tid=11][id=0][SYS_READ][0m
[32m[     6.093][0m [34mINFO  [0m: [39m[0m[39m[pid=10][tid=10][id=1][SYS_WRITE][0m
[32m[     6.094][0m [34mINFO  [0m: [39m[0m[39m[pid=11][tid=11][id=1][SYS_WRITE][0m
[32m[     6.095][0m [34mINFO  [0m: [39m[0m[39m[pid=10][tid=10][id=7][SYS_POLL][0m
[32m[     6.096][0m [34mINFO  [0m: [39m[0m[39m[pid=10][tid=10][id=0][SYS_READ][0m
[32m[     6.097][0m [34mINFO  [0m: [39m[0m[39m[pid=11][tid=11][id=7][SYS_POLL][0m
[32m[     6.098][0m [34mINFO  [0m: [39m[0m[39m[pid=11][tid=11][id=0][SYS_READ][0m
[32m[     6.099][0m [34mINFO  [0m: [39m[0m[39m[pid=10][tid=10][id=1][SYS_WRITE][0m
l[32m[     6.100][0m [34mINFO  [0m: [39m[0m[39m[pid=11][tid=11][id=1][SYS_WRITE][0m
[32m[     6.101][0m [34mINFO  [0m: [39m[0m[39m[pid=10][tid=10][id=1][SYS_WRITE][0m
[32m[     6.102][0m [34mINFO  [0m: [39m[0m[39m[pid=11][tid=11][id=7][SYS_POLL][0m
[32m[     6.103][0m [34mINFO  [0m: [39m[0m[39m[pid=10][tid=10][id=7][SYS_POLL][0m
[32m[     6.104][0m [34mINFO  [0m: [39m[0m[39m[pid=11][tid=11][id=0][SYS_READ][0m
[32m[     6.105][0m [34mINFO  [0m: [39m[0m[39m[pid=10][tid=10][id=0][SYS_READ][0m
[32m[     6.106][0m [34mINFO  [0m: [39m[0m[39m[pid=11][tid=11][id=1][SYS_WRITE][0m
[32m[     6.107][0m [34mINFO  [0m: [39m[0m[39m[pid=10][tid=10][id=1][SYS_WRITE][0m
i[32m[     6.108][0m [34mINFO  [0m: [39m[0m[39m[pid=11][tid=11][id=7][SYS_POLL][0m
[32m[     6.109][0m [34mINFO  [0m: [39m[0m[39m[pid=10][tid=10][id=1][SYS_WRITE][0m
[32m[     6.110][0m [34mINFO  [0m: [39m[0m[39m[pid=11][tid=11][id=0][SYS_READ][0m
[32m[     6.111][0m [34mINFO  [0m: [39m[0m[39m[pid=11][tid=11][id=1][SYS_WRITE][0m
[32m[     6.112][0m [34mINFO  [0m: [39m[0m[39m[pid=10][tid=10][id=7][SYS_POLL][0m
[32m[     6.113][0m [34mINFO  [0m: [39m[0m[39m[pid=11][tid=11][id=7][SYS_POLL][0m
[32m[     6.114][0m [34mINFO  [0m: [39m[0m[39m[pid=10][tid=10][id=0][SYS_READ][0m
[32m[     6.115][0m [34mINFO  [0m: [39m[0m[39m[pid=10][tid=10][id=1][SYS_WRITE][0m
ty[32m[     6.116][0m [34mINFO  [0m: [39m[0m[39m[pid=11][tid=11][id=0][SYS_READ][0m
[32m[     6.117][0m [34mINFO  [0m: [39m[0m[39m[pid=10][tid=10][id=1][SYS_WRITE][0m
[32m[     6.118][0m [34mINFO  [0m: [39m[0m[39m[pid=11][tid=11][id=1][SYS_WRITE][0m
[32m[     6.119][0m [34mINFO  [0m: [39m[0m[39m[pid=10][tid=10][id=7][SYS_POLL][0m
[32m[     6.120][0m [34mINFO  [0m: [39m[0m[39m[pid=11][tid=11][id=7][SYS_POLL][0m
[32m[     6.121][0m [34mINFO  [0m: [39m[0m[39m[pid=10][tid=10][id=0][SYS_READ][0m
[32m[     6.122][0m [34mINFO  [0m: [39m[0m[39m[pid=11][tid=11][id=0][SYS_READ][0m
[32m[     6.123][0m [34mINFO  [0m: [39m[0m[39m[pid=10][tid=10][id=1][SYS_WRITE][0m
)[32m[     6.124][0m [34mINFO  [0m: [39m[0m[39m[pid=11][tid=11][id=1][SYS_WRITE][0m
[32m[     6.125][0m [34mINFO  [0m: [39m[0m[39m[pid=10][tid=10][id=1][SYS_WRITE][0m
[32m[     6.126][0m [34mINFO  [0m: [39m[0m[39m[pid=11][tid=11][id=7][SYS_POLL][0m
[32m[     6.127][0m [34mINFO  [0m: [39m[0m[39m[pid=10][tid=10][id=7][SYS_POLL][0m
[32m[     6.128][0m [34mINFO  [0m: [39m[0m[39m[pid=11][tid=11][id=0][SYS_READ][0m
[32m[     6.129][0m [34mINFO  [0m: [39m[0m[39m[pid=11][tid=11][id=1][SYS_WRITE][0m
[32m[     6.130][0m [34mINFO  [0m: [39m[0m[39m[pid=10][tid=10][id=0][SYS_READ][0m
[32m[     6.131][0m [34mINFO  [0m: [39m[0m[39m[pid=10][tid=10][id=1][SYS_WRITE][0m
" [32m[     6.132][0m [34mINFO  [0m: [39m[0m[39m[pid=11][tid=11][id=7][SYS_POLL][0m
[32m[     6.133][0m [34mINFO  [0m: [39m[0m[39m[pid=10][tid=10][id=1][SYS_WRITE][0m
[32m[     6.134][0m [34mINFO  [0m: [39m[0m[39m[pid=11][tid=11][id=0][SYS_READ][0m
[32m[     6.135][0m [34mINFO  [0m: [39m[0m[39m[pid=10][tid=10][id=7][SYS_POLL][0m
[32m[     6.136][0m [34mINFO  [0m: [39m[0m[39m[pid=11][tid=11][id=1][SYS_WRITE][0m
[32m[     6.137][0m [34mINFO  [0m: [39m[0m[39m[pid=11][tid=11][id=7][SYS_POLL][0m
[32m[     6.138][0m [34mINFO  [0m: [39m[0m[39m[pid=10][tid=10][id=0][SYS_READ][0m
[32m[     6.139][0m [34mINFO  [0m: [39m[0m[39m[pid=11][tid=11][id=0][SYS_READ][0m
[32m[     6.140][0m [34mINFO  [0m: [39m[0m[39m[pid=10][tid=10][id=1][SYS_WRITE][0m
=[32m[     6.141][0m [34mINFO  [0m: [39m[0m[39m[pid=11][tid=11][id=1][SYS_WRITE][0m
[32m[     6.142][0m [34mINFO  [0m: [39m[0m[39m[pid=10][tid=10][id=1][SYS_WRITE][0m
[32m[     6.143][0m [34mINFO  [0m: [39m[0m[39m[pid=11][tid=11][id=7][SYS_POLL][0m
[32m[     6.144][0m [34mINFO  [0m: [39m[0m[39m[pid=10][tid=10][id=7][SYS_POLL][0m
[32m[     6.145][0m [34mINFO  [0m: [39m[0m[39m[pid=10][tid=10][id=0][SYS_READ][0m
[32m[     6.146][0m [34mINFO  [0m: [39m[0m[39m[pid=11][tid=11][id=0][SYS_READ][0m
[32m[     6.147][0m [34mINFO  [0m: [39m[0m[39m[pid=10][tid=10][id=1][SYS_WRITE][0m
 [32m[     6.148][0m [34mINFO  [0m: [39m[0m[39m[pid=11][tid=11][id=1][SYS_WRITE][0m
[32m[     6.149][0m [34mINFO  [0m: [39m[0m[39m[pid=11][tid=11][id=7][SYS_POLL][0m
[32m[     6.150][0m [34mINFO  [0m: [39m[0m[39m[pid=10][tid=10][id=1][SYS_WRITE][0m
[32m[     6.151][0m [34mINFO  [0m: [39m[0m[39m[pid=11][tid=11][id=0][SYS_READ][0m
[32m[     6.152][0m [34mINFO  [0m: [39m[0m[39m[pid=10][tid=10][id=7][SYS_POLL][0m
[32m[     6.153][0m [34mINFO  [0m: [39m[0m[39m[pid=11][tid=11][id=1][SYS_WRITE][0m
[32m[     6.154][0m [34mINFO  [0m: [39m[0m[39m[pid=10][tid=10][id=0][SYS_READ][0m
[32m[     6.155][0m [34mINFO  [0m: [39m[0m[39m[pid=10][tid=10][id=1][SYS_WRITE][0m
07[32m[     6.156][0m [34mINFO  [0m: [39m[0m[39m[pid=11][tid=11][id=7][SYS_POLL][0m
[32m[     6.157][0m [34mINFO  [0m: [39m[0m[39m[pid=10][tid=10][id=1][SYS_WRITE][0m
[32m[     6.158][0m [34mINFO  [0m: [39m[0m[39m[pid=11][tid=11][id=0][SYS_READ][0m
[32m[     6.159][0m [34mINFO  [0m: [39m[0m[39m[pid=10][tid=10][id=7][SYS_POLL][0m
[32m[     6.160][0m [34mINFO  [0m: [39m[0m[39m[pid=11][tid=11][id=1][SYS_WRITE][0m
[32m[     6.161][0m [34mINFO  [0m: [39m[0m[39m[pid=11][tid=11][id=7][SYS_POLL][0m
[32m[     6.162][0m [34mINFO  [0m: [39m[0m[39m[pid=10][tid=10][id=0][SYS_READ][0m
[32m[     6.163][0m [34mINFO  [0m: [39m[0m[39m[pid=11][tid=11][id=0][SYS_READ][0m
[32m[     6.164][0m [34mINFO  [0m: [39m[0m[39m[pid=11][tid=11][id=1][SYS_WRITE][0m
[32m[     6.165][0m [34mINFO  [0m: [39m[0m[39m[pid=10][tid=10][id=1][SYS_WRITE][0m
 [32m[     6.166][0m [34mINFO  [0m: [39m[0m[39m[pid=11][tid=11][id=7][SYS_POLL][0m
[32m[     6.167][0m [34mINFO  [0m: [39m[0m[39m[pid=10][tid=10][id=1][SYS_WRITE][0m
[32m[     6.168][0m [34mINFO  [0m: [39m[0m[39m[pid=11][tid=11][id=0][SYS_READ][0m
[32m[     6.169][0m [34mINFO  [0m: [39m[0m[39m[pid=10][tid=10][id=7][SYS_POLL][0m
[32m[     6.170][0m [34mINFO  [0m: [39m[0m[39m[pid=11][tid=11][id=1][SYS_WRITE][0m
[32m[     6.171][0m [34mINFO  [0m: [39m[0m[39m[pid=10][tid=10][id=0][SYS_READ][0m
[32m[     6.172][0m [34mINFO  [0m: [39m[0m[39m[pid=11][tid=11][id=7][SYS_POLL][0m
[32m[     6.173][0m [34mINFO  [0m: [39m[0m[39m[pid=10][tid=10][id=1][SYS_WRITE][0m
&&[32m[     6.174][0m [34mINFO  [0m: [39m[0m[39m[pid=11][tid=11][id=0][SYS_READ][0m
[32m[     6.175][0m [34mINFO  [0m: [39m[0m[39m[pid=10][tid=10][id=1][SYS_WRITE][0m
[32m[     6.176][0m [34mINFO  [0m: [39m[0m[39m[pid=11][tid=11][id=1][SYS_WRITE][0m
[32m[     6.177][0m [34mINFO  [0m: [39m[0m[39m[pid=10][tid=10][id=7][SYS_POLL][0m
[32m[     6.178][0m [34mINFO  [0m: [39m[0m[39m[pid=11][tid=11][id=7][SYS_POLL][0m
[32m[     6.179][0m [34mINFO  [0m: [39m[0m[39m[pid=10][tid=10][id=0][SYS_READ][0m
[32m[     6.180][0m [34mINFO  [0m: [39m[0m[39m[pid=11][tid=11][id=0][SYS_READ][0m
[32m[     6.181][0m [34mINFO  [0m: [39m[0m[39m[pid=10][tid=10][id=1][SYS_WRITE][0m
 [32m[     6.182][0m [34mINFO  [0m: [39m[0m[39m[pid=10][tid=10][id=1][SYS_WRITE][0m
[32m[     6.183][0m [34mINFO  [0m: [39m[0m[39m[pid=11][tid=11][id=1][SYS_WRITE][0m
[32m[     6.184][0m [34mINFO  [0m: [39m[0m[39m[pid=11][tid=11][id=7][SYS_POLL][0m
[32m[     6.185][0m [34mINFO  [0m: [39m[0m[39m[pid=10][tid=10][id=7][SYS_POLL][0m
[32m[     6.186][0m [34mINFO  [0m: [39m[0m[39m[pid=10][tid=10][id=0][SYS_READ][0m
[32m[     6.187][0m [34mINFO  [0m: [39m[0m[39m[pid=11][tid=11][id=0][SYS_READ][0m
[32m[     6.188][0m [34mINFO  [0m: [39m[0m[39m[pid=10][tid=10][id=1][SYS_WRITE][0m
t[32m[     6.189][0m [34mINFO  [0m: [39m[0m[39m[pid=11][tid=11][id=1][SYS_WRITE][0m
[32m[     6.190][0m [34mINFO  [0m: [39m[0m[39m[pid=10][tid=10][id=1][SYS_WRITE][0m
[32m[     6.191][0m [34mINFO  [0m: [39m[0m[39m[pid=11][tid=11][id=7][SYS_POLL][0m
[32m[     6.192][0m [34mINFO  [0m: [39m[0m[39m[pid=10][tid=10][id=7][SYS_POLL][0m
[32m[     6.193][0m [34mINFO  [0m: [39m[0m[39m[pid=10][tid=10][id=0][SYS_READ][0m
[32m[     6.194][0m [34mINFO  [0m: [39m[0m[39m[pid=11][tid=11][id=0][SYS_READ][0m
[32m[     6.195][0m [34mINFO  [0m: [39m[0m[39m[pid=10][tid=10][id=1][SYS_WRITE][0m
e[32m[     6.196][0m [34mINFO  [0m: [39m[0m[39m[pid=11][tid=11][id=1][SYS_WRITE][0m
[32m[     6.197][0m [34mINFO  [0m: [39m[0m[39m[pid=10][tid=10][id=1][SYS_WRITE][0m
[32m[     6.198][0m [34mINFO  [0m: [39m[0m[39m[pid=11][tid=11][id=7][SYS_POLL][0m
[32m[     6.199][0m [34mINFO  [0m: [39m[0m[39m[pid=10][tid=10][id=7][SYS_POLL][0m
[32m[     6.200][0m [34mINFO  [0m: [39m[0m[39m[pid=11][tid=11][id=0][SYS_READ][0m
[32m[     6.201][0m [34mINFO  [0m: [39m[0m[39m[pid=10][tid=10][id=0][SYS_READ][0m
[32m[     6.202][0m [34mINFO  [0m: [39m[0m[39m[pid=11][tid=11][id=1][SYS_WRITE][0m
[32m[     6.203][0m [34mINFO  [0m: [39m[0m[39m[pid=10][tid=10][id=1][SYS_WRITE][0m
s[32m[     6.204][0m [34mINFO  [0m: [39m[0m[39m[pid=11][tid=11][id=7][SYS_POLL][0m
[32m[     6.205][0m [34mINFO  [0m: [39m[0m[39m[pid=10][tid=10][id=1][SYS_WRITE][0m
[32m[     6.206][0m [34mINFO  [0m: [39m[0m[39m[pid=11][tid=11][id=0][SYS_READ][0m
[32m[     6.207][0m [34mINFO  [0m: [39m[0m[39m[pid=10][tid=10][id=7][SYS_POLL][0m
[32m[     6.208][0m [34mINFO  [0m: [39m[0m[39m[pid=11][tid=11][id=1][SYS_WRITE][0m
[32m[     6.209][0m [34mINFO  [0m: [39m[0m[39m[pid=10][tid=10][id=0][SYS_READ][0m
[32m[     6.210][0m [34mINFO  [0m: [39m[0m[39m[pid=11][tid=11][id=7][SYS_POLL][0m
[32m[     6.211][0m [34mINFO  [0m: [39m[0m[39m[pid=10][tid=10][id=1][SYS_WRITE][0m
t [32m[     6.212][0m [34mINFO  [0m: [39m[0m[39m[pid=10][tid=10][id=1][SYS_WRITE][0m
[32m[     6.213][0m [34mINFO  [0m: [39m[0m[39m[pid=11][tid=11][id=0][SYS_READ][0m
[32m[     6.214][0m [34mINFO  [0m: [39m[0m[39m[pid=11][tid=11][id=1][SYS_WRITE][0m
[32m[     6.215][0m [34mINFO  [0m: [39m[0m[39m[pid=10][tid=10][id=7][SYS_POLL][0m
[32m[     6.216][0m [34mINFO  [0m: [39m[0m[39m[pid=11][tid=11][id=7][SYS_POLL][0m
[32m[     6.217][0m [34mINFO  [0m: [39m[0m[39m[pid=10][tid=10][id=0][SYS_READ][0m
[32m[     6.218][0m [34mINFO  [0m: [39m[0m[39m[pid=10][tid=10][id=1][SYS_WRITE][0m
"[32m[     6.219][0m [34mINFO  [0m: [39m[0m[39m[pid=11][tid=11][id=0][SYS_READ][0m
[32m[     6.220][0m [34mINFO  [0m: [39m[0m[39m[pid=11][tid=11][id=1][SYS_WRITE][0m
[32m[     6.221][0m [34mINFO  [0m: [39m[0m[39m[pid=10][tid=10][id=1][SYS_WRITE][0m
[32m[     6.222][0m [34mINFO  [0m: [39m[0m[39m[pid=10][tid=10][id=7][SYS_POLL][0m
[32m[     6.223][0m [34mINFO  [0m: [39m[0m[39m[pid=11][tid=11][id=7][SYS_POLL][0m
[32m[     6.224][0m [34mINFO  [0m: [39m[0m[39m[pid=11][tid=11][id=0][SYS_READ][0m
[32m[     6.225][0m [34mINFO  [0m: [39m[0m[39m[pid=10][tid=10][id=0][SYS_READ][0m
[32m[     6.226][0m [34mINFO  [0m: [39m[0m[39m[pid=11][tid=11][id=1][SYS_WRITE][0m
[32m[     6.227][0m [34mINFO  [0m: [39m[0m[39m[pid=10][tid=10][id=1][SYS_WRITE][0m
$[32m[     6.228][0m [34mINFO  [0m: [39m[0m[39m[pid=10][tid=10][id=1][SYS_WRITE][0m
[32m[     6.229][0m [34mINFO  [0m: [39m[0m[39m[pid=11][tid=11][id=7][SYS_POLL][0m
[32m[     6.230][0m [34mINFO  [0m: [39m[0m[39m[pid=11][tid=11][id=0][SYS_READ][0m
[32m[     6.231][0m [34mINFO  [0m: [39m[0m[39m[pid=10][tid=10][id=7][SYS_POLL][0m
[32m[     6.232][0m [34mINFO  [0m: [39m[0m[39m[pid=11][tid=11][id=1][SYS_WRITE][0m
[32m[     6.233][0m [34mINFO  [0m: [39m[0m[39m[pid=10][tid=10][id=0][SYS_READ][0m
[32m[     6.234][0m [34mINFO  [0m: [39m[0m[39m[pid=11][tid=11][id=7][SYS_POLL][0m
[32m[     6.235][0m [34mINFO  [0m: [39m[0m[39m[pid=10][tid=10][id=1][SYS_WRITE][0m
(c[32m[     6.236][0m [34mINFO  [0m: [39m[0m[39m[pid=11][tid=11][id=0][SYS_READ][0m
[32m[     6.237][0m [34mINFO  [0m: [39m[0m[39m[pid=10][tid=10][id=1][SYS_WRITE][0m
[32m[     6.238][0m [34mINFO  [0m: [39m[0m[39m[pid=11][tid=11][id=1][SYS_WRITE][0m
[32m[     6.239][0m [34mINFO  [0m: [39m[0m[39m[pid=10][tid=10][id=7][SYS_POLL][0m
[32m[     6.240][0m [34mINFO  [0m: [39m[0m[39m[pid=11][tid=11][id=7][SYS_POLL][0m
[32m[     6.241][0m [34mINFO  [0m: [39m[0m[39m[pid=10][tid=10][id=0][SYS_READ][0m
[32m[     6.242][0m [34mINFO  [0m: [39m[0m[39m[pid=11][tid=11][id=0][SYS_READ][0m
[32m[     6.243][0m [34mINFO  [0m: [39m[0m[39m[pid=10][tid=10][id=1][SYS_WRITE][0m
a[32m[     6.244][0m [34mINFO  [0m: [39m[0m[39m[pid=11][tid=11][id=1][SYS_WRITE][0m
[32m[     6.245][0m [34mINFO  [0m: [39m[0m[39m[pid=10][tid=10][id=1][SYS_WRITE][0m
[32m[     6.246][0m [34mINFO  [0m: [39m[0m[39m[pid=11][tid=11][id=7][SYS_POLL][0m
[32m[     6.247][0m [34mINFO  [0m: [39m[0m[39m[pid=10][tid=10][id=7][SYS_POLL][0m
[32m[     6.248][0m [34mINFO  [0m: [39m[0m[39m[pid=11][tid=11][id=0][SYS_READ][0m
[32m[     6.249][0m [34mINFO  [0m: [39m[0m[39m[pid=10][tid=10][id=0][SYS_READ][0m
[32m[     6.250][0m [34mINFO  [0m: [39m[0m[39m[pid=11][tid=11][id=1][SYS_WRITE][0m
[32m[     6.251][0m [34mINFO  [0m: [39m[0m[39m[pid=11][tid=11][id=7][SYS_POLL][0m
[32m[     6.252][0m [34mINFO  [0m: [39m[0m[39m[pid=10][tid=10][id=1][SYS_WRITE][0m
t[32m[     6.253][0m [34mINFO  [0m: [39m[0m[39m[pid=10][tid=10][id=1][SYS_WRITE][0m
[32m[     6.254][0m [34mINFO  [0m: [39m[0m[39m[pid=11][tid=11][id=0][SYS_READ][0m
[32m[     6.255][0m [34mINFO  [0m: [39m[0m[39m[pid=10][tid=10][id=7][SYS_POLL][0m
[32m[     6.256][0m [34mINFO  [0m: [39m[0m[39m[pid=11][tid=11][id=1][SYS_WRITE][0m
[32m[     6.257][0m [34mINFO  [0m: [39m[0m[39m[pid=10][tid=10][id=0][SYS_READ][0m
[32m[     6.258][0m [34mINFO  [0m: [39m[0m[39m[pid=11][tid=11][id=7][SYS_POLL][0m
[32m[     6.259][0m [34mINFO  [0m: [39m[0m[39m[pid=10][tid=10][id=1][SYS_WRITE][0m
 /[32m[     6.260][0m [34mINFO  [0m: [39m[0m[39m[pid=11][tid=11][id=0][SYS_READ][0m
[32m[     6.261][0m [34mINFO  [0m: [39m[0m[39m[pid=10][tid=10][id=1][SYS_WRITE][0m
[32m[     6.262][0m [34mINFO  [0m: [39m[0m[39m[pid=11][tid=11][id=1][SYS_WRITE][0m
[32m[     6.263][0m [34mINFO  [0m: [39m[0m[39m[pid=11][tid=11][id=7][SYS_POLL][0m
[32m[     6.264][0m [34mINFO  [0m: [39m[0m[39m[pid=10][tid=10][id=7][SYS_POLL][0m
[32m[     6.265][0m [34mINFO  [0m: [39m[0m[39m[pid=11][tid=11][id=0][SYS_READ][0m
[32m[     6.266][0m [34mINFO  [0m: [39m[0m[39m[pid=10][tid=10][id=0][SYS_READ][0m
[32m[     6.267][0m [34mINFO  [0m: [39m[0m[39m[pid=11][tid=11][id=1][SYS_WRITE][0m
[32m[     6.268][0m [34mINFO  [0m: [39m[0m[39m[pid=10][tid=10][id=1][SYS_WRITE][0m
s[32m[     6.269][0m [34mINFO  [0m: [39m[0m[39m[pid=11][tid=11][id=7][SYS_POLL][0m
[32m[     6.270][0m [34mINFO  [0m: [39m[0m[39m[pid=10][tid=10][id=1][SYS_WRITE][0m
[32m[     6.271][0m [34mINFO  [0m: [39m[0m[39m[pid=11][tid=11][id=0][SYS_READ][0m
[32m[     6.272][0m [34mINFO  [0m: [39m[0m[39m[pid=11][tid=11][id=1][SYS_WRITE][0m
[32m[     6.273][0m [34mINFO  [0m: [39m[0m[39m[pid=10][tid=10][id=7][SYS_POLL][0m
[32m[     6.274][0m [34mINFO  [0m: [39m[0m[39m[pid=11][tid=11][id=7][SYS_POLL][0m
[32m[     6.275][0m [34mINFO  [0m: [39m[0m[39m[pid=10][tid=10][id=0][SYS_READ][0m
[32m[     6.276][0m [34mINFO  [0m: [39m[0m[39m[pid=11][tid=11][id=0][SYS_READ][0m
[32m[     6.277][0m [34mINFO  [0m: [39m[0m[39m[pid=10][tid=10][id=1][SYS_WRITE][0m
ys[32m[     6.278][0m [34mINFO  [0m: [39m[0m[39m[pid=10][tid=10][id=1][SYS_WRITE][0m
[32m[     6.279][0m [34mINFO  [0m: [39m[0m[39m[pid=11][tid=11][id=1][SYS_WRITE][0m
[32m[     6.280][0m [34mINFO  [0m: [39m[0m[39m[pid=10][tid=10][id=7][SYS_POLL][0m
[32m[     6.281][0m [34mINFO  [0m: [39m[0m[39m[pid=11][tid=11][id=7][SYS_POLL][0m
[32m[     6.282][0m [34mINFO  [0m: [39m[0m[39m[pid=11][tid=11][id=0][SYS_READ][0m
[32m[     6.283][0m [34mINFO  [0m: [39m[0m[39m[pid=10][tid=10][id=0][SYS_READ][0m
[32m[     6.284][0m [34mINFO  [0m: [39m[0m[39m[pid=10][tid=10][id=1][SYS_WRITE][0m
/[32m[     6.285][0m [34mINFO  [0m: [39m[0m[39m[pid=11][tid=11][id=1][SYS_WRITE][0m
[32m[     6.286][0m [34mINFO  [0m: [39m[0m[39m[pid=10][tid=10][id=1][SYS_WRITE][0m
[32m[     6.287][0m [34mINFO  [0m: [39m[0m[39m[pid=11][tid=11][id=7][SYS_POLL][0m
[32m[     6.288][0m [34mINFO  [0m: [39m[0m[39m[pid=10][tid=10][id=7][SYS_POLL][0m
[32m[     6.289][0m [34mINFO  [0m: [39m[0m[39m[pid=11][tid=11][id=0][SYS_READ][0m
[32m[     6.290][0m [34mINFO  [0m: [39m[0m[39m[pid=10][tid=10][id=0][SYS_READ][0m
[32m[     6.291][0m [34mINFO  [0m: [39m[0m[39m[pid=11][tid=11][id=1][SYS_WRITE][0m
[32m[     6.292][0m [34mINFO  [0m: [39m[0m[39m[pid=10][tid=10][id=1][SYS_WRITE][0m
p[32m[     6.293][0m [34mINFO  [0m: [39m[0m[39m[pid=11][tid=11][id=7][SYS_POLL][0m
[32m[     6.294][0m [34mINFO  [0m: [39m[0m[39m[pid=10][tid=10][id=1][SYS_WRITE][0m
[32m[     6.295][0m [34mINFO  [0m: [39m[0m[39m[pid=11][tid=11][id=0][SYS_READ][0m
[32m[     6.296][0m [34mINFO  [0m: [39m[0m[39m[pid=10][tid=10][id=7][SYS_POLL][0m
[32m[     6.297][0m [34mINFO  [0m: [39m[0m[39m[pid=10][tid=10][id=0][SYS_READ][0m
[32m[     6.298][0m [34mINFO  [0m: [39m[0m[39m[pid=11][tid=11][id=1][SYS_WRITE][0m
[32m[     6.299][0m [34mINFO  [0m: [39m[0m[39m[pid=10][tid=10][id=1][SYS_WRITE][0m
v[32m[     6.300][0m [34mINFO  [0m: [39m[0m[39m[pid=11][tid=11][id=7][SYS_POLL][0m
[32m[     6.301][0m [34mINFO  [0m: [39m[0m[39m[pid=10][tid=10][id=1][SYS_WRITE][0m
[32m[     6.302][0m [34mINFO  [0m: [39m[0m[39m[pid=11][tid=11][id=0][SYS_READ][0m
[32m[     6.303][0m [34mINFO  [0m: [39m[0m[39m[pid=10][tid=10][id=7][SYS_POLL][0m
[32m[     6.304][0m [34mINFO  [0m: [39m[0m[39m[pid=11][tid=11][id=1][SYS_WRITE][0m
[32m[     6.305][0m [34mINFO  [0m: [39m[0m[39m[pid=10][tid=10][id=0][SYS_READ][0m
[32m[     6.306][0m [34mINFO  [0m: [39m[0m[39m[pid=11][tid=11][id=7][SYS_POLL][0m
[32m[     6.307][0m [34mINFO  [0m: [39m[0m[39m[pid=11][tid=11][id=0][SYS_READ][0m
[32m[     6.308][0m [34mINFO  [0m: [39m[0m[39m[pid=10][tid=10][id=1][SYS_WRITE][0m
pa[32m[     6.309][0m [34mINFO  [0m: [39m[0m[39m[pid=11][tid=11][id=1][SYS_WRITE][0m
[32m[     6.310][0m [34mINFO  [0m: [39m[0m[39m[pid=10][tid=10][id=1][SYS_WRITE][0m
[32m[     6.311][0m [34mINFO  [0m: [39m[0m[39m[pid=11][tid=11][id=7][SYS_POLL][0m
[32m[     6.312][0m [34mINFO  [0m: [39m[0m[39m[pid=10][tid=10][id=7][SYS_POLL][0m
[32m[     6.313][0m [34mINFO  [0m: [39m[0m[39m[pid=11][tid=11][id=0][SYS_READ][0m
[32m[     6.314][0m [34mINFO  [0m: [39m[0m[39m[pid=10][tid=10][id=0][SYS_READ][0m
[32m[     6.315][0m [34mINFO  [0m: [39m[0m[39m[pid=11][tid=11][id=1][SYS_WRITE][0m
[32m[     6.316][0m [34mINFO  [0m: [39m[0m[39m[pid=10][tid=10][id=1][SYS_WRITE][0m
n[32m[     6.317][0m [34mINFO  [0m: [39m[0m[39m[pid=11][tid=11][id=7][SYS_POLL][0m
[32m[     6.318][0m [34mINFO  [0m: [39m[0m[39m[pid=11][tid=11][id=0][SYS_READ][0m
[32m[     6.319][0m [34mINFO  [0m: [39m[0m[39m[pid=10][tid=10][id=1][SYS_WRITE][0m
[32m[     6.320][0m [34mINFO  [0m: [39m[0m[39m[pid=10][tid=10][id=7][SYS_POLL][0m
[32m[     6.321][0m [34mINFO  [0m: [39m[0m[39m[pid=11][tid=11][id=1][SYS_WRITE][0m
[32m[     6.322][0m [34mINFO  [0m: [39m[0m[39m[pid=10][tid=10][id=0][SYS_READ][0m
[32m[     6.323][0m [34mINFO  [0m: [39m[0m[39m[pid=11][tid=11][id=7][SYS_POLL][0m
[32m[     6.324][0m [34mINFO  [0m: [39m[0m[39m[pid=10][tid=10][id=1][SYS_WRITE][0m
i
c[32m[     6.325][0m [34mINFO  [0m: [39m[0m[39m[pid=11][tid=11][id=0][SYS_READ][0m
[32m[     6.326][0m [34mINFO  [0m: [39m[0m[39m[pid=10][tid=10][id=1][SYS_WRITE][0m
[32m[     6.327][0m [34mINFO  [0m: [39m[0m[39m[pid=11][tid=11][id=1][SYS_WRITE][0m
[32m[     6.328][0m [34mINFO  [0m: [39m[0m[39m[pid=10][tid=10][id=7][SYS_POLL][0m
[32m[     6.329][0m [34mINFO  [0m: [39m[0m[39m[pid=11][tid=11][id=7][SYS_POLL][0m
[32m[     6.330][0m [34mINFO  [0m: [39m[0m[39m[pid=10][tid=10][id=0][SYS_READ][0m
[32m[     6.331][0m [34mINFO  [0m: [39m[0m[39m[pid=11][tid=11][id=0][SYS_READ][0m
[32m[     6.332][0m [34mINFO  [0m: [39m[0m[39m[pid=10][tid=10][id=1][SYS_WRITE][0m
/[32m[     6.333][0m [34mINFO  [0m: [39m[0m[39m[pid=11][tid=11][id=1][SYS_WRITE][0m
[32m[     6.334][0m [34mINFO  [0m: [39m[0m[39m[pid=10][tid=10][id=1][SYS_WRITE][0m
[32m[     6.335][0m [34mINFO  [0m: [39m[0m[39m[pid=11][tid=11][id=7][SYS_POLL][0m
[32m[     6.336][0m [34mINFO  [0m: [39m[0m[39m[pid=10][tid=10][id=7][SYS_POLL][0m
[32m[     6.337][0m [34mINFO  [0m: [39m[0m[39m[pid=11][tid=11][id=0][SYS_READ][0m
[32m[     6.338][0m [34mINFO  [0m: [39m[0m[39m[pid=11][tid=11][id=1][SYS_WRITE][0m
[32m[     6.339][0m [34mINFO  [0m: [39m[0m[39m[pid=10][tid=10][id=0][SYS_READ][0m
[32m[     6.340][0m [34mINFO  [0m: [39m[0m[39m[pid=10][tid=10][id=1][SYS_WRITE][0m
ev[32m[     6.341][0m [34mINFO  [0m: [39m[0m[39m[pid=11][tid=11][id=7][SYS_POLL][0m
[32m[     6.342][0m [34mINFO  [0m: [39m[0m[39m[pid=10][tid=10][id=1][SYS_WRITE][0m
[32m[     6.343][0m [34mINFO  [0m: [39m[0m[39m[pid=11][tid=11][id=0][SYS_READ][0m
[32m[     6.344][0m [34mINFO  [0m: [39m[0m[39m[pid=11][tid=11][id=1][SYS_WRITE][0m
[32m[     6.345][0m [34mINFO  [0m: [39m[0m[39m[pid=10][tid=10][id=7][SYS_POLL][0m
[32m[     6.346][0m [34mINFO  [0m: [39m[0m[39m[pid=11][tid=11][id=7][SYS_POLL][0m
[32m[     6.347][0m [34mINFO  [0m: [39m[0m[39m[pid=11][tid=11][id=0][SYS_READ][0m
[32m[     6.348][0m [34mINFO  [0m: [39m[0m[39m[pid=10][tid=10][id=0][SYS_READ][0m
[32m[     6.349][0m [34mINFO  [0m: [39m[0m[39m[pid=11][tid=11][id=1][SYS_WRITE][0m
[32m[     6.350][0m [34mINFO  [0m: [39m[0m[39m[pid=10][tid=10][id=1][SYS_WRITE][0m
e[32m[     6.351][0m [34mINFO  [0m: [39m[0m[39m[pid=10][tid=10][id=1][SYS_WRITE][0m
[32m[     6.352][0m [34mINFO  [0m: [39m[0m[39m[pid=11][tid=11][id=7][SYS_POLL][0m
[32m[     6.353][0m [34mINFO  [0m: [39m[0m[39m[pid=10][tid=10][id=7][SYS_POLL][0m
[32m[     6.354][0m [34mINFO  [0m: [39m[0m[39m[pid=11][tid=11][id=0][SYS_READ][0m
[32m[     6.355][0m [34mINFO  [0m: [39m[0m[39m[pid=11][tid=11][id=1][SYS_WRITE][0m
[32m[     6.356][0m [34mINFO  [0m: [39m[0m[39m[pid=10][tid=10][id=0][SYS_READ][0m
[32m[     6.357][0m [34mINFO  [0m: [39m[0m[39m[pid=11][tid=11][id=7][SYS_POLL][0m
[32m[     6.358][0m [34mINFO  [0m: [39m[0m[39m[pid=10][tid=10][id=1][SYS_WRITE][0m
nt[32m[     6.359][0m [34mINFO  [0m: [39m[0m[39m[pid=11][tid=11][id=0][SYS_READ][0m
[32m[     6.360][0m [34mINFO  [0m: [39m[0m[39m[pid=10][tid=10][id=1][SYS_WRITE][0m
[32m[     6.361][0m [34mINFO  [0m: [39m[0m[39m[pid=10][tid=10][id=7][SYS_POLL][0m
[32m[     6.362][0m [34mINFO  [0m: [39m[0m[39m[pid=11][tid=11][id=1][SYS_WRITE][0m
[32m[     6.363][0m [34mINFO  [0m: [39m[0m[39m[pid=11][tid=11][id=7][SYS_POLL][0m
[32m[     6.364][0m [34mINFO  [0m: [39m[0m[39m[pid=10][tid=10][id=0][SYS_READ][0m
[32m[     6.365][0m [34mINFO  [0m: [39m[0m[39m[pid=11][tid=11][id=0][SYS_READ][0m
[32m[     6.366][0m [34mINFO  [0m: [39m[0m[39m[pid=10][tid=10][id=1][SYS_WRITE][0m
s[32m[     6.367][0m [34mINFO  [0m: [39m[0m[39m[pid=11][tid=11][id=1][SYS_WRITE][0m
[32m[     6.368][0m [34mINFO  [0m: [39m[0m[39m[pid=10][tid=10][id=1][SYS_WRITE][0m
[32m[     6.369][0m [34mINFO  [0m: [39m[0m[39m[pid=11][tid=11][id=7][SYS_POLL][0m
[32m[     6.370][0m [34mINFO  [0m: [39m[0m[39m[pid=10][tid=10][id=7][SYS_POLL][0m
[32m[     6.371][0m [34mINFO  [0m: [39m[0m[39m[pid=11][tid=11][id=0][SYS_READ][0m
[32m[     6.372][0m [34mINFO  [0m: [39m[0m[39m[pid=10][tid=10][id=0][SYS_READ][0m
[32m[     6.373][0m [34mINFO  [0m: [39m[0m[39m[pid=11][tid=11][id=1][SYS_WRITE][0m
[32m[     6.374][0m [34mINFO  [0m: [39m[0m[39m[pid=10][tid=10][id=1][SYS_WRITE][0m
)[32m[     6.375][0m [34mINFO  [0m: [39m[0m[39m[pid=11][tid=11][id=7][SYS_POLL][0m
[32m[     6.376][0m [34mINFO  [0m: [39m[0m[39m[pid=10][tid=10][id=1][SYS_WRITE][0m
[32m[     6.377][0m [34mINFO  [0m: [39m[0m[39m[pid=11][tid=11][id=0][SYS_READ][0m
[32m[     6.378][0m [34mINFO  [0m: [39m[0m[39m[pid=10][tid=10][id=7][SYS_POLL][0m
[32m[     6.379][0m [34mINFO  [0m: [39m[0m[39m[pid=11][tid=11][id=1][SYS_WRITE][0m
[32m[     6.380][0m [34mINFO  [0m: [39m[0m[39m[pid=10][tid=10][id=0][SYS_READ][0m
[32m[     6.381][0m [34mINFO  [0m: [39m[0m[39m[pid=11][tid=11][id=7][SYS_POLL][0m
[32m[     6.382][0m [34mINFO  [0m: [39m[0m[39m[pid=10][tid=10][id=1][SYS_WRITE][0m
" [32m[     6.383][0m [34mINFO  [0m: [39m[0m[39m[pid=11][tid=11][id=0][SYS_READ][0m
[32m[     6.384][0m [34mINFO  [0m: [39m[0m[39m[pid=10][tid=10][id=1][SYS_WRITE][0m
[32m[     6.385][0m [34mINFO  [0m: [39m[0m[39m[pid=11][tid=11][id=1][SYS_WRITE][0m
[32m[     6.386][0m [34mINFO  [0m: [39m[0m[39m[pid=11][tid=11][id=7][SYS_POLL][0m
[32m[     6.387][0m [34mINFO  [0m: [39m[0m[39m[pid=10][tid=10][id=7][SYS_POLL][0m
[32m[     6.388][0m [34mINFO  [0m: [39m[0m[39m[pid=11][tid=11][id=0][SYS_READ][0m
[32m[     6.389][0m [34mINFO  [0m: [39m[0m[39m[pid=10][tid=10][id=0][SYS_READ][0m
[32m[     6.390][0m [34mINFO  [0m: [39m[0m[39m[pid=11][tid=11][id=1][SYS_WRITE][0m
[32m[     6.391][0m [34mINFO  [0m: [39m[0m[39m[pid=10][tid=10][id=1][SYS_WRITE][0m
=[32m[     6.392][0m [34mINFO  [0m: [39m[0m[39m[pid=11][tid=11][id=7][SYS_POLL][0m
[32m[     6.393][0m [34mINFO  [0m: [39m[0m[39m[pid=10][tid=10][id=1][SYS_WRITE][0m
[32m[     6.394][0m [34mINFO  [0m: [39m[0m[39m[pid=11][tid=11][id=0][SYS_READ][0m
[32m[     6.395][0m [34mINFO  [0m: [39m[0m[39m[pid=10][tid=10][id=7][SYS_POLL][0m
[32m[     6.396][0m [34mINFO  [0m: [39m[0m[39m[pid=11][tid=11][id=1][SYS_WRITE][0m
[32m[     6.397][0m [34mINFO  [0m: [39m[0m[39m[pid=10][tid=10][id=0][SYS_READ][0m
[32m[     6.398][0m [34mINFO  [0m: [39m[0m[39m[pid=10][tid=10][id=1][SYS_WRITE][0m
 0[32m[     6.399][0m [34mINFO  [0m: [39m[0m[39m[pid=11][tid=11][id=7][SYS_POLL][0m
[32m[     6.400][0m [34mINFO  [0m: [39m[0m[39m[pid=10][tid=10][id=1][SYS_WRITE][0m
[32m[     6.401][0m [34mINFO  [0m: [39m[0m[39m[pid=11][tid=11][id=0][SYS_READ][0m
[32m[     6.402][0m [34mINFO  [0m: [39m[0m[39m[pid=10][tid=10][id=7][SYS_POLL][0m
[32m[     6.403][0m [34mINFO  [0m: [39m[0m[39m[pid=11][tid=11][id=1][SYS_WRITE][0m
[32m[     6.404][0m [34mINFO  [0m: [39m[0m[39m[pid=11][tid=11][id=7][SYS_POLL][0m
[32m[     6.405][0m [34mINFO  [0m: [39m[0m[39m[pid=10][tid=10][id=0][SYS_READ][0m
[32m[     6.406][0m [34mINFO  [0m: [39m[0m[39m[pid=11][tid=11][id=0][SYS_READ][0m
[32m[     6.407][0m [34mINFO  [0m: [39m[0m[39m[pid=10][tid=10][id=1][SYS_WRITE][0m
7[32m[     6.408][0m [34mINFO  [0m: [39m[0m[39m[pid=10][tid=10][id=1][SYS_WRITE][0m
[32m[     6.409][0m [34mINFO  [0m: [39m[0m[39m[pid=10][tid=10][id=7][SYS_POLL][0m
[32m[     6.410][0m [34mINFO  [0m: [39m[0m[39m[pid=11][tid=11][id=1][SYS_WRITE][0m
[32m[     6.411][0m [34mINFO  [0m: [39m[0m[39m[pid=11][tid=11][id=7][SYS_POLL][0m
[32m[     6.412][0m [34mINFO  [0m: [39m[0m[39m[pid=10][tid=10][id=0][SYS_READ][0m
[32m[     6.413][0m [34mINFO  [0m: [39m[0m[39m[pid=11][tid=11][id=0][SYS_READ][0m
[32m[     6.414][0m [34mINFO  [0m: [39m[0m[39m[pid=10][tid=10][id=1][SYS_WRITE][0m
'[32m[     6.415][0m [34mINFO  [0m: [39m[0m[39m[pid=10][tid=10][id=1][SYS_WRITE][0m
[32m[     6.416][0m [34mINFO  [0m: [39m[0m[39m[pid=11][tid=11][id=1][SYS_WRITE][0m
[32m[     6.417][0m [34mINFO  [0m: [39m[0m[39m[pid=11][tid=11][id=7][SYS_POLL][0m
[32m[     6.418][0m [34mINFO  [0m: [39m[0m[39m[pid=10][tid=10][id=7][SYS_POLL][0m
[32m[     6.419][0m [34mINFO  [0m: [39m[0m[39m[pid=11][tid=11][id=0][SYS_READ][0m
[32m[     6.420][0m [34mINFO  [0m: [39m[0m[39m[pid=10][tid=10][id=0][SYS_READ][0m
[32m[     6.421][0m [34mINFO  [0m: [39m[0m[39m[pid=11][tid=11][id=1][SYS_WRITE][0m
[32m[     6.422][0m [34mINFO  [0m: [39m[0m[39m[pid=10][tid=10][id=1][SYS_WRITE][0m
;[32m[     6.423][0m [34mINFO  [0m: [39m[0m[39m[pid=11][tid=11][id=7][SYS_POLL][0m
[32m[     6.424][0m [34mINFO  [0m: [39m[0m[39m[pid=10][tid=10][id=1][SYS_WRITE][0m
[32m[     6.425][0m [34mINFO  [0m: [39m[0m[39m[pid=11][tid=11][id=0][SYS_READ][0m
[32m[     6.426][0m [34mINFO  [0m: [39m[0m[39m[pid=10][tid=10][id=7][SYS_POLL][0m
[32m[     6.427][0m [34mINFO  [0m: [39m[0m[39m[pid=10][tid=10][id=0][SYS_READ][0m
[32m[     6.428][0m [34mINFO  [0m: [39m[0m[39m[pid=11][tid=11][id=1][SYS_WRITE][0m
[32m[     6.429][0m [34mINFO  [0m: [39m[0m[39m[pid=10][tid=10][id=1][SYS_WRITE][0m
 [32m[     6.430][0m [34mINFO  [0m: [39m[0m[39m[pid=11][tid=11][id=7][SYS_POLL][0m
[32m[     6.431][0m [34mINFO  [0m: [39m[0m[39m[pid=10][tid=10][id=1][SYS_WRITE][0m
[32m[     6.432][0m [34mINFO  [0m: [39m[0m[39m[pid=11][tid=11][id=0][SYS_READ][0m
[32m[     6.433][0m [34mINFO  [0m: [39m[0m[39m[pid=10][tid=10][id=7][SYS_POLL][0m
[32m[     6.434][0m [34mINFO  [0m: [39m[0m[39m[pid=11][tid=11][id=1][SYS_WRITE][0m
[32m[     6.435][0m [34mINFO  [0m: [39m[0m[39m[pid=10][tid=10][id=0][SYS_READ][0m
[32m[     6.436][0m [34mINFO  [0m: [39m[0m[39m[pid=11][tid=11][id=7][SYS_POLL][0m
[32m[     6.437][0m [34mINFO  [0m: [39m[0m[39m[pid=10][tid=10][id=1][SYS_WRITE][0m
__[32m[     6.438][0m [34mINFO  [0m: [39m[0m[39m[pid=11][tid=11][id=0][SYS_READ][0m
[32m[     6.439][0m [34mINFO  [0m: [39m[0m[39m[pid=10][tid=10][id=1][SYS_WRITE][0m
[32m[     6.440][0m [34mINFO  [0m: [39m[0m[39m[pid=11][tid=11][id=1][SYS_WRITE][0m
[32m[     6.441][0m [34mINFO  [0m: [39m[0m[39m[pid=10][tid=10][id=7][SYS_POLL][0m
[32m[     6.442][0m [34mINFO  [0m: [39m[0m[39m[pid=11][tid=11][id=7][SYS_POLL][0m
[32m[     6.443][0m [34mINFO  [0m: [39m[0m[39m[pid=10][tid=10][id=0][SYS_READ][0m
[32m[     6.444][0m [34mINFO  [0m: [39m[0m[39m[pid=11][tid=11][id=0][SYS_READ][0m
[32m[     6.445][0m [34mINFO  [0m: [39m[0m[39m[pid=10][tid=10][id=1][SYS_WRITE][0m
d[32m[     6.446][0m [34mINFO  [0m: [39m[0m[39m[pid=11][tid=11][id=1][SYS_WRITE][0m
[32m[     6.447][0m [34mINFO  [0m: [39m[0m[39m[pid=10][tid=10][id=1][SYS_WRITE][0m
[32m[     6.448][0m [34mINFO  [0m: [39m[0m[39m[pid=11][tid=11][id=7][SYS_POLL][0m
[32m[     6.449][0m [34mINFO  [0m: [39m[0m[39m[pid=10][tid=10][id=7][SYS_POLL][0m
[32m[     6.450][0m [34mINFO  [0m: [39m[0m[39m[pid=11][tid=11][id=0][SYS_READ][0m
[32m[     6.451][0m [34mINFO  [0m: [39m[0m[39m[pid=10][tid=10][id=0][SYS_READ][0m
[32m[     6.452][0m [34mINFO  [0m: [39m[0m[39m[pid=11][tid=11][id=1][SYS_WRITE][0m
[32m[     6.453][0m [34mINFO  [0m: [39m[0m[39m[pid=10][tid=10][id=1][SYS_WRITE][0m
p[32m[     6.454][0m [34mINFO  [0m: [39m[0m[39m[pid=11][tid=11][id=7][SYS_POLL][0m
[32m[     6.455][0m [34mINFO  [0m: [39m[0m[39m[pid=11][tid=11][id=0][SYS_READ][0m
[32m[     6.456][0m [34mINFO  [0m: [39m[0m[39m[pid=10][tid=10][id=1][SYS_WRITE][0m
[32m[     6.457][0m [34mINFO  [0m: [39m[0m[39m[pid=11][tid=11][id=1][SYS_WRITE][0m
[32m[     6.458][0m [34mINFO  [0m: [39m[0m[39m[pid=10][tid=10][id=7][SYS_POLL][0m
[32m[     6.459][0m [34mINFO  [0m: [39m[0m[39m[pid=11][tid=11][id=7][SYS_POLL][0m
[32m[     6.460][0m [34mINFO  [0m: [39m[0m[39m[pid=11][tid=11][id=0][SYS_READ][0m
[32m[     6.461][0m [34mINFO  [0m: [39m[0m[39m[pid=10][tid=10][id=0][SYS_READ][0m
[32m[     6.462][0m [34mINFO  [0m: [39m[0m[39m[pid=11][tid=11][id=1][SYS_WRITE][0m
[32m[     6.463][0m [34mINFO  [0m: [39m[0m[39m[pid=10][tid=10][id=1][SYS_WRITE][0m
f_[32m[     6.464][0m [34mINFO  [0m: [39m[0m[39m[pid=11][tid=11][id=7][SYS_POLL][0m
[32m[     6.465][0m [34mINFO  [0m: [39m[0m[39m[pid=10][tid=10][id=1][SYS_WRITE][0m
[32m[     6.466][0m [34mINFO  [0m: [39m[0m[39m[pid=11][tid=11][id=0][SYS_READ][0m
[32m[     6.467][0m [34mINFO  [0m: [39m[0m[39m[pid=10][tid=10][id=7][SYS_POLL][0m
[32m[     6.468][0m [34mINFO  [0m: [39m[0m[39m[pid=11][tid=11][id=1][SYS_WRITE][0m
[32m[     6.469][0m [34mINFO  [0m: [39m[0m[39m[pid=10][tid=10][id=0][SYS_READ][0m
[32m[     6.470][0m [34mINFO  [0m: [39m[0m[39m[pid=10][tid=10][id=1][SYS_WRITE][0m
ex[32m[     6.471][0m [34mINFO  [0m: [39m[0m[39m[pid=11][tid=11][id=7][SYS_POLL][0m
[32m[     6.472][0m [34mINFO  [0m: [39m[0m[39m[pid=10][tid=10][id=1][SYS_WRITE][0m
[32m[     6.473][0m [34mINFO  [0m: [39m[0m[39m[pid=11][tid=11][id=0][SYS_READ][0m
[32m[     6.474][0m [34mINFO  [0m: [39m[0m[39m[pid=10][tid=10][id=7][SYS_POLL][0m
[32m[     6.475][0m [34mINFO  [0m: [39m[0m[39m[pid=11][tid=11][id=1][SYS_WRITE][0m
[32m[     6.476][0m [34mINFO  [0m: [39m[0m[39m[pid=11][tid=11][id=7][SYS_POLL][0m
[32m[     6.477][0m [34mINFO  [0m: [39m[0m[39m[pid=10][tid=10][id=0][SYS_READ][0m
[32m[     6.478][0m [34mINFO  [0m: [39m[0m[39m[pid=11][tid=11][id=0][SYS_READ][0m
[32m[     6.479][0m [34mINFO  [0m: [39m[0m[39m[pid=11][tid=11][id=1][SYS_WRITE][0m
[32m[     6.480][0m [34mINFO  [0m: [39m[0m[39m[pid=10][tid=10][id=1][SYS_WRITE][0m
i[32m[     6.481][0m [34mINFO  [0m: [39m[0m[39m[pid=11][tid=11][id=7][SYS_POLL][0m
[32m[     6.482][0m [34mINFO  [0m: [39m[0m[39m[pid=10][tid=10][id=1][SYS_WRITE][0m
[32m[     6.483][0m [34mINFO  [0m: [39m[0m[39m[pid=11][tid=11][id=0][SYS_READ][0m
[32m[     6.484][0m [34mINFO  [0m: [39m[0m[39m[pid=10][tid=10][id=7][SYS_POLL][0m
[32m[     6.485][0m [34mINFO  [0m: [39m[0m[39m[pid=11][tid=11][id=1][SYS_WRITE][0m
[32m[     6.486][0m [34mINFO  [0m: [39m[0m[39m[pid=10][tid=10][id=0][SYS_READ][0m
[32m[     6.487][0m [34mINFO  [0m: [39m[0m[39m[pid=11][tid=11][id=7][SYS_POLL][0m
[32m[     6.488][0m [34mINFO  [0m: [39m[0m[39m[pid=10][tid=10][id=1][SYS_WRITE][0m
t=[32m[     6.489][0m [34mINFO  [0m: [39m[0m[39m[pid=11][tid=11][id=0][SYS_READ][0m
[32m[     6.490][0m [34mINFO  [0m: [39m[0m[39m[pid=10][tid=10][id=1][SYS_WRITE][0m
[32m[     6.491][0m [34mINFO  [0m: [39m[0m[39m[pid=11][tid=11][id=1][SYS_WRITE][0m
[32m[     6.492][0m [34mINFO  [0m: [39m[0m[39m[pid=10][tid=10][id=7][SYS_POLL][0m
[32m[     6.493][0m [34mINFO  [0m: [39m[0m[39m[pid=11][tid=11][id=7][SYS_POLL][0m
[32m[     6.494][0m [34mINFO  [0m: [39m[0m[39m[pid=10][tid=10][id=0][SYS_READ][0m
[32m[     6.495][0m [34mINFO  [0m: [39m[0m[39m[pid=10][tid=10][id=1][SYS_WRITE][0m
$[32m[     6.496][0m [34mINFO  [0m: [39m[0m[39m[pid=11][tid=11][id=0][SYS_READ][0m
[32m[     6.497][0m [34mINFO  [0m: [39m[0m[39m[pid=10][tid=10][id=1][SYS_WRITE][0m
[32m[     6.498][0m [34mINFO  [0m: [39m[0m[39m[pid=11][tid=11][id=1][SYS_WRITE][0m
[32m[     6.499][0m [34mINFO  [0m: [39m[0m[39m[pid=10][tid=10][id=7][SYS_POLL][0m
[32m[     6.500][0m [34mINFO  [0m: [39m[0m[39m[pid=11][tid=11][id=7][SYS_POLL][0m
[32m[     6.501][0m [34mINFO  [0m: [39m[0m[39m[pid=10][tid=10][id=0][SYS_READ][0m
[32m[     6.502][0m [34mINFO  [0m: [39m[0m[39m[pid=11][tid=11][id=0][SYS_READ][0m
[32m[     6.503][0m [34mINFO  [0m: [39m[0m[39m[pid=10][tid=10][id=1][SYS_WRITE][0m
?[32m[     6.504][0m [34mINFO  [0m: [39m[0m[39m[pid=11][tid=11][id=1][SYS_WRITE][0m
[32m[     6.505][0m [34mINFO  [0m: [39m[0m[39m[pid=11][tid=11][id=7][SYS_POLL][0m
[32m[     6.506][0m [34mINFO  [0m: [39m[0m[39m[pid=10][tid=10][id=1][SYS_WRITE][0m
[32m[     6.507][0m [34mINFO  [0m: [39m[0m[39m[pid=11][tid=11][id=0][SYS_READ][0m
[32m[     6.508][0m [34mINFO  [0m: [39m[0m[39m[pid=10][tid=10][id=7][SYS_POLL][0m
[32m[     6.509][0m [34mINFO  [0m: [39m[0m[39m[pid=10][tid=10][id=0][SYS_READ][0m
[32m[     6.510][0m [34mINFO  [0m: [39m[0m[39m[pid=11][tid=11][id=1][SYS_WRITE][0m
[32m[     6.511][0m [34mINFO  [0m: [39m[0m[39m[pid=10][tid=10][id=1][SYS_WRITE][0m
;[32m[     6.512][0m [34mINFO  [0m: [39m[0m[39m[pid=11][tid=11][id=7][SYS_POLL][0m
[32m[     6.513][0m [34mINFO  [0m: [39m[0m[39m[pid=11][tid=11][id=0][SYS_READ][0m
[32m[     6.514][0m [34mINFO  [0m: [39m[0m[39m[pid=10][tid=10][id=1][SYS_WRITE][0m
[32m[     6.515][0m [34mINFO  [0m: [39m[0m[39m[pid=11][tid=11][id=1][SYS_WRITE][0m
[32m[     6.516][0m [34mINFO  [0m: [39m[0m[39m[pid=10][tid=10][id=7][SYS_POLL][0m
[32m[     6.517][0m [34mINFO  [0m: [39m[0m[39m[pid=10][tid=10][id=0][SYS_READ][0m
[32m[     6.518][0m [34mINFO  [0m: [39m[0m[39m[pid=11][tid=11][id=7][SYS_POLL][0m
[32m[     6.519][0m [34mINFO  [0m: [39m[0m[39m[pid=10][tid=10][id=1][SYS_WRITE][0m
 p[32m[     6.520][0m [34mINFO  [0m: [39m[0m[39m[pid=11][tid=11][id=0][SYS_READ][0m
[32m[     6.521][0m [34mINFO  [0m: [39m[0m[39m[pid=10][tid=10][id=1][SYS_WRITE][0m
[32m[     6.522][0m [34mINFO  [0m: [39m[0m[39m[pid=11][tid=11][id=1][SYS_WRITE][0m
[32m[     6.523][0m [34mINFO  [0m: [39m[0m[39m[pid=10][tid=10][id=7][SYS_POLL][0m
[32m[     6.524][0m [34mINFO  [0m: [39m[0m[39m[pid=11][tid=11][id=7][SYS_POLL][0m
[32m[     6.525][0m [34mINFO  [0m: [39m[0m[39m[pid=10][tid=10][id=0][SYS_READ][0m
[32m[     6.526][0m [34mINFO  [0m: [39m[0m[39m[pid=10][tid=10][id=1][SYS_WRITE][0m
r[32m[     6.527][0m [34mINFO  [0m: [39m[0m[39m[pid=11][tid=11][id=0][SYS_READ][0m
[32m[     6.528][0m [34mINFO  [0m: [39m[0m[39m[pid=10][tid=10][id=1][SYS_WRITE][0m
[32m[     6.529][0m [34mINFO  [0m: [39m[0m[39m[pid=11][tid=11][id=1][SYS_WRITE][0m
[32m[     6.530][0m [34mINFO  [0m: [39m[0m[39m[pid=11][tid=11][id=7][SYS_POLL][0m
[32m[     6.531][0m [34mINFO  [0m: [39m[0m[39m[pid=10][tid=10][id=7][SYS_POLL][0m
[32m[     6.532][0m [34mINFO  [0m: [39m[0m[39m[pid=10][tid=10][id=0][SYS_READ][0m
[32m[     6.533][0m [34mINFO  [0m: [39m[0m[39m[pid=11][tid=11][id=0][SYS_READ][0m
[32m[     6.534][0m [34mINFO  [0m: [39m[0m[39m[pid=11][tid=11][id=1][SYS_WRITE][0m
[32m[     6.535][0m [34mINFO  [0m: [39m[0m[39m[pid=10][tid=10][id=1][SYS_WRITE][0m
i[32m[     6.536][0m [34mINFO  [0m: [39m[0m[39m[pid=11][tid=11][id=7][SYS_POLL][0m
[32m[     6.537][0m [34mINFO  [0m: [39m[0m[39m[pid=10][tid=10][id=1][SYS_WRITE][0m
[32m[     6.538][0m [34mINFO  [0m: [39m[0m[39m[pid=10][tid=10][id=7][SYS_POLL][0m
[32m[     6.539][0m [34mINFO  [0m: [39m[0m[39m[pid=11][tid=11][id=0][SYS_READ][0m
[32m[     6.540][0m [34mINFO  [0m: [39m[0m[39m[pid=10][tid=10][id=0][SYS_READ][0m
[32m[     6.541][0m [34mINFO  [0m: [39m[0m[39m[pid=11][tid=11][id=1][SYS_WRITE][0m
[32m[     6.542][0m [34mINFO  [0m: [39m[0m[39m[pid=10][tid=10][id=1][SYS_WRITE][0m
n[32m[     6.543][0m [34mINFO  [0m: [39m[0m[39m[pid=11][tid=11][id=7][SYS_POLL][0m
[32m[     6.544][0m [34mINFO  [0m: [39m[0m[39m[pid=10][tid=10][id=1][SYS_WRITE][0m
[32m[     6.545][0m [34mINFO  [0m: [39m[0m[39m[pid=11][tid=11][id=0][SYS_READ][0m
[32m[     6.546][0m [34mINFO  [0m: [39m[0m[39m[pid=10][tid=10][id=7][SYS_POLL][0m
[32m[     6.547][0m [34mINFO  [0m: [39m[0m[39m[pid=11][tid=11][id=1][SYS_WRITE][0m
[32m[     6.548][0m [34mINFO  [0m: [39m[0m[39m[pid=10][tid=10][id=0][SYS_READ][0m
[32m[     6.549][0m [34mINFO  [0m: [39m[0m[39m[pid=11][tid=11][id=7][SYS_POLL][0m
[32m[     6.550][0m [34mINFO  [0m: [39m[0m[39m[pid=10][tid=10][id=1][SYS_WRITE][0m
tf[32m[     6.551][0m [34mINFO  [0m: [39m[0m[39m[pid=11][tid=11][id=0][SYS_READ][0m
[32m[     6.552][0m [34mINFO  [0m: [39m[0m[39m[pid=10][tid=10][id=1][SYS_WRITE][0m
[32m[     6.553][0m [34mINFO  [0m: [39m[0m[39m[pid=11][tid=11][id=1][SYS_WRITE][0m
[32m[     6.554][0m [34mINFO  [0m: [39m[0m[39m[pid=10][tid=10][id=7][SYS_POLL][0m
[32m[     6.555][0m [34mINFO  [0m: [39m[0m[39m[pid=11][tid=11][id=7][SYS_POLL][0m
[32m[     6.556][0m [34mINFO  [0m: [39m[0m[39m[pid=10][tid=10][id=0][SYS_READ][0m
[32m[     6.557][0m [34mINFO  [0m: [39m[0m[39m[pid=11][tid=11][id=0][SYS_READ][0m
[32m[     6.558][0m [34mINFO  [0m: [39m[0m[39m[pid=10][tid=10][id=1][SYS_WRITE][0m
 [32m[     6.559][0m [34mINFO  [0m: [39m[0m[39m[pid=11][tid=11][id=1][SYS_WRITE][0m
[32m[     6.560][0m [34mINFO  [0m: [39m[0m[39m[pid=10][tid=10][id=1][SYS_WRITE][0m
[32m[     6.561][0m [34mINFO  [0m: [39m[0m[39m[pid=11][tid=11][id=7][SYS_POLL][0m
[32m[     6.562][0m [34mINFO  [0m: [39m[0m[39m[pid=10][tid=10][id=7][SYS_POLL][0m
[32m[     6.563][0m [34mINFO  [0m: [39m[0m[39m[pid=11][tid=11][id=0][SYS_READ][0m
[32m[     6.564][0m [34mINFO  [0m: [39m[0m[39m[pid=11][tid=11][id=1][SYS_WRITE][0m
[32m[     6.565][0m [34mINFO  [0m: [39m[0m[39m[pid=10][tid=10][id=0][SYS_READ][0m
[32m[     6.566][0m [34mINFO  [0m: [39m[0m[39m[pid=11][tid=11][id=7][SYS_POLL][0m
[32m[     6.567][0m [34mINFO  [0m: [39m[0m[39m[pid=10][tid=10][id=1][SYS_WRITE][0m
'\[32m[     6.568][0m [34mINFO  [0m: [39m[0m[39m[pid=11][tid=11][id=0][SYS_READ][0m
[32m[     6.569][0m [34mINFO  [0m: [39m[0m[39m[pid=10][tid=10][id=1][SYS_WRITE][0m
[32m[     6.570][0m [34mINFO  [0m: [39m[0m[39m[pid=11][tid=11][id=1][SYS_WRITE][0m
[32m[     6.571][0m [34mINFO  [0m: [39m[0m[39m[pid=11][tid=11][id=7][SYS_POLL][0m
[32m[     6.572][0m [34mINFO  [0m: [39m[0m[39m[pid=10][tid=10][id=7][SYS_POLL][0m
[32m[     6.573][0m [34mINFO  [0m: [39m[0m[39m[pid=11][tid=11][id=0][SYS_READ][0m
[32m[     6.574][0m [34mINFO  [0m: [39m[0m[39m[pid=10][tid=10][id=0][SYS_READ][0m
[32m[     6.575][0m [34mINFO  [0m: [39m[0m[39m[pid=11][tid=11][id=1][SYS_WRITE][0m
[32m[     6.576][0m [34mINFO  [0m: [39m[0m[39m[pid=10][tid=10][id=1][SYS_WRITE][0m
n[32m[     6.577][0m [34mINFO  [0m: [39m[0m[39m[pid=11][tid=11][id=7][SYS_POLL][0m
[32m[     6.578][0m [34mINFO  [0m: [39m[0m[39m[pid=10][tid=10][id=1][SYS_WRITE][0m
[32m[     6.579][0m [34mINFO  [0m: [39m[0m[39m[pid=11][tid=11][id=0][SYS_READ][0m
[32m[     6.580][0m [34mINFO  [0m: [39m[0m[39m[pid=10][tid=10][id=7][SYS_POLL][0m
[32m[     6.581][0m [34mINFO  [0m: [39m[0m[39m[pid=11][tid=11][id=1][SYS_WRITE][0m
[32m[     6.582][0m [34mINFO  [0m: [39m[0m[39m[pid=10][tid=10][id=0][SYS_READ][0m
[32m[     6.583][0m [34mINFO  [0m: [39m[0m[39m[pid=11][tid=11][id=7][SYS_POLL][0m
[32m[     6.584][0m [34mINFO  [0m: [39m[0m[39m[pid=10][tid=10][id=1][SYS_WRITE][0m
DP[32m[     6.585][0m [34mINFO  [0m: [39m[0m[39m[pid=11][tid=11][id=0][SYS_READ][0m
[32m[     6.586][0m [34mINFO  [0m: [39m[0m[39m[pid=10][tid=10][id=1][SYS_WRITE][0m
[32m[     6.587][0m [34mINFO  [0m: [39m[0m[39m[pid=11][tid=11][id=1][SYS_WRITE][0m
[32m[     6.588][0m [34mINFO  [0m: [39m[0m[39m[pid=10][tid=10][id=7][SYS_POLL][0m
[32m[     6.589][0m [34mINFO  [0m: [39m[0m[39m[pid=11][tid=11][id=7][SYS_POLL][0m
[32m[     6.590][0m [34mINFO  [0m: [39m[0m[39m[pid=10][tid=10][id=0][SYS_READ][0m
[32m[     6.591][0m [34mINFO  [0m: [39m[0m[39m[pid=11][tid=11][id=0][SYS_READ][0m
[32m[     6.592][0m [34mINFO  [0m: [39m[0m[39m[pid=10][tid=10][id=1][SYS_WRITE][0m
F[32m[     6.593][0m [34mINFO  [0m: [39m[0m[39m[pid=11][tid=11][id=1][SYS_WRITE][0m
[32m[     6.594][0m [34mINFO  [0m: [39m[0m[39m[pid=10][tid=10][id=1][SYS_WRITE][0m
[32m[     6.595][0m [34mINFO  [0m: [39m[0m[39m[pid=11][tid=11][id=7][SYS_POLL][0m
[32m[     6.596][0m [34mINFO  [0m: [39m[0m[39m[pid=10][tid=10][id=7][SYS_POLL][0m
[32m[     6.597][0m [34mINFO  [0m: [39m[0m[39m[pid=11][tid=11][id=0][SYS_READ][0m
[32m[     6.598][0m [34mINFO  [0m: [39m[0m[39m[pid=10][tid=10][id=0][SYS_READ][0m
[32m[     6.599][0m [34mINFO  [0m: [39m[0m[39m[pid=11][tid=11][id=1][SYS_WRITE][0m
[32m[     6.600][0m [34mINFO  [0m: [39m[0m[39m[pid=10][tid=10][id=1][SYS_WRITE][0m
_[32m[     6.601][0m [34mINFO  [0m: [39m[0m[39m[pid=11][tid=11][id=7][SYS_POLL][0m
[32m[     6.602][0m [34mINFO  [0m: [39m[0m[39m[pid=10][tid=10][id=1][SYS_WRITE][0m
[32m[     6.603][0m [34mINFO  [0m: [39m[0m[39m[pid=11][tid=11][id=0][SYS_READ][0m
[32m[     6.604][0m [34mINFO  [0m: [39m[0m[39m[pid=10][tid=10][id=7][SYS_POLL][0m
[32m[     6.605][0m [34mINFO  [0m: [39m[0m[39m[pid=11][tid=11][id=1][SYS_WRITE][0m
[32m[     6.606][0m [34mINFO  [0m: [39m[0m[39m[pid=10][tid=10][id=0][SYS_READ][0m
[32m[     6.607][0m [34mINFO  [0m: [39m[0m[39m[pid=11][tid=11][id=7][SYS_POLL][0m
[32m[     6.608][0m [34mINFO  [0m: [39m[0m[39m[pid=10][tid=10][id=1][SYS_WRITE][0m
CH[32m[     6.609][0m [34mINFO  [0m: [39m[0m[39m[pid=11][tid=11][id=0][SYS_READ][0m
[32m[     6.610][0m [34mINFO  [0m: [39m[0m[39m[pid=10][tid=10][id=1][SYS_WRITE][0m
[32m[     6.611][0m [34mINFO  [0m: [39m[0m[39m[pid=11][tid=11][id=1][SYS_WRITE][0m
[32m[     6.612][0m [34mINFO  [0m: [39m[0m[39m[pid=10][tid=10][id=7][SYS_POLL][0m
[32m[     6.613][0m [34mINFO  [0m: [39m[0m[39m[pid=11][tid=11][id=7][SYS_POLL][0m
[32m[     6.614][0m [34mINFO  [0m: [39m[0m[39m[pid=11][tid=11][id=0][SYS_READ][0m
[32m[     6.615][0m [34mINFO  [0m: [39m[0m[39m[pid=10][tid=10][id=0][SYS_READ][0m
[32m[     6.616][0m [34mINFO  [0m: [39m[0m[39m[pid=10][tid=10][id=1][SYS_WRITE][0m
E[32m[     6.617][0m [34mINFO  [0m: [39m[0m[39m[pid=11][tid=11][id=1][SYS_WRITE][0m
[32m[     6.618][0m [34mINFO  [0m: [39m[0m[39m[pid=11][tid=11][id=7][SYS_POLL][0m
[32m[     6.619][0m [34mINFO  [0m: [39m[0m[39m[pid=11][tid=11][id=0][SYS_READ][0m
[32m[     6.620][0m [34mINFO  [0m: [39m[0m[39m[pid=10][tid=10][id=1][SYS_WRITE][0m
[32m[     6.621][0m [34mINFO  [0m: [39m[0m[39m[pid=11][tid=11][id=1][SYS_WRITE][0m
[32m[     6.622][0m [34mINFO  [0m: [39m[0m[39m[pid=10][tid=10][id=7][SYS_POLL][0m
[32m[     6.623][0m [34mINFO  [0m: [39m[0m[39m[pid=11][tid=11][id=7][SYS_POLL][0m
[32m[     6.624][0m [34mINFO  [0m: [39m[0m[39m[pid=10][tid=10][id=0][SYS_READ][0m
[32m[     6.625][0m [34mINFO  [0m: [39m[0m[39m[pid=11][tid=11][id=0][SYS_READ][0m
[32m[     6.626][0m [34mINFO  [0m: [39m[0m[39m[pid=10][tid=10][id=1][SYS_WRITE][0m
CK[32m[     6.627][0m [34mINFO  [0m: [39m[0m[39m[pid=10][tid=10][id=1][SYS_WRITE][0m
[32m[     6.628][0m [34mINFO  [0m: [39m[0m[39m[pid=11][tid=11][id=1][SYS_WRITE][0m
[32m[     6.629][0m [34mINFO  [0m: [39m[0m[39m[pid=10][tid=10][id=7][SYS_POLL][0m
[32m[     6.630][0m [34mINFO  [0m: [39m[0m[39m[pid=11][tid=11][id=7][SYS_POLL][0m
[32m[     6.631][0m [34mINFO  [0m: [39m[0m[39m[pid=10][tid=10][id=0][SYS_READ][0m
[32m[     6.632][0m [34mINFO  [0m: [39m[0m[39m[pid=11][tid=11][id=0][SYS_READ][0m
[32m[     6.633][0m [34mINFO  [0m: [39m[0m[39m[pid=10][tid=10][id=1][SYS_WRITE][0m
_[32m[     6.634][0m [34mINFO  [0m: [39m[0m[39m[pid=11][tid=11][id=1][SYS_WRITE][0m
[32m[     6.635][0m [34mINFO  [0m: [39m[0m[39m[pid=10][tid=10][id=1][SYS_WRITE][0m
[32m[     6.636][0m [34mINFO  [0m: [39m[0m[39m[pid=11][tid=11][id=7][SYS_POLL][0m
[32m[     6.637][0m [34mINFO  [0m: [39m[0m[39m[pid=10][tid=10][id=7][SYS_POLL][0m
[32m[     6.638][0m [34mINFO  [0m: [39m[0m[39m[pid=11][tid=11][id=0][SYS_READ][0m
[32m[     6.639][0m [34mINFO  [0m: [39m[0m[39m[pid=10][tid=10][id=0][SYS_READ][0m
[32m[     6.640][0m [34mINFO  [0m: [39m[0m[39m[pid=11][tid=11][id=1][SYS_WRITE][0m
[32m[     6.641][0m [34mINFO  [0m: [39m[0m[39m[pid=10][tid=10][id=1][SYS_WRITE][0m
%[32m[     6.642][0m [34mINFO  [0m: [39m[0m[39m[pid=11][tid=11][id=7][SYS_POLL][0m
[32m[     6.643][0m [34mINFO  [0m: [39m[0m[39m[pid=10][tid=10][id=1][SYS_WRITE][0m
[32m[     6.644][0m [34mINFO  [0m: [39m[0m[39m[pid=11][tid=11][id=0][SYS_READ][0m
[32m[     6.645][0m [34mINFO  [0m: [39m[0m[39m[pid=10][tid=10][id=7][SYS_POLL][0m
[32m[     6.646][0m [34mINFO  [0m: [39m[0m[39m[pid=11][tid=11][id=1][SYS_WRITE][0m
[32m[     6.647][0m [34mINFO  [0m: [39m[0m[39m[pid=10][tid=10][id=0][SYS_READ][0m
[32m[     6.648][0m [34mINFO  [0m: [39m[0m[39m[pid=11][tid=11][id=7][SYS_POLL][0m
[32m[     6.649][0m [34mINFO  [0m: [39m[0m[39m[pid=10][tid=10][id=1][SYS_WRITE][0m
s:[32m[     6.650][0m [34mINFO  [0m: [39m[0m[39m[pid=11][tid=11][id=0][SYS_READ][0m
[32m[     6.651][0m [34mINFO  [0m: [39m[0m[39m[pid=10][tid=10][id=1][SYS_WRITE][0m
[32m[     6.652][0m [34mINFO  [0m: [39m[0m[39m[pid=11][tid=11][id=1][SYS_WRITE][0m
[32m[     6.653][0m [34mINFO  [0m: [39m[0m[39m[pid=10][tid=10][id=7][SYS_POLL][0m
[32m[     6.654][0m [34mINFO  [0m: [39m[0m[39m[pid=11][tid=11][id=7][SYS_POLL][0m
[32m[     6.655][0m [34mINFO  [0m: [39m[0m[39m[pid=11][tid=11][id=0][SYS_READ][0m
[32m[     6.656][0m [34mINFO  [0m: [39m[0m[39m[pid=10][tid=10][id=0][SYS_READ][0m
[32m[     6.657][0m [34mINFO  [0m: [39m[0m[39m[pid=11][tid=11][id=1][SYS_WRITE][0m
[32m[     6.658][0m [34mINFO  [0m: [39m[0m[39m[pid=10][tid=10][id=1][SYS_WRITE][0m
%[32m[     6.659][0m [34mINFO  [0m: [39m[0m[39m[pid=11][tid=11][id=7][SYS_POLL][0m
[32m[     6.660][0m [34mINFO  [0m: [39m[0m[39m[pid=10][tid=10][id=1][SYS_WRITE][0m
[32m[     6.661][0m [34mINFO  [0m: [39m[0m[39m[pid=11][tid=11][id=0][SYS_READ][0m
[32m[     6.662][0m [34mINFO  [0m: [39m[0m[39m[pid=10][tid=10][id=7][SYS_POLL][0m
[32m[     6.663][0m [34mINFO  [0m: [39m[0m[39m[pid=11][tid=11][id=1][SYS_WRITE][0m
[32m[     6.664][0m [34mINFO  [0m: [39m[0m[39m[pid=10][tid=10][id=0][SYS_READ][0m
[32m[     6.665][0m [34mINFO  [0m: [39m[0m[39m[pid=10][tid=10][id=1][SYS_WRITE][0m
s\[32m[     6.666][0m [34mINFO  [0m: [39m[0m[39m[pid=11][tid=11][id=7][SYS_POLL][0m
[32m[     6.667][0m [34mINFO  [0m: [39m[0m[39m[pid=11][tid=11][id=0][SYS_READ][0m
[32m[     6.668][0m [34mINFO  [0m: [39m[0m[39m[pid=10][tid=10][id=1][SYS_WRITE][0m
[32m[     6.669][0m [34mINFO  [0m: [39m[0m[39m[pid=11][tid=11][id=1][SYS_WRITE][0m
[32m[     6.670][0m [34mINFO  [0m: [39m[0m[39m[pid=10][tid=10][id=7][SYS_POLL][0m
[32m[     6.671][0m [34mINFO  [0m: [39m[0m[39m[pid=11][tid=11][id=7][SYS_POLL][0m
[32m[     6.672][0m [34mINFO  [0m: [39m[0m[39m[pid=10][tid=10][id=0][SYS_READ][0m
[32m[     6.673][0m [34mINFO  [0m: [39m[0m[39m[pid=11][tid=11][id=0][SYS_READ][0m
[32m[     6.674][0m [34mINFO  [0m: [39m[0m[39m[pid=10][tid=10][id=1][SYS_WRITE][0m
n[32m[     6.675][0m [34mINFO  [0m: [39m[0m[39m[pid=10][tid=10][id=1][SYS_WRITE][0m
[32m[     6.676][0m [34mINFO  [0m: [39m[0m[39m[pid=11][tid=11][id=1][SYS_WRITE][0m
[32m[     6.677][0m [34mINFO  [0m: [39m[0m[39m[pid=10][tid=10][id=7][SYS_POLL][0m
[32m[     6.678][0m [34mINFO  [0m: [39m[0m[39m[pid=11][tid=11][id=7][SYS_POLL][0m
[32m[     6.679][0m [34mINFO  [0m: [39m[0m[39m[pid=10][tid=10][id=0][SYS_READ][0m
[32m[     6.680][0m [34mINFO  [0m: [39m[0m[39m[pid=11][tid=11][id=0][SYS_READ][0m
[32m[     6.681][0m [34mINFO  [0m: [39m[0m[39m[pid=10][tid=10][id=1][SYS_WRITE][0m
'[32m[     6.682][0m [34mINFO  [0m: [39m[0m[39m[pid=11][tid=11][id=1][SYS_WRITE][0m
[32m[     6.683][0m [34mINFO  [0m: [39m[0m[39m[pid=10][tid=10][id=1][SYS_WRITE][0m
[32m[     6.684][0m [34mINFO  [0m: [39m[0m[39m[pid=11][tid=11][id=7][SYS_POLL][0m
[32m[     6.685][0m [34mINFO  [0m: [39m[0m[39m[pid=10][tid=10][id=7][SYS_POLL][0m
[32m[     6.686][0m [34mINFO  [0m: [39m[0m[39m[pid=11][tid=11][id=0][SYS_READ][0m
[32m[     6.687][0m [34mINFO  [0m: [39m[0m[39m[pid=10][tid=10][id=0][SYS_READ][0m
[32m[     6.688][0m [34mINFO  [0m: [39m[0m[39m[pid=11][tid=11][id=1][SYS_WRITE][0m
[32m[     6.689][0m [34mINFO  [0m: [39m[0m[39m[pid=10][tid=10][id=1][SYS_WRITE][0m
 [32m[     6.690][0m [34mINFO  [0m: [39m[0m[39m[pid=11][tid=11][id=7][SYS_POLL][0m
[32m[     6.691][0m [34mINFO  [0m: [39m[0m[39m[pid=10][tid=10][id=1][SYS_WRITE][0m
[32m[     6.692][0m [34mINFO  [0m: [39m[0m[39m[pid=11][tid=11][id=0][SYS_READ][0m
[32m[     6.693][0m [34mINFO  [0m: [39m[0m[39m[pid=11][tid=11][id=1][SYS_WRITE][0m
[32m[     6.694][0m [34mINFO  [0m: [39m[0m[39m[pid=10][tid=10][id=7][SYS_POLL][0m
[32m[     6.695][0m [34mINFO  [0m: [39m[0m[39m[pid=11][tid=11][id=7][SYS_POLL][0m
[32m[     6.696][0m [34mINFO  [0m: [39m[0m[39m[pid=10][tid=10][id=0][SYS_READ][0m
[32m[     6.697][0m [34mINFO  [0m: [39m[0m[39m[pid=10][tid=10][id=1][SYS_WRITE][0m
27[32m[     6.698][0m [34mINFO  [0m: [39m[0m[39m[pid=11][tid=11][id=0][SYS_READ][0m
[32m[     6.699][0m [34mINFO  [0m: [39m[0m[39m[pid=10][tid=10][id=1][SYS_WRITE][0m
[32m[     6.700][0m [34mINFO  [0m: [39m[0m[39m[pid=11][tid=11][id=1][SYS_WRITE][0m
[32m[     6.701][0m [34mINFO  [0m: [39m[0m[39m[pid=11][tid=11][id=7][SYS_POLL][0m
[32m[     6.702][0m [34mINFO  [0m: [39m[0m[39m[pid=10][tid=10][id=7][SYS_POLL][0m
[32m[     6.703][0m [34mINFO  [0m: [39m[0m[39m[pid=11][tid=11][id=0][SYS_READ][0m
[32m[     6.704][0m [34mINFO  [0m: [39m[0m[39m[pid=10][tid=10][id=0][SYS_READ][0m
[32m[     6.705][0m [34mINFO  [0m: [39m[0m[39m[pid=11][tid=11][id=1][SYS_WRITE][0m
[32m[     6.706][0m [34mINFO  [0m: [39m[0m[39m[pid=10][tid=10][id=1][SYS_WRITE][0m
2[32m[     6.707][0m [34mINFO  [0m: [39m[0m[39m[pid=11][tid=11][id=7][SYS_POLL][0m
[32m[     6.708][0m [34mINFO  [0m: [39m[0m[39m[pid=10][tid=10][id=1][SYS_WRITE][0m
[32m[     6.709][0m [34mINFO  [0m: [39m[0m[39m[pid=11][tid=11][id=0][SYS_READ][0m
[32m[     6.710][0m [34mINFO  [0m: [39m[0m[39m[pid=10][tid=10][id=7][SYS_POLL][0m
[32m[     6.711][0m [34mINFO  [0m: [39m[0m[39m[pid=11][tid=11][id=1][SYS_WRITE][0m
[32m[     6.712][0m [34mINFO  [0m: [39m[0m[39m[pid=10][tid=10][id=0][SYS_READ][0m
[32m[     6.713][0m [34mINFO  [0m: [39m[0m[39m[pid=11][tid=11][id=7][SYS_POLL][0m
[32m[     6.714][0m [34mINFO  [0m: [39m[0m[39m[pid=10][tid=10][id=1][SYS_WRITE][0m
86[32m[     6.715][0m [34mINFO  [0m: [39m[0m[39m[pid=11][tid=11][id=0][SYS_READ][0m
[32m[     6.716][0m [34mINFO  [0m: [39m[0m[39m[pid=10][tid=10][id=1][SYS_WRITE][0m
[32m[     6.717][0m [34mINFO  [0m: [39m[0m[39m[pid=10][tid=10][id=7][SYS_POLL][0m
[32m[     6.718][0m [34mINFO  [0m: [39m[0m[39m[pid=11][tid=11][id=1][SYS_WRITE][0m
[32m[     6.719][0m [34mINFO  [0m: [39m[0m[39m[pid=11][tid=11][id=7][SYS_POLL][0m
[32m[     6.720][0m [34mINFO  [0m: [39m[0m[39m[pid=10][tid=10][id=0][SYS_READ][0m
[32m[     6.721][0m [34mINFO  [0m: [39m[0m[39m[pid=10][tid=10][id=1][SYS_WRITE][0m
f[32m[     6.722][0m [34mINFO  [0m: [39m[0m[39m[pid=11][tid=11][id=0][SYS_READ][0m
[32m[     6.723][0m [34mINFO  [0m: [39m[0m[39m[pid=11][tid=11][id=1][SYS_WRITE][0m
[32m[     6.724][0m [34mINFO  [0m: [39m[0m[39m[pid=10][tid=10][id=1][SYS_WRITE][0m
[32m[     6.725][0m [34mINFO  [0m: [39m[0m[39m[pid=11][tid=11][id=7][SYS_POLL][0m
[32m[     6.726][0m [34mINFO  [0m: [39m[0m[39m[pid=10][tid=10][id=7][SYS_POLL][0m
[32m[     6.727][0m [34mINFO  [0m: [39m[0m[39m[pid=10][tid=10][id=0][SYS_READ][0m
[32m[     6.728][0m [34mINFO  [0m: [39m[0m[39m[pid=11][tid=11][id=0][SYS_READ][0m
[32m[     6.729][0m [34mINFO  [0m: [39m[0m[39m[pid=11][tid=11][id=1][SYS_WRITE][0m
[32m[     6.730][0m [34mINFO  [0m: [39m[0m[39m[pid=10][tid=10][id=1][SYS_WRITE][0m
a[32m[     6.731][0m [34mINFO  [0m: [39m[0m[39m[pid=11][tid=11][id=7][SYS_POLL][0m
[32m[     6.732][0m [34mINFO  [0m: [39m[0m[39m[pid=10][tid=10][id=1][SYS_WRITE][0m
[32m[     6.733][0m [34mINFO  [0m: [39m[0m[39m[pid=11][tid=11][id=0][SYS_READ][0m
[32m[     6.734][0m [34mINFO  [0m: [39m[0m[39m[pid=10][tid=10][id=7][SYS_POLL][0m
[32m[     6.735][0m [34mINFO  [0m: [39m[0m[39m[pid=10][tid=10][id=0][SYS_READ][0m
[32m[     6.736][0m [34mINFO  [0m: [39m[0m[39m[pid=11][tid=11][id=1][SYS_WRITE][0m
[32m[     6.737][0m [34mINFO  [0m: [39m[0m[39m[pid=11][tid=11][id=7][SYS_POLL][0m
[32m[     6.738][0m [34mINFO  [0m: [39m[0m[39m[pid=10][tid=10][id=1][SYS_WRITE][0m
0[32m[     6.739][0m [34mINFO  [0m: [39m[0m[39m[pid=11][tid=11][id=0][SYS_READ][0m
[32m[     6.740][0m [34mINFO  [0m: [39m[0m[39m[pid=11][tid=11][id=1][SYS_WRITE][0m
[32m[     6.741][0m [34mINFO  [0m: [39m[0m[39m[pid=10][tid=10][id=1][SYS_WRITE][0m
[32m[     6.742][0m [34mINFO  [0m: [39m[0m[39m[pid=11][tid=11][id=7][SYS_POLL][0m
[32m[     6.743][0m [34mINFO  [0m: [39m[0m[39m[pid=10][tid=10][id=7][SYS_POLL][0m
[32m[     6.744][0m [34mINFO  [0m: [39m[0m[39m[pid=11][tid=11][id=0][SYS_READ][0m
[32m[     6.745][0m [34mINFO  [0m: [39m[0m[39m[pid=10][tid=10][id=0][SYS_READ][0m
[32m[     6.746][0m [34mINFO  [0m: [39m[0m[39m[pid=11][tid=11][id=1][SYS_WRITE][0m
[32m[     6.747][0m [34mINFO  [0m: [39m[0m[39m[pid=10][tid=10][id=1][SYS_WRITE][0m
cd[32m[     6.748][0m [34mINFO  [0m: [39m[0m[39m[pid=11][tid=11][id=7][SYS_POLL][0m
[32m[     6.749][0m [34mINFO  [0m: [39m[0m[39m[pid=10][tid=10][id=1][SYS_WRITE][0m
[32m[     6.750][0m [34mINFO  [0m: [39m[0m[39m[pid=11][tid=11][id=0][SYS_READ][0m
[32m[     6.751][0m [34mINFO  [0m: [39m[0m[39m[pid=10][tid=10][id=7][SYS_POLL][0m
[32m[     6.752][0m [34mINFO  [0m: [39m[0m[39m[pid=11][tid=11][id=1][SYS_WRITE][0m
[32m[     6.753][0m [34mINFO  [0m: [39m[0m[39m[pid=10][tid=10][id=0][SYS_READ][0m
[32m[     6.754][0m [34mINFO  [0m: [39m[0m[39m[pid=11][tid=11][id=7][SYS_POLL][0m
[32m[     6.755][0m [34mINFO  [0m: [39m[0m[39m[pid=10][tid=10][id=1][SYS_WRITE][0m
0d[32m[     6.756][0m [34mINFO  [0m: [39m[0m[39m[pid=11][tid=11][id=0][SYS_READ][0m
[32m[     6.757][0m [34mINFO  [0m: [39m[0m[39m[pid=10][tid=10][id=1][SYS_WRITE][0m
[32m[     6.758][0m [34mINFO  [0m: [39m[0m[39m[pid=11][tid=11][id=1][SYS_WRITE][0m
[32m[     6.759][0m [34mINFO  [0m: [39m[0m[39m[pid=10][tid=10][id=7][SYS_POLL][0m
[32m[     6.760][0m [34mINFO  [0m: [39m[0m[39m[pid=11][tid=11][id=7][SYS_POLL][0m
[32m[     6.761][0m [34mINFO  [0m: [39m[0m[39m[pid=10][tid=10][id=0][SYS_READ][0m
[32m[     6.762][0m [34mINFO  [0m: [39m[0m[39m[pid=11][tid=11][id=0][SYS_READ][0m
[32m[     6.763][0m [34mINFO  [0m: [39m[0m[39m[pid=10][tid=10][id=1][SYS_WRITE][0m
4[32m[     6.764][0m [34mINFO  [0m: [39m[0m[39m[pid=11][tid=11][id=1][SYS_WRITE][0m
[32m[     6.765][0m [34mINFO  [0m: [39m[0m[39m[pid=10][tid=10][id=1][SYS_WRITE][0m
[32m[     6.766][0m [34mINFO  [0m: [39m[0m[39m[pid=11][tid=11][id=7][SYS_POLL][0m
[32m[     6.767][0m [34mINFO  [0m: [39m[0m[39m[pid=10][tid=10][id=7][SYS_POLL][0m
[32m[     6.768][0m [34mINFO  [0m: [39m[0m[39m[pid=10][tid=10][id=0][SYS_READ][0m
[32m[     6.769][0m [34mINFO  [0m: [39m[0m[39m[pid=11][tid=11][id=0][SYS_READ][0m
[32m[     6.770][0m [34mINFO  [0m: [39m[0m[39m[pid=10][tid=10][id=1][SYS_WRITE][0m
7[32m[     6.771][0m [34mINFO  [0m: [39m[0m[39m[pid=11][tid=11][id=1][SYS_WRITE][0m
[32m[     6.772][0m [34mINFO  [0m: [39m[0m[39m[pid=10][tid=10][id=1][SYS_WRITE][0m
[32m[     6.773][0m [34mINFO  [0m: [39m[0m[39m[pid=11][tid=11][id=7][SYS_POLL][0m
[32m[     6.774][0m [34mINFO  [0m: [39m[0m[39m[pid=10][tid=10][id=7][SYS_POLL][0m
[32m[     6.775][0m [34mINFO  [0m: [39m[0m[39m[pid=11][tid=11][id=0][SYS_READ][0m
[32m[     6.776][0m [34mINFO  [0m: [39m[0m[39m[pid=10][tid=10][id=0][SYS_READ][0m
[32m[     6.777][0m [34mINFO  [0m: [39m[0m[39m[pid=11][tid=11][id=1][SYS_WRITE][0m
[32m[     6.778][0m [34mINFO  [0m: [39m[0m[39m[pid=10][tid=10][id=1][SYS_WRITE][0m
2[32m[     6.779][0m [34mINFO  [0m: [39m[0m[39m[pid=11][tid=11][id=7][SYS_POLL][0m
[32m[     6.780][0m [34mINFO  [0m: [39m[0m[39m[pid=11][tid=11][id=0][SYS_READ][0m
[32m[     6.781][0m [34mINFO  [0m: [39m[0m[39m[pid=10][tid=10][id=1][SYS_WRITE][0m
[32m[     6.782][0m [34mINFO  [0m: [39m[0m[39m[pid=11][tid=11][id=1][SYS_WRITE][0m
[32m[     6.783][0m [34mINFO  [0m: [39m[0m[39m[pid=10][tid=10][id=7][SYS_POLL][0m
[32m[     6.784][0m [34mINFO  [0m: [39m[0m[39m[pid=11][tid=11][id=7][SYS_POLL][0m
[32m[     6.785][0m [34mINFO  [0m: [39m[0m[39m[pid=10][tid=10][id=0][SYS_READ][0m
[32m[     6.786][0m [34mINFO  [0m: [39m[0m[39m[pid=10][tid=10][id=1][SYS_WRITE][0m
39[32m[     6.787][0m [34mINFO  [0m: [39m[0m[39m[pid=11][tid=11][id=0][SYS_READ][0m
[32m[     6.788][0m [34mINFO  [0m: [39m[0m[39m[pid=10][tid=10][id=1][SYS_WRITE][0m
[32m[     6.789][0m [34mINFO  [0m: [39m[0m[39m[pid=11][tid=11][id=1][SYS_WRITE][0m
[32m[     6.790][0m [34mINFO  [0m: [39m[0m[39m[pid=10][tid=10][id=7][SYS_POLL][0m
[32m[     6.791][0m [34mINFO  [0m: [39m[0m[39m[pid=11][tid=11][id=7][SYS_POLL][0m
[32m[     6.792][0m [34mINFO  [0m: [39m[0m[39m[pid=10][tid=10][id=0][SYS_READ][0m
[32m[     6.793][0m [34mINFO  [0m: [39m[0m[39m[pid=11][tid=11][id=0][SYS_READ][0m
[32m[     6.794][0m [34mINFO  [0m: [39m[0m[39m[pid=10][tid=10][id=1][SYS_WRITE][0m
c
[32m[     6.795][0m [34mINFO  [0m: [39m[0m[39m[pid=11][tid=11][id=1][SYS_WRITE][0m
[32m[     6.796][0m [34mINFO  [0m: [39m[0m[39m[pid=10][tid=10][id=1][SYS_WRITE][0m
[32m[     6.797][0m [34mINFO  [0m: [39m[0m[39m[pid=11][tid=11][id=7][SYS_POLL][0m
[32m[     6.798][0m [34mINFO  [0m: [39m[0m[39m[pid=11][tid=11][id=0][SYS_READ][0m
[32m[     6.799][0m [34mINFO  [0m: [39m[0m[39m[pid=10][tid=10][id=7][SYS_POLL][0m
[32m[     6.800][0m [34mINFO  [0m: [39m[0m[39m[pid=11][tid=11][id=1][SYS_WRITE][0m
[32m[     6.801][0m [34mINFO  [0m: [39m[0m[39m[pid=10][tid=10][id=0][SYS_READ][0m
[32m[     6.802][0m [34mINFO  [0m: [39m[0m[39m[pid=10][tid=10][id=1][SYS_WRITE][0m
ba[32m[     6.803][0m [34mINFO  [0m: [39m[0m[39m[pid=11][tid=11][id=7][SYS_POLL][0m
[32m[     6.804][0m [34mINFO  [0m: [39m[0m[39m[pid=10][tid=10][id=1][SYS_WRITE][0m
[32m[     6.805][0m [34mINFO  [0m: [39m[0m[39m[pid=11][tid=11][id=0][SYS_READ][0m
[32m[     6.806][0m [34mINFO  [0m: [39m[0m[39m[pid=10][tid=10][id=7][SYS_POLL][0m
[32m[     6.807][0m [34mINFO  [0m: [39m[0m[39m[pid=11][tid=11][id=1][SYS_WRITE][0m
[32m[     6.808][0m [34mINFO  [0m: [39m[0m[39m[pid=11][tid=11][id=7][SYS_POLL][0m
[32m[     6.809][0m [34mINFO  [0m: [39m[0m[39m[pid=10][tid=10][id=0][SYS_READ][0m
[32m[     6.810][0m [34mINFO  [0m: [39m[0m[39m[pid=11][tid=11][id=0][SYS_READ][0m
[32m[     6.811][0m [34mINFO  [0m: [39m[0m[39m[pid=10][tid=10][id=1][SYS_WRITE][0m
c[32m[     6.812][0m [34mINFO  [0m: [39m[0m[39m[pid=11][tid=11][id=1][SYS_WRITE][0m
[32m[     6.813][0m [34mINFO  [0m: [39m[0m[39m[pid=10][tid=10][id=1][SYS_WRITE][0m
[32m[     6.814][0m [34mINFO  [0m: [39m[0m[39m[pid=11][tid=11][id=7][SYS_POLL][0m
[32m[     6.815][0m [34mINFO  [0m: [39m[0m[39m[pid=10][tid=10][id=7][SYS_POLL][0m
[32m[     6.816][0m [34mINFO  [0m: [39m[0m[39m[pid=11][tid=11][id=0][SYS_READ][0m
[32m[     6.817][0m [34mINFO  [0m: [39m[0m[39m[pid=11][tid=11][id=1][SYS_WRITE][0m
[32m[     6.818][0m [34mINFO  [0m: [39m[0m[39m[pid=10][tid=10][id=0][SYS_READ][0m
[32m[     6.819][0m [34mINFO  [0m: [39m[0m[39m[pid=11][tid=11][id=7][SYS_POLL][0m
[32m[     6.820][0m [34mINFO  [0m: [39m[0m[39m[pid=10][tid=10][id=1][SYS_WRITE][0m
40[32m[     6.821][0m [34mINFO  [0m: [39m[0m[39m[pid=10][tid=10][id=1][SYS_WRITE][0m
[32m[     6.822][0m [34mINFO  [0m: [39m[0m[39m[pid=11][tid=11][id=0][SYS_READ][0m
[32m[     6.823][0m [34mINFO  [0m: [39m[0m[39m[pid=10][tid=10][id=7][SYS_POLL][0m
[32m[     6.824][0m [34mINFO  [0m: [39m[0m[39m[pid=11][tid=11][id=1][SYS_WRITE][0m
[32m[     6.825][0m [34mINFO  [0m: [39m[0m[39m[pid=11][tid=11][id=7][SYS_POLL][0m
[32m[     6.826][0m [34mINFO  [0m: [39m[0m[39m[pid=10][tid=10][id=0][SYS_READ][0m
[32m[     6.827][0m [34mINFO  [0m: [39m[0m[39m[pid=11][tid=11][id=0][SYS_READ][0m
[32m[     6.828][0m [34mINFO  [0m: [39m[0m[39m[pid=10][tid=10][id=1][SYS_WRITE][0m
5[32m[     6.829][0m [34mINFO  [0m: [39m[0m[39m[pid=11][tid=11][id=1][SYS_WRITE][0m
[32m[     6.830][0m [34mINFO  [0m: [39m[0m[39m[pid=10][tid=10][id=1][SYS_WRITE][0m
[32m[     6.831][0m [34mINFO  [0m: [39m[0m[39m[pid=11][tid=11][id=7][SYS_POLL][0m
[32m[     6.832][0m [34mINFO  [0m: [39m[0m[39m[pid=10][tid=10][id=7][SYS_POLL][0m
[32m[     6.833][0m [34mINFO  [0m: [39m[0m[39m[pid=11][tid=11][id=0][SYS_READ][0m
[32m[     6.834][0m [34mINFO  [0m: [39m[0m[39m[pid=10][tid=10][id=0][SYS_READ][0m
[32m[     6.835][0m [34mINFO  [0m: [39m[0m[39m[pid=11][tid=11][id=1][SYS_WRITE][0m
[32m[     6.836][0m [34mINFO  [0m: [39m[0m[39m[pid=10][tid=10][id=1][SYS_WRITE][0m
f[32m[     6.837][0m [34mINFO  [0m: [39m[0m[39m[pid=11][tid=11][id=7][SYS_POLL][0m
[32m[     6.838][0m [34mINFO  [0m: [39m[0m[39m[pid=10][tid=10][id=1][SYS_WRITE][0m
[32m[     6.839][0m [34mINFO  [0m: [39m[0m[39m[pid=11][tid=11][id=0][SYS_READ][0m
[32m[     6.840][0m [34mINFO  [0m: [39m[0m[39m[pid=10][tid=10][id=7][SYS_POLL][0m
[32m[     6.841][0m [34mINFO  [0m: [39m[0m[39m[pid=11][tid=11][id=1][SYS_WRITE][0m
[32m[     6.842][0m [34mINFO  [0m: [39m[0m[39m[pid=10][tid=10][id=0][SYS_READ][0m
[32m[     6.843][0m [34mINFO  [0m: [39m[0m[39m[pid=11][tid=11][id=7][SYS_POLL][0m
[32m[     6.844][0m [34mINFO  [0m: [39m[0m[39m[pid=10][tid=10][id=1][SYS_WRITE][0m
19[32m[     6.845][0m [34mINFO  [0m: [39m[0m[39m[pid=10][tid=10][id=1][SYS_WRITE][0m
[32m[     6.846][0m [34mINFO  [0m: [39m[0m[39m[pid=11][tid=11][id=0][SYS_READ][0m
[32m[     6.847][0m [34mINFO  [0m: [39m[0m[39m[pid=11][tid=11][id=1][SYS_WRITE][0m
[32m[     6.848][0m [34mINFO  [0m: [39m[0m[39m[pid=10][tid=10][id=7][SYS_POLL][0m
[32m[     6.849][0m [34mINFO  [0m: [39m[0m[39m[pid=11][tid=11][id=7][SYS_POLL][0m
[32m[     6.850][0m [34mINFO  [0m: [39m[0m[39m[pid=10][tid=10][id=0][SYS_READ][0m
[32m[     6.851][0m [34mINFO  [0m: [39m[0m[39m[pid=11][tid=11][id=0][SYS_READ][0m
[32m[     6.852][0m [34mINFO  [0m: [39m[0m[39m[pid=10][tid=10][id=1][SYS_WRITE][0m
2[32m[     6.853][0m [34mINFO  [0m: [39m[0m[39m[pid=11][tid=11][id=1][SYS_WRITE][0m
[32m[     6.854][0m [34mINFO  [0m: [39m[0m[39m[pid=11][tid=11][id=7][SYS_POLL][0m
[32m[     6.855][0m [34mINFO  [0m: [39m[0m[39m[pid=10][tid=10][id=1][SYS_WRITE][0m
[32m[     6.856][0m [34mINFO  [0m: [39m[0m[39m[pid=11][tid=11][id=0][SYS_READ][0m
[32m[     6.857][0m [34mINFO  [0m: [39m[0m[39m[pid=10][tid=10][id=7][SYS_POLL][0m
[32m[     6.858][0m [34mINFO  [0m: [39m[0m[39m[pid=11][tid=11][id=1][SYS_WRITE][0m
[32m[     6.859][0m [34mINFO  [0m: [39m[0m[39m[pid=10][tid=10][id=0][SYS_READ][0m
[32m[     6.860][0m [34mINFO  [0m: [39m[0m[39m[pid=11][tid=11][id=7][SYS_POLL][0m
[32m[     6.861][0m [34mINFO  [0m: [39m[0m[39m[pid=10][tid=10][id=1][SYS_WRITE][0m
80[32m[     6.862][0m [34mINFO  [0m: [39m[0m[39m[pid=11][tid=11][id=0][SYS_READ][0m
[32m[     6.863][0m [34mINFO  [0m: [39m[0m[39m[pid=10][tid=10][id=1][SYS_WRITE][0m
[32m[     6.864][0m [34mINFO  [0m: [39m[0m[39m[pid=11][tid=11][id=1][SYS_WRITE][0m
[32m[     6.865][0m [34mINFO  [0m: [39m[0m[39m[pid=10][tid=10][id=7][SYS_POLL][0m
[32m[     6.866][0m [34mINFO  [0m: [39m[0m[39m[pid=11][tid=11][id=7][SYS_POLL][0m
[32m[     6.867][0m [34mINFO  [0m: [39m[0m[39m[pid=10][tid=10][id=0][SYS_READ][0m
[32m[     6.868][0m [34mINFO  [0m: [39m[0m[39m[pid=11][tid=11][id=0][SYS_READ][0m
[32m[     6.869][0m [34mINFO  [0m: [39m[0m[39m[pid=10][tid=10][id=1][SYS_WRITE][0m
1[32m[     6.870][0m [34mINFO  [0m: [39m[0m[39m[pid=11][tid=11][id=1][SYS_WRITE][0m
[32m[     6.871][0m [34mINFO  [0m: [39m[0m[39m[pid=10][tid=10][id=1][SYS_WRITE][0m
[32m[     6.872][0m [34mINFO  [0m: [39m[0m[39m[pid=11][tid=11][id=7][SYS_POLL][0m
[32m[     6.873][0m [34mINFO  [0m: [39m[0m[39m[pid=10][tid=10][id=7][SYS_POLL][0m
[32m[     6.874][0m [34mINFO  [0m: [39m[0m[39m[pid=11][tid=11][id=0][SYS_READ][0m
[32m[     6.875][0m [34mINFO  [0m: [39m[0m[39m[pid=10][tid=10][id=0][SYS_READ][0m
[32m[     6.876][0m [34mINFO  [0m: [39m[0m[39m[pid=11][tid=11][id=1][SYS_WRITE][0m
[32m[     6.877][0m [34mINFO  [0m: [39m[0m[39m[pid=10][tid=10][id=1][SYS_WRITE][0m
c[32m[     6.878][0m [34mINFO  [0m: [39m[0m[39m[pid=11][tid=11][id=7][SYS_POLL][0m
[32m[     6.879][0m [34mINFO  [0m: [39m[0m[39m[pid=10][tid=10][id=1][SYS_WRITE][0m
[32m[     6.880][0m [34mINFO  [0m: [39m[0m[39m[pid=11][tid=11][id=0][SYS_READ][0m
[32m[     6.881][0m [34mINFO  [0m: [39m[0m[39m[pid=10][tid=10][id=7][SYS_POLL][0m
[32m[     6.882][0m [34mINFO  [0m: [39m[0m[39m[pid=11][tid=11][id=1][SYS_WRITE][0m
[32m[     6.883][0m [34mINFO  [0m: [39m[0m[39m[pid=10][tid=10][id=0][SYS_READ][0m
[32m[     6.884][0m [34mINFO  [0m: [39m[0m[39m[pid=11][tid=11][id=7][SYS_POLL][0m
[32m[     6.885][0m [34mINFO  [0m: [39m[0m[39m[pid=10][tid=10][id=1][SYS_WRITE][0m
 "[32m[     6.886][0m [34mINFO  [0m: [39m[0m[39m[pid=11][tid=11][id=0][SYS_READ][0m
[32m[     6.887][0m [34mINFO  [0m: [39m[0m[39m[pid=10][tid=10][id=1][SYS_WRITE][0m
[32m[     6.888][0m [34mINFO  [0m: [39m[0m[39m[pid=11][tid=11][id=1][SYS_WRITE][0m
[32m[     6.889][0m [34mINFO  [0m: [39m[0m[39m[pid=10][tid=10][id=7][SYS_POLL][0m
[32m[     6.890][0m [34mINFO  [0m: [39m[0m[39m[pid=11][tid=11][id=7][SYS_POLL][0m
[32m[     6.891][0m [34mINFO  [0m: [39m[0m[39m[pid=10][tid=10][id=0][SYS_READ][0m
[32m[     6.892][0m [34mINFO  [0m: [39m[0m[39m[pid=10][tid=10][id=1][SYS_WRITE][0m
$[32m[     6.893][0m [34mINFO  [0m: [39m[0m[39m[pid=11][tid=11][id=0][SYS_READ][0m
[32m[     6.894][0m [34mINFO  [0m: [39m[0m[39m[pid=10][tid=10][id=1][SYS_WRITE][0m
[32m[     6.895][0m [34mINFO  [0m: [39m[0m[39m[pid=11][tid=11][id=1][SYS_WRITE][0m
[32m[     6.896][0m [34mINFO  [0m: [39m[0m[39m[pid=10][tid=10][id=7][SYS_POLL][0m
[32m[     6.897][0m [34mINFO  [0m: [39m[0m[39m[pid=10][tid=10][id=0][SYS_READ][0m
[32m[     6.898][0m [34mINFO  [0m: [39m[0m[39m[pid=11][tid=11][id=7][SYS_POLL][0m
[32m[     6.899][0m [34mINFO  [0m: [39m[0m[39m[pid=10][tid=10][id=1][SYS_WRITE][0m
_[32m[     6.900][0m [34mINFO  [0m: [39m[0m[39m[pid=11][tid=11][id=0][SYS_READ][0m
[32m[     6.901][0m [34mINFO  [0m: [39m[0m[39m[pid=10][tid=10][id=1][SYS_WRITE][0m
[32m[     6.902][0m [34mINFO  [0m: [39m[0m[39m[pid=11][tid=11][id=1][SYS_WRITE][0m
[32m[     6.903][0m [34mINFO  [0m: [39m[0m[39m[pid=11][tid=11][id=7][SYS_POLL][0m
[32m[     6.904][0m [34mINFO  [0m: [39m[0m[39m[pid=10][tid=10][id=7][SYS_POLL][0m
[32m[     6.905][0m [34mINFO  [0m: [39m[0m[39m[pid=10][tid=10][id=0][SYS_READ][0m
[32m[     6.906][0m [34mINFO  [0m: [39m[0m[39m[pid=11][tid=11][id=0][SYS_READ][0m
[32m[     6.907][0m [34mINFO  [0m: [39m[0m[39m[pid=10][tid=10][id=1][SYS_WRITE][0m
_[32m[     6.908][0m [34mINFO  [0m: [39m[0m[39m[pid=10][tid=10][id=1][SYS_WRITE][0m
[32m[     6.909][0m [34mINFO  [0m: [39m[0m[39m[pid=11][tid=11][id=1][SYS_WRITE][0m
[32m[     6.910][0m [34mINFO  [0m: [39m[0m[39m[pid=11][tid=11][id=7][SYS_POLL][0m
[32m[     6.911][0m [34mINFO  [0m: [39m[0m[39m[pid=10][tid=10][id=7][SYS_POLL][0m
[32m[     6.912][0m [34mINFO  [0m: [39m[0m[39m[pid=10][tid=10][id=0][SYS_READ][0m
[32m[     6.913][0m [34mINFO  [0m: [39m[0m[39m[pid=10][tid=10][id=1][SYS_WRITE][0m
d[32m[     6.914][0m [34mINFO  [0m: [39m[0m[39m[pid=11][tid=11][id=0][SYS_READ][0m
[32m[     6.915][0m [34mINFO  [0m: [39m[0m[39m[pid=10][tid=10][id=1][SYS_WRITE][0m
[32m[     6.916][0m [34mINFO  [0m: [39m[0m[39m[pid=11][tid=11][id=1][SYS_WRITE][0m
[32m[     6.917][0m [34mINFO  [0m: [39m[0m[39m[pid=11][tid=11][id=7][SYS_POLL][0m
[32m[     6.918][0m [34mINFO  [0m: [39m[0m[39m[pid=10][tid=10][id=7][SYS_POLL][0m
[32m[     6.919][0m [34mINFO  [0m: [39m[0m[39m[pid=10][tid=10][id=0][SYS_READ][0m
[32m[     6.920][0m [34mINFO  [0m: [39m[0m[39m[pid=11][tid=11][id=0][SYS_READ][0m
[32m[     6.921][0m [34mINFO  [0m: [39m[0m[39m[pid=11][tid=11][id=1][SYS_WRITE][0m
[32m[     6.922][0m [34mINFO  [0m: [39m[0m[39m[pid=10][tid=10][id=1][SYS_WRITE][0m
p[32m[     6.923][0m [34mINFO  [0m: [39m[0m[39m[pid=11][tid=11][id=7][SYS_POLL][0m
[32m[     6.924][0m [34mINFO  [0m: [39m[0m[39m[pid=10][tid=10][id=1][SYS_WRITE][0m
[32m[     6.925][0m [34mINFO  [0m: [39m[0m[39m[pid=11][tid=11][id=0][SYS_READ][0m
[32m[     6.926][0m [34mINFO  [0m: [39m[0m[39m[pid=11][tid=11][id=1][SYS_WRITE][0m
[32m[     6.927][0m [34mINFO  [0m: [39m[0m[39m[pid=10][tid=10][id=7][SYS_POLL][0m
[32m[     6.928][0m [34mINFO  [0m: [39m[0m[39m[pid=10][tid=10][id=0][SYS_READ][0m
[32m[     6.929][0m [34mINFO  [0m: [39m[0m[39m[pid=11][tid=11][id=7][SYS_POLL][0m
[32m[     6.930][0m [34mINFO  [0m: [39m[0m[39m[pid=10][tid=10][id=1][SYS_WRITE][0m
f_[32m[     6.931][0m [34mINFO  [0m: [39m[0m[39m[pid=11][tid=11][id=0][SYS_READ][0m
[32m[     6.932][0m [34mINFO  [0m: [39m[0m[39m[pid=10][tid=10][id=1][SYS_WRITE][0m
[32m[     6.933][0m [34mINFO  [0m: [39m[0m[39m[pid=11][tid=11][id=1][SYS_WRITE][0m
[32m[     6.934][0m [34mINFO  [0m: [39m[0m[39m[pid=10][tid=10][id=7][SYS_POLL][0m
[32m[     6.935][0m [34mINFO  [0m: [39m[0m[39m[pid=11][tid=11][id=7][SYS_POLL][0m
[32m[     6.936][0m [34mINFO  [0m: [39m[0m[39m[pid=10][tid=10][id=0][SYS_READ][0m
[32m[     6.937][0m [34mINFO  [0m: [39m[0m[39m[pid=11][tid=11][id=0][SYS_READ][0m
[32m[     6.938][0m [34mINFO  [0m: [39m[0m[39m[pid=10][tid=10][id=1][SYS_WRITE][0m
e[32m[     6.939][0m [34mINFO  [0m: [39m[0m[39m[pid=11][tid=11][id=1][SYS_WRITE][0m
[32m[     6.940][0m [34mINFO  [0m: [39m[0m[39m[pid=10][tid=10][id=1][SYS_WRITE][0m
[32m[     6.941][0m [34mINFO  [0m: [39m[0m[39m[pid=11][tid=11][id=7][SYS_POLL][0m
[32m[     6.942][0m [34mINFO  [0m: [39m[0m[39m[pid=10][tid=10][id=7][SYS_POLL][0m
[32m[     6.943][0m [34mINFO  [0m: [39m[0m[39m[pid=10][tid=10][id=0][SYS_READ][0m
[32m[     6.944][0m [34mINFO  [0m: [39m[0m[39m[pid=11][tid=11][id=0][SYS_READ][0m
[32m[     6.945][0m [34mINFO  [0m: [39m[0m[39m[pid=10][tid=10][id=1][SYS_WRITE][0m
x[32m[     6.946][0m [34mINFO  [0m: [39m[0m[39m[pid=11][tid=11][id=1][SYS_WRITE][0m
[32m[     6.947][0m [34mINFO  [0m: [39m[0m[39m[pid=10][tid=10][id=1][SYS_WRITE][0m
[32m[     6.948][0m [34mINFO  [0m: [39m[0m[39m[pid=11][tid=11][id=7][SYS_POLL][0m
[32m[     6.949][0m [34mINFO  [0m: [39m[0m[39m[pid=10][tid=10][id=7][SYS_POLL][0m
[32m[     6.950][0m [34mINFO  [0m: [39m[0m[39m[pid=11][tid=11][id=0][SYS_READ][0m
[32m[     6.951][0m [34mINFO  [0m: [39m[0m[39m[pid=10][tid=10][id=0][SYS_READ][0m
[32m[     6.952][0m [34mINFO  [0m: [39m[0m[39m[pid=11][tid=11][id=1][SYS_WRITE][0m
[32m[     6.953][0m [34mINFO  [0m: [39m[0m[39m[pid=10][tid=10][id=1][SYS_WRITE][0m
i[32m[     6.954][0m [34mINFO  [0m: [39m[0m[39m[pid=11][tid=11][id=7][SYS_POLL][0m
[32m[     6.955][0m [34mINFO  [0m: [39m[0m[39m[pid=11][tid=11][id=0][SYS_READ][0m
[32m[     6.956][0m [34mINFO  [0m: [39m[0m[39m[pid=10][tid=10][id=1][SYS_WRITE][0m
[32m[     6.957][0m [34mINFO  [0m: [39m[0m[39m[pid=11][tid=11][id=1][SYS_WRITE][0m
[32m[     6.958][0m [34mINFO  [0m: [39m[0m[39m[pid=10][tid=10][id=7][SYS_POLL][0m
[32m[     6.959][0m [34mINFO  [0m: [39m[0m[39m[pid=11][tid=11][id=7][SYS_POLL][0m
[32m[     6.960][0m [34mINFO  [0m: [39m[0m[39m[pid=10][tid=10][id=0][SYS_READ][0m
[32m[     6.961][0m [34mINFO  [0m: [39m[0m[39m[pid=11][tid=11][id=0][SYS_READ][0m
[32m[     6.962][0m [34mINFO  [0m: [39m[0m[39m[pid=10][tid=10][id=1][SYS_WRITE][0m
t"[32m[     6.963][0m [34mINFO  [0m: [39m[0m[39m[pid=11][tid=11][id=1][SYS_WRITE][0m
[32m[     6.964][0m [34mINFO  [0m: [39m[0m[39m[pid=11][tid=11][id=257][SYS_OPENAT][0m
[32m[     6.965][0m [34mINFO  [0m: [39m[0m[39m[pid=10][tid=10][id=1][SYS_WRITE][0m
[32m[     6.966][0m [34mINFO  [0m: [39m[0m[39m[pid=11][tid=11][id=8][SYS_LSEEK][0m
[32m[     6.967][0m [34mINFO  [0m: [39m[0m[39m[pid=10][tid=10][id=7][SYS_POLL][0m
[32m[     6.968][0m [34mINFO  [0m: [39m[0m[39m[pid=11][tid=11][id=1][SYS_WRITE][0m
[32m[     6.969][0m [34mINFO  [0m: [39m[0m[39m[pid=10][tid=10][id=0][SYS_READ][0m
[32m[     6.970][0m [34mINFO  [0m: [39m[0m[39m[pid=10][tid=10][id=1][SYS_WRITE][0m

[32m[     6.971][0m [34mINFO  [0m: [39m[0m[39m[pid=11][tid=11][id=3][SYS_CLOSE][0m
[32m[     6.972][0m [34mINFO  [0m: [39m[0m[39m[pid=10][tid=10][id=1][SYS_WRITE][0m
[32m[     6.973][0m [34mINFO  [0m: [39m[0m[39m[pid=11][tid=11][id=16][SYS_IOCTL][0m
[32m[     6.974][0m [34mINFO  [0m: [39m[0m[39m[pid=10][tid=10][id=7][SYS_POLL][0m
[32m[     6.975][0m [34mINFO  [0m: [39m[0m[39m[pid=11][tid=11][id=13][SYS_RT_SIGACTION][0m
[32m[     6.976][0m [34mINFO  [0m: [39m[0m[39m[pid=11][tid=11][id=262][SYS_FSTATAT][0m
[32m[     6.977][0m [34mINFO  [0m: [39m[0m[39m[pid=11][tid=11][id=56][SYS_CLONE][0m
[32m[     6.981][0m [34mINFO  [0m: [39m[0m[39m[pid=11][tid=11][id=109][SYS_SETPGID][0m
[32m[     6.982][0m [34mINFO  [0m: [39m[0m[39m[pid=12][tid=12][id=273][SYS_SET_ROBUST_LIST][0m
[32m[     6.983][0m [34mINFO  [0m: [39m[0m[39m[pid=11][tid=11][id=61][SYS_WAIT4][0m
[32m[     6.984][0m [34mINFO  [0m: [39m[0m[39m[pid=12][tid=12][id=39][SYS_GETPID][0m
[32m[     6.985][0m [34mINFO  [0m: [39m[0m[39m[pid=12][tid=12][id=109][SYS_SETPGID][0m
[32m[     6.986][0m [34mINFO  [0m: [39m[0m[39m[pid=12][tid=12][id=16][SYS_IOCTL][0m
[32m[     6.987][0m [34mINFO  [0m: [39m[0m[39m[pid=12][tid=12][id=13][SYS_RT_SIGACTION][0m
[32m[     6.988][0m [34mINFO  [0m: [39m[0m[39m[pid=12][tid=12][id=13][SYS_RT_SIGACTION][0m
[32m[     6.989][0m [34mINFO  [0m: [39m[0m[39m[pid=12][tid=12][id=13][SYS_RT_SIGACTION][0m
[32m[     6.990][0m [34mINFO  [0m: [39m[0m[39m[pid=12][tid=12][id=13][SYS_RT_SIGACTION][0m
[32m[     6.991][0m [34mINFO  [0m: [39m[0m[39m[pid=12][tid=12][id=13][SYS_RT_SIGACTION][0m
[32m[     6.992][0m [34mINFO  [0m: [39m[0m[39m[pid=12][tid=12][id=59][SYS_EXECVE][0m
[32m[     6.995][0m [34mINFO  [0m: [39m[0m[39m[pid=12][tid=12][id=12][SYS_BRK][0m
[32m[     6.996][0m [34mINFO  [0m: [39m[0m[39m[pid=12][tid=12][id=9][SYS_MMAP][0m
[32m[     6.997][0m [34mINFO  [0m: [39m[0m[39m[pid=12][tid=12][id=21][SYS_ACCESS][0m
[32m[     6.998][0m [34mINFO  [0m: [39m[0m[39m[pid=12][tid=12][id=257][SYS_OPENAT][0m
[32m[     6.999][0m [34mINFO  [0m: [39m[0m[39m[pid=12][tid=12][id=262][SYS_FSTATAT][0m
[32m[     7.000][0m [34mINFO  [0m: [39m[0m[39m[pid=12][tid=12][id=257][SYS_OPENAT][0m
[32m[     7.001][0m [34mINFO  [0m: [39m[0m[39m[pid=12][tid=12][id=262][SYS_FSTATAT][0m
[32m[     7.002][0m [34mINFO  [0m: [39m[0m[39m[pid=12][tid=12][id=257][SYS_OPENAT][0m
[32m[     7.003][0m [34mINFO  [0m: [39m[0m[39m[pid=12][tid=12][id=0][SYS_READ][0m
[32m[     7.004][0m [34mINFO  [0m: [39m[0m[39m[pid=12][tid=12][id=5][SYS_FSTAT][0m
[32m[     7.005][0m [34mINFO  [0m: [39m[0m[39m[pid=12][tid=12][id=9][SYS_MMAP][0m
[32m[     7.006][0m [34mINFO  [0m: [39m[0m[39m[pid=12][tid=12][id=9][SYS_MMAP][0m
[32m[     7.007][0m [34mINFO  [0m: [39m[0m[39m[pid=12][tid=12][id=9][SYS_MMAP][0m
[32m[     7.008][0m [34mINFO  [0m: [39m[0m[39m[pid=12][tid=12][id=9][SYS_MMAP][0m
[32m[     7.009][0m [34mINFO  [0m: [39m[0m[39m[pid=12][tid=12][id=3][SYS_CLOSE][0m
[32m[     7.010][0m [34mINFO  [0m: [39m[0m[39m[pid=12][tid=12][id=257][SYS_OPENAT][0m
[32m[     7.011][0m [34mINFO  [0m: [39m[0m[39m[pid=12][tid=12][id=0][SYS_READ][0m
[32m[     7.012][0m [34mINFO  [0m: [39m[0m[39m[pid=12][tid=12][id=5][SYS_FSTAT][0m
[32m[     7.013][0m [34mINFO  [0m: [39m[0m[39m[pid=12][tid=12][id=9][SYS_MMAP][0m
[32m[     7.014][0m [34mINFO  [0m: [39m[0m[39m[pid=12][tid=12][id=9][SYS_MMAP][0m
[32m[     7.015][0m [34mINFO  [0m: [39m[0m[39m[pid=12][tid=12][id=9][SYS_MMAP][0m
[32m[     7.016][0m [34mINFO  [0m: [39m[0m[39m[pid=12][tid=12][id=9][SYS_MMAP][0m
[32m[     7.017][0m [34mINFO  [0m: [39m[0m[39m[pid=12][tid=12][id=9][SYS_MMAP][0m
[32m[     7.018][0m [34mINFO  [0m: [39m[0m[39m[pid=12][tid=12][id=3][SYS_CLOSE][0m
[32m[     7.019][0m [34mINFO  [0m: [39m[0m[39m[pid=12][tid=12][id=257][SYS_OPENAT][0m
[32m[     7.020][0m [34mINFO  [0m: [39m[0m[39m[pid=12][tid=12][id=0][SYS_READ][0m
[32m[     7.021][0m [34mINFO  [0m: [39m[0m[39m[pid=12][tid=12][id=17][SYS_PREAD64][0m
[32m[     7.022][0m [34mINFO  [0m: [39m[0m[39m[pid=12][tid=12][id=5][SYS_FSTAT][0m
[32m[     7.023][0m [34mINFO  [0m: [39m[0m[39m[pid=12][tid=12][id=17][SYS_PREAD64][0m
[32m[     7.024][0m [34mINFO  [0m: [39m[0m[39m[pid=12][tid=12][id=9][SYS_MMAP][0m
[32m[     7.025][0m [34mINFO  [0m: [39m[0m[39m[pid=12][tid=12][id=9][SYS_MMAP][0m
[32m[     7.026][0m [34mINFO  [0m: [39m[0m[39m[pid=12][tid=12][id=9][SYS_MMAP][0m
[32m[     7.027][0m [34mINFO  [0m: [39m[0m[39m[pid=12][tid=12][id=9][SYS_MMAP][0m
[32m[     7.028][0m [34mINFO  [0m: [39m[0m[39m[pid=12][tid=12][id=9][SYS_MMAP][0m
[32m[     7.029][0m [34mINFO  [0m: [39m[0m[39m[pid=12][tid=12][id=3][SYS_CLOSE][0m
[32m[     7.030][0m [34mINFO  [0m: [39m[0m[39m[pid=12][tid=12][id=9][SYS_MMAP][0m
[32m[     7.031][0m [34mINFO  [0m: [39m[0m[39m[pid=12][tid=12][id=158][SYS_ARCH_PRCTL][0m
[32m[     7.032][0m [34mINFO  [0m: [39m[0m[39m[pid=12][tid=12][id=218][SYS_SET_TID_ADDRESS][0m
[32m[     7.033][0m [34mINFO  [0m: [39m[0m[39m[pid=12][tid=12][id=273][SYS_SET_ROBUST_LIST][0m
[32m[     7.034][0m [93mWARN  [0m: [39m[0m[39mUnimplemented syscall number: 334[0m
[32m[     7.035][0m [34mINFO  [0m: [39m[0m[39m[pid=12][tid=12][id=10][SYS_MPROTECT][0m
[32m[     7.036][0m [34mINFO  [0m: [39m[0m[39m[pid=12][tid=12][id=10][SYS_MPROTECT][0m
[32m[     7.037][0m [34mINFO  [0m: [39m[0m[39m[pid=12][tid=12][id=10][SYS_MPROTECT][0m
[32m[     7.038][0m [34mINFO  [0m: [39m[0m[39m[pid=12][tid=12][id=10][SYS_MPROTECT][0m
[32m[     7.039][0m [34mINFO  [0m: [39m[0m[39m[pid=12][tid=12][id=10][SYS_MPROTECT][0m
[32m[     7.040][0m [34mINFO  [0m: [39m[0m[39m[pid=12][tid=12][id=302][SYS_PRLIMIT64][0m
[32m[     7.041][0m [34mINFO  [0m: [39m[0m[39m[pid=12][tid=12][id=318][SYS_GETRANDOM][0m
[32m[     7.042][0m [34mINFO  [0m: [39m[0m[39m[pid=12][tid=12][id=102][SYS_GETUID][0m
[32m[     7.043][0m [34mINFO  [0m: [39m[0m[39m[pid=12][tid=12][id=12][SYS_BRK][0m
[32m[     7.044][0m [34mINFO  [0m: [39m[0m[39m[pid=12][tid=12][id=12][SYS_BRK][0m
[32m[     7.045][0m [34mINFO  [0m: [39m[0m[39m[pid=12][tid=12][id=39][SYS_GETPID][0m
[32m[     7.046][0m [34mINFO  [0m: [39m[0m[39m[pid=12][tid=12][id=13][SYS_RT_SIGACTION][0m
[32m[     7.047][0m [34mINFO  [0m: [39m[0m[39m[pid=12][tid=12][id=110][SYS_GETPPID][0m
[32m[     7.048][0m [34mINFO  [0m: [39m[0m[39m[pid=12][tid=12][id=63][SYS_UNAME][0m
[32m[     7.049][0m [34mINFO  [0m: [39m[0m[39m[pid=12][tid=12][id=262][SYS_FSTATAT][0m
[32m[     7.050][0m [34mINFO  [0m: [39m[0m[39m[pid=12][tid=12][id=262][SYS_FSTATAT][0m
[32m[     7.051][0m [34mINFO  [0m: [39m[0m[39m[pid=12][tid=12][id=13][SYS_RT_SIGACTION][0m
[32m[     7.052][0m [34mINFO  [0m: [39m[0m[39m[pid=12][tid=12][id=13][SYS_RT_SIGACTION][0m
[32m[     7.053][0m [34mINFO  [0m: [39m[0m[39m[pid=12][tid=12][id=13][SYS_RT_SIGACTION][0m
[32m[     7.054][0m [34mINFO  [0m: [39m[0m[39m[pid=12][tid=12][id=13][SYS_RT_SIGACTION][0m
[32m[     7.055][0m [34mINFO  [0m: [39m[0m[39m[pid=12][tid=12][id=293][SYS_PIPE2][0m
[32m[     7.056][0m [34mINFO  [0m: [39m[0m[39m[pid=12][tid=12][id=56][SYS_CLONE][0m
[32m[     7.060][0m [34mINFO  [0m: [39m[0m[39m[pid=12][tid=12][id=3][SYS_CLOSE][0m
[32m[     7.061][0m [34mINFO  [0m: [39m[0m[39m[pid=13][tid=13][id=273][SYS_SET_ROBUST_LIST][0m
[32m[     7.062][0m [34mINFO  [0m: [39m[0m[39m[pid=12][tid=12][id=0][SYS_READ][0m
[32m[     7.063][0m [34mINFO  [0m: [39m[0m[39m[pid=13][tid=13][id=13][SYS_RT_SIGACTION][0m
[32m[     7.064][0m [34mINFO  [0m: [39m[0m[39m[pid=13][tid=13][id=3][SYS_CLOSE][0m
[32m[     7.065][0m [34mINFO  [0m: [39m[0m[39m[pid=13][tid=13][id=33][SYS_DUP2][0m
[32m[     7.066][0m [34mINFO  [0m: [39m[0m[39m[pid=13][tid=13][id=3][SYS_CLOSE][0m
[32m[     7.067][0m [34mINFO  [0m: [39m[0m[39m[pid=13][tid=13][id=262][SYS_FSTATAT][0m
[32m[     7.068][0m [34mINFO  [0m: [39m[0m[39m[pid=13][tid=13][id=59][SYS_EXECVE][0m
[32m[     7.071][0m [34mINFO  [0m: [39m[0m[39m[pid=13][tid=13][id=12][SYS_BRK][0m
[32m[     7.072][0m [34mINFO  [0m: [39m[0m[39m[pid=13][tid=13][id=9][SYS_MMAP][0m
[32m[     7.073][0m [34mINFO  [0m: [39m[0m[39m[pid=13][tid=13][id=21][SYS_ACCESS][0m
[32m[     7.074][0m [34mINFO  [0m: [39m[0m[39m[pid=13][tid=13][id=257][SYS_OPENAT][0m
[32m[     7.075][0m [34mINFO  [0m: [39m[0m[39m[pid=13][tid=13][id=262][SYS_FSTATAT][0m
[32m[     7.076][0m [34mINFO  [0m: [39m[0m[39m[pid=13][tid=13][id=257][SYS_OPENAT][0m
[32m[     7.077][0m [34mINFO  [0m: [39m[0m[39m[pid=13][tid=13][id=262][SYS_FSTATAT][0m
[32m[     7.078][0m [34mINFO  [0m: [39m[0m[39m[pid=13][tid=13][id=257][SYS_OPENAT][0m
[32m[     7.079][0m [34mINFO  [0m: [39m[0m[39m[pid=13][tid=13][id=0][SYS_READ][0m
[32m[     7.080][0m [34mINFO  [0m: [39m[0m[39m[pid=13][tid=13][id=5][SYS_FSTAT][0m
[32m[     7.081][0m [34mINFO  [0m: [39m[0m[39m[pid=13][tid=13][id=9][SYS_MMAP][0m
[32m[     7.082][0m [34mINFO  [0m: [39m[0m[39m[pid=13][tid=13][id=9][SYS_MMAP][0m
[32m[     7.083][0m [34mINFO  [0m: [39m[0m[39m[pid=13][tid=13][id=9][SYS_MMAP][0m
[32m[     7.084][0m [34mINFO  [0m: [39m[0m[39m[pid=13][tid=13][id=9][SYS_MMAP][0m
[32m[     7.085][0m [34mINFO  [0m: [39m[0m[39m[pid=13][tid=13][id=3][SYS_CLOSE][0m
[32m[     7.086][0m [34mINFO  [0m: [39m[0m[39m[pid=13][tid=13][id=257][SYS_OPENAT][0m
[32m[     7.087][0m [34mINFO  [0m: [39m[0m[39m[pid=13][tid=13][id=0][SYS_READ][0m
[32m[     7.088][0m [34mINFO  [0m: [39m[0m[39m[pid=13][tid=13][id=5][SYS_FSTAT][0m
[32m[     7.089][0m [34mINFO  [0m: [39m[0m[39m[pid=13][tid=13][id=9][SYS_MMAP][0m
[32m[     7.090][0m [34mINFO  [0m: [39m[0m[39m[pid=13][tid=13][id=9][SYS_MMAP][0m
[32m[     7.091][0m [34mINFO  [0m: [39m[0m[39m[pid=13][tid=13][id=9][SYS_MMAP][0m
[32m[     7.092][0m [34mINFO  [0m: [39m[0m[39m[pid=13][tid=13][id=9][SYS_MMAP][0m
[32m[     7.093][0m [34mINFO  [0m: [39m[0m[39m[pid=13][tid=13][id=9][SYS_MMAP][0m
[32m[     7.094][0m [34mINFO  [0m: [39m[0m[39m[pid=13][tid=13][id=3][SYS_CLOSE][0m
[32m[     7.095][0m [34mINFO  [0m: [39m[0m[39m[pid=13][tid=13][id=257][SYS_OPENAT][0m
[32m[     7.096][0m [34mINFO  [0m: [39m[0m[39m[pid=13][tid=13][id=0][SYS_READ][0m
[32m[     7.097][0m [34mINFO  [0m: [39m[0m[39m[pid=13][tid=13][id=17][SYS_PREAD64][0m
[32m[     7.098][0m [34mINFO  [0m: [39m[0m[39m[pid=13][tid=13][id=5][SYS_FSTAT][0m
[32m[     7.099][0m [34mINFO  [0m: [39m[0m[39m[pid=13][tid=13][id=17][SYS_PREAD64][0m
[32m[     7.100][0m [34mINFO  [0m: [39m[0m[39m[pid=13][tid=13][id=9][SYS_MMAP][0m
[32m[     7.101][0m [34mINFO  [0m: [39m[0m[39m[pid=13][tid=13][id=9][SYS_MMAP][0m
[32m[     7.102][0m [34mINFO  [0m: [39m[0m[39m[pid=13][tid=13][id=9][SYS_MMAP][0m
[32m[     7.103][0m [34mINFO  [0m: [39m[0m[39m[pid=13][tid=13][id=9][SYS_MMAP][0m
[32m[     7.104][0m [34mINFO  [0m: [39m[0m[39m[pid=13][tid=13][id=9][SYS_MMAP][0m
[32m[     7.105][0m [34mINFO  [0m: [39m[0m[39m[pid=13][tid=13][id=3][SYS_CLOSE][0m
[32m[     7.106][0m [34mINFO  [0m: [39m[0m[39m[pid=13][tid=13][id=9][SYS_MMAP][0m
[32m[     7.107][0m [34mINFO  [0m: [39m[0m[39m[pid=13][tid=13][id=158][SYS_ARCH_PRCTL][0m
[32m[     7.108][0m [34mINFO  [0m: [39m[0m[39m[pid=13][tid=13][id=218][SYS_SET_TID_ADDRESS][0m
[32m[     7.109][0m [34mINFO  [0m: [39m[0m[39m[pid=13][tid=13][id=273][SYS_SET_ROBUST_LIST][0m
[32m[     7.110][0m [93mWARN  [0m: [39m[0m[39mUnimplemented syscall number: 334[0m
[32m[     7.111][0m [34mINFO  [0m: [39m[0m[39m[pid=13][tid=13][id=10][SYS_MPROTECT][0m
[32m[     7.112][0m [34mINFO  [0m: [39m[0m[39m[pid=13][tid=13][id=10][SYS_MPROTECT][0m
[32m[     7.113][0m [34mINFO  [0m: [39m[0m[39m[pid=13][tid=13][id=10][SYS_MPROTECT][0m
[32m[     7.114][0m [34mINFO  [0m: [39m[0m[39m[pid=13][tid=13][id=10][SYS_MPROTECT][0m
[32m[     7.115][0m [34mINFO  [0m: [39m[0m[39m[pid=13][tid=13][id=10][SYS_MPROTECT][0m
[32m[     7.116][0m [34mINFO  [0m: [39m[0m[39m[pid=13][tid=13][id=302][SYS_PRLIMIT64][0m
[32m[     7.117][0m [34mINFO  [0m: [39m[0m[39m[pid=13][tid=13][id=318][SYS_GETRANDOM][0m
[32m[     7.118][0m [34mINFO  [0m: [39m[0m[39m[pid=13][tid=13][id=102][SYS_GETUID][0m
[32m[     7.119][0m [34mINFO  [0m: [39m[0m[39m[pid=13][tid=13][id=257][SYS_OPENAT][0m
[32m[     7.120][0m [34mINFO  [0m: [39m[0m[39m[pid=13][tid=13][id=40][SYS_SENDFILE][0m
[32m[     7.121][0m [34mINFO  [0m: [39m[0m[39m[pid=13][tid=13][id=40][SYS_SENDFILE][0m
[32m[     7.122][0m [34mINFO  [0m: [39m[0m[39m[pid=12][tid=12][id=0][SYS_READ][0m
[32m[     7.123][0m [34mINFO  [0m: [39m[0m[39m[pid=13][tid=13][id=3][SYS_CLOSE][0m
[32m[     7.124][0m [34mINFO  [0m: [39m[0m[39m[pid=13][tid=13][id=231][SYS_EXIT_GROUP][0m
[32m[     7.126][0m [34mINFO  [0m: [39m[0m[39m[pid=12][tid=12][id=15][SYS_RT_SIGRETURN][0m
[32m[     7.127][0m [34mINFO  [0m: [39m[0m[39m[pid=12][tid=12][id=0][SYS_READ][0m
[32m[     7.128][0m [34mINFO  [0m: [39m[0m[39m[pid=12][tid=12][id=3][SYS_CLOSE][0m
[32m[     7.129][0m [34mINFO  [0m: [39m[0m[39m[pid=12][tid=12][id=61][SYS_WAIT4][0m
[32m[     7.130][0m [34mINFO  [0m: [39m[0m[39m[pid=12][tid=12][id=61][SYS_WAIT4][0m
[32m[     7.131][0m [34mINFO  [0m: [39m[0m[39m[pid=12][tid=12][id=293][SYS_PIPE2][0m
[32m[     7.132][0m [34mINFO  [0m: [39m[0m[39m[pid=12][tid=12][id=56][SYS_CLONE][0m
[32m[     7.136][0m [34mINFO  [0m: [39m[0m[39m[pid=12][tid=12][id=3][SYS_CLOSE][0m
[32m[     7.137][0m [34mINFO  [0m: [39m[0m[39m[pid=14][tid=14][id=273][SYS_SET_ROBUST_LIST][0m
[32m[     7.138][0m [34mINFO  [0m: [39m[0m[39m[pid=12][tid=12][id=0][SYS_READ][0m
[32m[     7.139][0m [34mINFO  [0m: [39m[0m[39m[pid=14][tid=14][id=13][SYS_RT_SIGACTION][0m
[32m[     7.140][0m [34mINFO  [0m: [39m[0m[39m[pid=14][tid=14][id=3][SYS_CLOSE][0m
[32m[     7.141][0m [34mINFO  [0m: [39m[0m[39m[pid=14][tid=14][id=33][SYS_DUP2][0m
[32m[     7.142][0m [34mINFO  [0m: [39m[0m[39m[pid=14][tid=14][id=3][SYS_CLOSE][0m
[32m[     7.143][0m [34mINFO  [0m: [39m[0m[39m[pid=14][tid=14][id=262][SYS_FSTATAT][0m
[32m[     7.144][0m [34mINFO  [0m: [39m[0m[39m[pid=14][tid=14][id=59][SYS_EXECVE][0m
[32m[     7.147][0m [34mINFO  [0m: [39m[0m[39m[pid=14][tid=14][id=12][SYS_BRK][0m
[32m[     7.148][0m [34mINFO  [0m: [39m[0m[39m[pid=14][tid=14][id=9][SYS_MMAP][0m
[32m[     7.149][0m [34mINFO  [0m: [39m[0m[39m[pid=14][tid=14][id=21][SYS_ACCESS][0m
[32m[     7.150][0m [34mINFO  [0m: [39m[0m[39m[pid=14][tid=14][id=257][SYS_OPENAT][0m
[32m[     7.151][0m [34mINFO  [0m: [39m[0m[39m[pid=14][tid=14][id=262][SYS_FSTATAT][0m
[32m[     7.152][0m [34mINFO  [0m: [39m[0m[39m[pid=14][tid=14][id=257][SYS_OPENAT][0m
[32m[     7.153][0m [34mINFO  [0m: [39m[0m[39m[pid=14][tid=14][id=262][SYS_FSTATAT][0m
[32m[     7.154][0m [34mINFO  [0m: [39m[0m[39m[pid=14][tid=14][id=257][SYS_OPENAT][0m
[32m[     7.155][0m [34mINFO  [0m: [39m[0m[39m[pid=14][tid=14][id=0][SYS_READ][0m
[32m[     7.156][0m [34mINFO  [0m: [39m[0m[39m[pid=14][tid=14][id=5][SYS_FSTAT][0m
[32m[     7.157][0m [34mINFO  [0m: [39m[0m[39m[pid=14][tid=14][id=9][SYS_MMAP][0m
[32m[     7.158][0m [34mINFO  [0m: [39m[0m[39m[pid=14][tid=14][id=9][SYS_MMAP][0m
[32m[     7.159][0m [34mINFO  [0m: [39m[0m[39m[pid=14][tid=14][id=9][SYS_MMAP][0m
[32m[     7.160][0m [34mINFO  [0m: [39m[0m[39m[pid=14][tid=14][id=9][SYS_MMAP][0m
[32m[     7.161][0m [34mINFO  [0m: [39m[0m[39m[pid=14][tid=14][id=3][SYS_CLOSE][0m
[32m[     7.162][0m [34mINFO  [0m: [39m[0m[39m[pid=14][tid=14][id=257][SYS_OPENAT][0m
[32m[     7.163][0m [34mINFO  [0m: [39m[0m[39m[pid=14][tid=14][id=0][SYS_READ][0m
[32m[     7.164][0m [34mINFO  [0m: [39m[0m[39m[pid=14][tid=14][id=5][SYS_FSTAT][0m
[32m[     7.165][0m [34mINFO  [0m: [39m[0m[39m[pid=14][tid=14][id=9][SYS_MMAP][0m
[32m[     7.166][0m [34mINFO  [0m: [39m[0m[39m[pid=14][tid=14][id=9][SYS_MMAP][0m
[32m[     7.167][0m [34mINFO  [0m: [39m[0m[39m[pid=14][tid=14][id=9][SYS_MMAP][0m
[32m[     7.168][0m [34mINFO  [0m: [39m[0m[39m[pid=14][tid=14][id=9][SYS_MMAP][0m
[32m[     7.169][0m [34mINFO  [0m: [39m[0m[39m[pid=14][tid=14][id=9][SYS_MMAP][0m
[32m[     7.170][0m [34mINFO  [0m: [39m[0m[39m[pid=14][tid=14][id=3][SYS_CLOSE][0m
[32m[     7.171][0m [34mINFO  [0m: [39m[0m[39m[pid=14][tid=14][id=257][SYS_OPENAT][0m
[32m[     7.172][0m [34mINFO  [0m: [39m[0m[39m[pid=14][tid=14][id=0][SYS_READ][0m
[32m[     7.173][0m [34mINFO  [0m: [39m[0m[39m[pid=14][tid=14][id=17][SYS_PREAD64][0m
[32m[     7.174][0m [34mINFO  [0m: [39m[0m[39m[pid=14][tid=14][id=5][SYS_FSTAT][0m
[32m[     7.175][0m [34mINFO  [0m: [39m[0m[39m[pid=14][tid=14][id=17][SYS_PREAD64][0m
[32m[     7.176][0m [34mINFO  [0m: [39m[0m[39m[pid=14][tid=14][id=9][SYS_MMAP][0m
[32m[     7.177][0m [34mINFO  [0m: [39m[0m[39m[pid=14][tid=14][id=9][SYS_MMAP][0m
[32m[     7.178][0m [34mINFO  [0m: [39m[0m[39m[pid=14][tid=14][id=9][SYS_MMAP][0m
[32m[     7.179][0m [34mINFO  [0m: [39m[0m[39m[pid=14][tid=14][id=9][SYS_MMAP][0m
[32m[     7.180][0m [34mINFO  [0m: [39m[0m[39m[pid=14][tid=14][id=9][SYS_MMAP][0m
[32m[     7.181][0m [34mINFO  [0m: [39m[0m[39m[pid=14][tid=14][id=3][SYS_CLOSE][0m
[32m[     7.182][0m [34mINFO  [0m: [39m[0m[39m[pid=14][tid=14][id=9][SYS_MMAP][0m
[32m[     7.183][0m [34mINFO  [0m: [39m[0m[39m[pid=14][tid=14][id=158][SYS_ARCH_PRCTL][0m
[32m[     7.184][0m [34mINFO  [0m: [39m[0m[39m[pid=14][tid=14][id=218][SYS_SET_TID_ADDRESS][0m
[32m[     7.185][0m [34mINFO  [0m: [39m[0m[39m[pid=14][tid=14][id=273][SYS_SET_ROBUST_LIST][0m
[32m[     7.186][0m [93mWARN  [0m: [39m[0m[39mUnimplemented syscall number: 334[0m
[32m[     7.187][0m [34mINFO  [0m: [39m[0m[39m[pid=14][tid=14][id=10][SYS_MPROTECT][0m
[32m[     7.188][0m [34mINFO  [0m: [39m[0m[39m[pid=14][tid=14][id=10][SYS_MPROTECT][0m
[32m[     7.189][0m [34mINFO  [0m: [39m[0m[39m[pid=14][tid=14][id=10][SYS_MPROTECT][0m
[32m[     7.190][0m [34mINFO  [0m: [39m[0m[39m[pid=14][tid=14][id=10][SYS_MPROTECT][0m
[32m[     7.191][0m [34mINFO  [0m: [39m[0m[39m[pid=14][tid=14][id=10][SYS_MPROTECT][0m
[32m[     7.192][0m [34mINFO  [0m: [39m[0m[39m[pid=14][tid=14][id=302][SYS_PRLIMIT64][0m
[32m[     7.193][0m [34mINFO  [0m: [39m[0m[39m[pid=14][tid=14][id=318][SYS_GETRANDOM][0m
[32m[     7.194][0m [34mINFO  [0m: [39m[0m[39m[pid=14][tid=14][id=102][SYS_GETUID][0m
[32m[     7.195][0m [34mINFO  [0m: [39m[0m[39m[pid=14][tid=14][id=257][SYS_OPENAT][0m
[32m[     7.196][0m [34mINFO  [0m: [39m[0m[39m[pid=14][tid=14][id=40][SYS_SENDFILE][0m
[32m[     7.197][0m [34mINFO  [0m: [39m[0m[39m[pid=14][tid=14][id=40][SYS_SENDFILE][0m
[32m[     7.198][0m [34mINFO  [0m: [39m[0m[39m[pid=12][tid=12][id=0][SYS_READ][0m
[32m[     7.199][0m [34mINFO  [0m: [39m[0m[39m[pid=14][tid=14][id=3][SYS_CLOSE][0m
[32m[     7.200][0m [34mINFO  [0m: [39m[0m[39m[pid=14][tid=14][id=231][SYS_EXIT_GROUP][0m
[32m[     7.202][0m [34mINFO  [0m: [39m[0m[39m[pid=12][tid=12][id=15][SYS_RT_SIGRETURN][0m
[32m[     7.203][0m [34mINFO  [0m: [39m[0m[39m[pid=12][tid=12][id=0][SYS_READ][0m
[32m[     7.204][0m [34mINFO  [0m: [39m[0m[39m[pid=12][tid=12][id=3][SYS_CLOSE][0m
[32m[     7.205][0m [34mINFO  [0m: [39m[0m[39m[pid=12][tid=12][id=61][SYS_WAIT4][0m
[32m[     7.206][0m [34mINFO  [0m: [39m[0m[39m[pid=12][tid=12][id=61][SYS_WAIT4][0m
[32m[     7.207][0m [34mINFO  [0m: [39m[0m[39m[pid=12][tid=12][id=231][SYS_EXIT_GROUP][0m
[32m[     7.210][0m [34mINFO  [0m: [39m[0m[39m[pid=11][tid=11][id=15][SYS_RT_SIGRETURN][0m
[32m[     7.211][0m [34mINFO  [0m: [39m[0m[39m[pid=11][tid=11][id=61][SYS_WAIT4][0m
[32m[     7.212][0m [34mINFO  [0m: [39m[0m[39m[pid=11][tid=11][id=16][SYS_IOCTL][0m
[32m[     7.213][0m [34mINFO  [0m: [39m[0m[39m[pid=11][tid=11][id=72][SYS_FCNTL][0m
[32m[     7.214][0m [34mINFO  [0m: [39m[0m[39m[pid=11][tid=11][id=1][SYS_WRITE][0m
[32m[     7.215][0m [34mINFO  [0m: [39m[0m[39m[pid=11][tid=11][id=1][SYS_WRITE][0m
[32m[     7.216][0m [34mINFO  [0m: [39m[0m[39m[pid=10][tid=10][id=0][SYS_READ][0m
[32m[     7.217][0m [34mINFO  [0m: [39m[0m[39m[pid=11][tid=11][id=262][SYS_FSTATAT][0m
[32m[     7.218][0m [34mINFO  [0m: [39m[0m[39m[pid=10][tid=10][id=1][SYS_WRITE][0m

DPF_CHECK_27286fa0cd0d47239cbac405f192801c:0
[32m[     7.220][0m [34mINFO  [0m: [39m[0m[39m[pid=11][tid=11][id=16][SYS_IOCTL][0m
[32m[     7.221][0m [34mINFO  [0m: [39m[0m[39m[pid=10][tid=10][id=1][SYS_WRITE][0m
[32m[     7.222][0m [34mINFO  [0m: [39m[0m[39m[pid=11][tid=11][id=16][SYS_IOCTL][0m
[32m[     7.223][0m [34mINFO  [0m: [39m[0m[39m[pid=10][tid=10][id=7][SYS_POLL][0m
[32m[     7.225][0m [34mINFO  [0m: [39m[0m[39m[pid=11][tid=11][id=16][SYS_IOCTL][0m
[32m[     7.227][0m [34mINFO  [0m: [39m[0m[39m[pid=10][tid=10][id=0][SYS_READ][0m
[32m[     7.228][0m [34mINFO  [0m: [39m[0m[39m[pid=11][tid=11][id=107][SYS_GETEUID][0m
[32m[     7.231][0m [34mINFO  [0m: [39m[0m[39m[pid=10][tid=10][id=1][SYS_WRITE][0m
[32m[     7.232][0m [34mINFO  [0m: [39m[0m[39m[pid=11][tid=11][id=13][SYS_RT_SIGACTION][0m
[32m[     7.233][0m [34mINFO  [0m: [39m[0m[39m[pid=10][tid=10][id=7][SYS_POLL][0m
[32m[     7.234][0m [34mINFO  [0m: [39m[0m[39m[pid=11][tid=11][id=1][SYS_WRITE][0m
[32m[     7.235][0m [34mINFO  [0m: [39m[0m[39m[pid=10][tid=10][id=0][SYS_READ][0m
[32m[     7.236][0m [34mINFO  [0m: [39m[0m[39m[pid=11][tid=11][id=7][SYS_POLL][0m
[32m[     7.237][0m [34mINFO  [0m: [39m[0m[39m[pid=10][tid=10][id=1][SYS_WRITE][0m
[32m[     7.238][0m [34mINFO  [0m: [39m[0m[39m[pid=11][tid=11][id=0][SYS_READ][0m
[32m[     7.239][0m [34mINFO  [0m: [39m[0m[39m[pid=10][tid=10][id=7][SYS_POLL][0m
[32m[     7.240][0m [34mINFO  [0m: [39m[0m[39m[pid=11][tid=11][id=1][SYS_WRITE][0m
[32m[     7.241][0m [34mINFO  [0m: [39m[0m[39m[pid=10][tid=10][id=0][SYS_READ][0m
[32m[     7.242][0m [34mINFO  [0m: [39m[0m[39m[pid=11][tid=11][id=7][SYS_POLL][0m
[32m[     7.243][0m [34mINFO  [0m: [39m[0m[39m[pid=10][tid=10][id=1][SYS_WRITE][0m
~ # s[32m[     7.244][0m [34mINFO  [0m: [39m[0m[39m[pid=11][tid=11][id=0][SYS_READ][0m
[32m[     7.245][0m [34mINFO  [0m: [39m[0m[39m[pid=10][tid=10][id=1][SYS_WRITE][0m
[32m[     7.246][0m [34mINFO  [0m: [39m[0m[39m[pid=11][tid=11][id=1][SYS_WRITE][0m
[32m[     7.247][0m [34mINFO  [0m: [39m[0m[39m[pid=10][tid=10][id=0][SYS_READ][0m
[32m[     7.248][0m [34mINFO  [0m: [39m[0m[39m[pid=10][tid=10][id=1][SYS_WRITE][0m
[32m[     7.249][0m [34mINFO  [0m: [39m[0m[39m[pid=11][tid=11][id=7][SYS_POLL][0m
[32m[     7.250][0m [34mINFO  [0m: [39m[0m[39m[pid=10][tid=10][id=7][SYS_POLL][0m
[32m[     7.251][0m [34mINFO  [0m: [39m[0m[39m[pid=11][tid=11][id=0][SYS_READ][0m
[32m[     7.252][0m [34mINFO  [0m: [39m[0m[39m[pid=10][tid=10][id=0][SYS_READ][0m
[32m[     7.253][0m [34mINFO  [0m: [39m[0m[39m[pid=11][tid=11][id=1][SYS_WRITE][0m
[32m[     7.254][0m [34mINFO  [0m: [39m[0m[39m[pid=10][tid=10][id=1][SYS_WRITE][0m
h[32m[     7.255][0m [34mINFO  [0m: [39m[0m[39m[pid=11][tid=11][id=7][SYS_POLL][0m
[32m[     7.256][0m [34mINFO  [0m: [39m[0m[39m[pid=10][tid=10][id=1][SYS_WRITE][0m
[32m[     7.257][0m [34mINFO  [0m: [39m[0m[39m[pid=11][tid=11][id=0][SYS_READ][0m
[32m[     7.258][0m [34mINFO  [0m: [39m[0m[39m[pid=10][tid=10][id=7][SYS_POLL][0m
[32m[     7.259][0m [34mINFO  [0m: [39m[0m[39m[pid=11][tid=11][id=1][SYS_WRITE][0m
[32m[     7.260][0m [34mINFO  [0m: [39m[0m[39m[pid=10][tid=10][id=0][SYS_READ][0m
[32m[     7.261][0m [34mINFO  [0m: [39m[0m[39m[pid=11][tid=11][id=7][SYS_POLL][0m
[32m[     7.262][0m [34mINFO  [0m: [39m[0m[39m[pid=10][tid=10][id=1][SYS_WRITE][0m
 -[32m[     7.263][0m [34mINFO  [0m: [39m[0m[39m[pid=11][tid=11][id=0][SYS_READ][0m
[32m[     7.264][0m [34mINFO  [0m: [39m[0m[39m[pid=10][tid=10][id=1][SYS_WRITE][0m
[32m[     7.265][0m [34mINFO  [0m: [39m[0m[39m[pid=11][tid=11][id=1][SYS_WRITE][0m
[32m[     7.266][0m [34mINFO  [0m: [39m[0m[39m[pid=10][tid=10][id=7][SYS_POLL][0m
[32m[     7.267][0m [34mINFO  [0m: [39m[0m[39m[pid=11][tid=11][id=7][SYS_POLL][0m
[32m[     7.268][0m [34mINFO  [0m: [39m[0m[39m[pid=10][tid=10][id=0][SYS_READ][0m
[32m[     7.269][0m [34mINFO  [0m: [39m[0m[39m[pid=11][tid=11][id=0][SYS_READ][0m
[32m[     7.270][0m [34mINFO  [0m: [39m[0m[39m[pid=10][tid=10][id=1][SYS_WRITE][0m
c[32m[     7.271][0m [34mINFO  [0m: [39m[0m[39m[pid=11][tid=11][id=1][SYS_WRITE][0m
[32m[     7.272][0m [34mINFO  [0m: [39m[0m[39m[pid=10][tid=10][id=1][SYS_WRITE][0m
[32m[     7.273][0m [34mINFO  [0m: [39m[0m[39m[pid=11][tid=11][id=7][SYS_POLL][0m
[32m[     7.274][0m [34mINFO  [0m: [39m[0m[39m[pid=10][tid=10][id=7][SYS_POLL][0m
[32m[     7.275][0m [34mINFO  [0m: [39m[0m[39m[pid=11][tid=11][id=0][SYS_READ][0m
[32m[     7.276][0m [34mINFO  [0m: [39m[0m[39m[pid=10][tid=10][id=0][SYS_READ][0m
[32m[     7.277][0m [34mINFO  [0m: [39m[0m[39m[pid=11][tid=11][id=1][SYS_WRITE][0m
[32m[     7.278][0m [34mINFO  [0m: [39m[0m[39m[pid=10][tid=10][id=1][SYS_WRITE][0m
 [32m[     7.279][0m [34mINFO  [0m: [39m[0m[39m[pid=10][tid=10][id=1][SYS_WRITE][0m
[32m[     7.280][0m [34mINFO  [0m: [39m[0m[39m[pid=11][tid=11][id=7][SYS_POLL][0m
[32m[     7.281][0m [34mINFO  [0m: [39m[0m[39m[pid=10][tid=10][id=7][SYS_POLL][0m
[32m[     7.282][0m [34mINFO  [0m: [39m[0m[39m[pid=11][tid=11][id=0][SYS_READ][0m
[32m[     7.283][0m [34mINFO  [0m: [39m[0m[39m[pid=10][tid=10][id=0][SYS_READ][0m
[32m[     7.284][0m [34mINFO  [0m: [39m[0m[39m[pid=10][tid=10][id=1][SYS_WRITE][0m
'[32m[     7.285][0m [34mINFO  [0m: [39m[0m[39m[pid=11][tid=11][id=1][SYS_WRITE][0m
[32m[     7.286][0m [34mINFO  [0m: [39m[0m[39m[pid=11][tid=11][id=7][SYS_POLL][0m
[32m[     7.287][0m [34mINFO  [0m: [39m[0m[39m[pid=10][tid=10][id=1][SYS_WRITE][0m
[32m[     7.288][0m [34mINFO  [0m: [39m[0m[39m[pid=11][tid=11][id=0][SYS_READ][0m
[32m[     7.289][0m [34mINFO  [0m: [39m[0m[39m[pid=11][tid=11][id=1][SYS_WRITE][0m
[32m[     7.290][0m [34mINFO  [0m: [39m[0m[39m[pid=10][tid=10][id=7][SYS_POLL][0m
[32m[     7.291][0m [34mINFO  [0m: [39m[0m[39m[pid=11][tid=11][id=7][SYS_POLL][0m
[32m[     7.292][0m [34mINFO  [0m: [39m[0m[39m[pid=10][tid=10][id=0][SYS_READ][0m
[32m[     7.293][0m [34mINFO  [0m: [39m[0m[39m[pid=11][tid=11][id=0][SYS_READ][0m
[32m[     7.294][0m [34mINFO  [0m: [39m[0m[39m[pid=10][tid=10][id=1][SYS_WRITE][0m
ec[32m[     7.295][0m [34mINFO  [0m: [39m[0m[39m[pid=11][tid=11][id=1][SYS_WRITE][0m
[32m[     7.296][0m [34mINFO  [0m: [39m[0m[39m[pid=10][tid=10][id=1][SYS_WRITE][0m
[32m[     7.297][0m [34mINFO  [0m: [39m[0m[39m[pid=11][tid=11][id=7][SYS_POLL][0m
[32m[     7.298][0m [34mINFO  [0m: [39m[0m[39m[pid=10][tid=10][id=7][SYS_POLL][0m
[32m[     7.299][0m [34mINFO  [0m: [39m[0m[39m[pid=10][tid=10][id=0][SYS_READ][0m
[32m[     7.300][0m [34mINFO  [0m: [39m[0m[39m[pid=11][tid=11][id=0][SYS_READ][0m
[32m[     7.301][0m [34mINFO  [0m: [39m[0m[39m[pid=10][tid=10][id=1][SYS_WRITE][0m
h[32m[     7.302][0m [34mINFO  [0m: [39m[0m[39m[pid=11][tid=11][id=1][SYS_WRITE][0m
[32m[     7.303][0m [34mINFO  [0m: [39m[0m[39m[pid=10][tid=10][id=1][SYS_WRITE][0m
[32m[     7.304][0m [34mINFO  [0m: [39m[0m[39m[pid=11][tid=11][id=7][SYS_POLL][0m
[32m[     7.305][0m [34mINFO  [0m: [39m[0m[39m[pid=10][tid=10][id=7][SYS_POLL][0m
[32m[     7.306][0m [34mINFO  [0m: [39m[0m[39m[pid=11][tid=11][id=0][SYS_READ][0m
[32m[     7.307][0m [34mINFO  [0m: [39m[0m[39m[pid=10][tid=10][id=0][SYS_READ][0m
[32m[     7.308][0m [34mINFO  [0m: [39m[0m[39m[pid=10][tid=10][id=1][SYS_WRITE][0m
o[32m[     7.309][0m [34mINFO  [0m: [39m[0m[39m[pid=11][tid=11][id=1][SYS_WRITE][0m
[32m[     7.310][0m [34mINFO  [0m: [39m[0m[39m[pid=10][tid=10][id=1][SYS_WRITE][0m
[32m[     7.311][0m [34mINFO  [0m: [39m[0m[39m[pid=11][tid=11][id=7][SYS_POLL][0m
[32m[     7.312][0m [34mINFO  [0m: [39m[0m[39m[pid=11][tid=11][id=0][SYS_READ][0m
[32m[     7.313][0m [34mINFO  [0m: [39m[0m[39m[pid=11][tid=11][id=1][SYS_WRITE][0m
[32m[     7.314][0m [34mINFO  [0m: [39m[0m[39m[pid=10][tid=10][id=7][SYS_POLL][0m
[32m[     7.315][0m [34mINFO  [0m: [39m[0m[39m[pid=11][tid=11][id=7][SYS_POLL][0m
[32m[     7.316][0m [34mINFO  [0m: [39m[0m[39m[pid=10][tid=10][id=0][SYS_READ][0m
[32m[     7.317][0m [34mINFO  [0m: [39m[0m[39m[pid=11][tid=11][id=0][SYS_READ][0m
[32m[     7.318][0m [34mINFO  [0m: [39m[0m[39m[pid=10][tid=10][id=1][SYS_WRITE][0m
 5[32m[     7.319][0m [34mINFO  [0m: [39m[0m[39m[pid=11][tid=11][id=1][SYS_WRITE][0m
[32m[     7.320][0m [34mINFO  [0m: [39m[0m[39m[pid=10][tid=10][id=1][SYS_WRITE][0m
[32m[     7.321][0m [34mINFO  [0m: [39m[0m[39m[pid=11][tid=11][id=7][SYS_POLL][0m
[32m[     7.322][0m [34mINFO  [0m: [39m[0m[39m[pid=10][tid=10][id=7][SYS_POLL][0m
[32m[     7.323][0m [34mINFO  [0m: [39m[0m[39m[pid=11][tid=11][id=0][SYS_READ][0m
[32m[     7.324][0m [34mINFO  [0m: [39m[0m[39m[pid=10][tid=10][id=0][SYS_READ][0m
[32m[     7.325][0m [34mINFO  [0m: [39m[0m[39m[pid=10][tid=10][id=1][SYS_WRITE][0m
 [32m[     7.326][0m [34mINFO  [0m: [39m[0m[39m[pid=11][tid=11][id=1][SYS_WRITE][0m
[32m[     7.327][0m [34mINFO  [0m: [39m[0m[39m[pid=11][tid=11][id=7][SYS_POLL][0m
[32m[     7.328][0m [34mINFO  [0m: [39m[0m[39m[pid=10][tid=10][id=1][SYS_WRITE][0m
[32m[     7.329][0m [34mINFO  [0m: [39m[0m[39m[pid=11][tid=11][id=0][SYS_READ][0m
[32m[     7.330][0m [34mINFO  [0m: [39m[0m[39m[pid=10][tid=10][id=7][SYS_POLL][0m
[32m[     7.331][0m [34mINFO  [0m: [39m[0m[39m[pid=11][tid=11][id=1][SYS_WRITE][0m
[32m[     7.332][0m [34mINFO  [0m: [39m[0m[39m[pid=10][tid=10][id=0][SYS_READ][0m
[32m[     7.333][0m [34mINFO  [0m: [39m[0m[39m[pid=11][tid=11][id=7][SYS_POLL][0m
[32m[     7.334][0m [34mINFO  [0m: [39m[0m[39m[pid=10][tid=10][id=1][SYS_WRITE][0m
> [32m[     7.335][0m [34mINFO  [0m: [39m[0m[39m[pid=11][tid=11][id=0][SYS_READ][0m
[32m[     7.336][0m [34mINFO  [0m: [39m[0m[39m[pid=10][tid=10][id=1][SYS_WRITE][0m
[32m[     7.337][0m [34mINFO  [0m: [39m[0m[39m[pid=11][tid=11][id=1][SYS_WRITE][0m
[32m[     7.338][0m [34mINFO  [0m: [39m[0m[39m[pid=10][tid=10][id=7][SYS_POLL][0m
[32m[     7.339][0m [34mINFO  [0m: [39m[0m[39m[pid=11][tid=11][id=7][SYS_POLL][0m
[32m[     7.340][0m [34mINFO  [0m: [39m[0m[39m[pid=10][tid=10][id=0][SYS_READ][0m
[32m[     7.341][0m [34mINFO  [0m: [39m[0m[39m[pid=10][tid=10][id=1][SYS_WRITE][0m
/[32m[     7.342][0m [34mINFO  [0m: [39m[0m[39m[pid=11][tid=11][id=0][SYS_READ][0m
[32m[     7.343][0m [34mINFO  [0m: [39m[0m[39m[pid=11][tid=11][id=1][SYS_WRITE][0m
[32m[     7.344][0m [34mINFO  [0m: [39m[0m[39m[pid=10][tid=10][id=1][SYS_WRITE][0m
[32m[     7.345][0m [34mINFO  [0m: [39m[0m[39m[pid=11][tid=11][id=7][SYS_POLL][0m
[32m[     7.346][0m [34mINFO  [0m: [39m[0m[39m[pid=10][tid=10][id=7][SYS_POLL][0m
[32m[     7.347][0m [34mINFO  [0m: [39m[0m[39m[pid=10][tid=10][id=0][SYS_READ][0m
[32m[     7.348][0m [34mINFO  [0m: [39m[0m[39m[pid=11][tid=11][id=0][SYS_READ][0m
[32m[     7.349][0m [34mINFO  [0m: [39m[0m[39m[pid=10][tid=10][id=1][SYS_WRITE][0m
s[32m[     7.350][0m [34mINFO  [0m: [39m[0m[39m[pid=11][tid=11][id=1][SYS_WRITE][0m
[32m[     7.351][0m [34mINFO  [0m: [39m[0m[39m[pid=10][tid=10][id=1][SYS_WRITE][0m
[32m[     7.352][0m [34mINFO  [0m: [39m[0m[39m[pid=11][tid=11][id=7][SYS_POLL][0m
[32m[     7.353][0m [34mINFO  [0m: [39m[0m[39m[pid=10][tid=10][id=7][SYS_POLL][0m
[32m[     7.354][0m [34mINFO  [0m: [39m[0m[39m[pid=11][tid=11][id=0][SYS_READ][0m
[32m[     7.355][0m [34mINFO  [0m: [39m[0m[39m[pid=10][tid=10][id=0][SYS_READ][0m
[32m[     7.356][0m [34mINFO  [0m: [39m[0m[39m[pid=10][tid=10][id=1][SYS_WRITE][0m
y[32m[     7.357][0m [34mINFO  [0m: [39m[0m[39m[pid=11][tid=11][id=1][SYS_WRITE][0m
[32m[     7.358][0m [34mINFO  [0m: [39m[0m[39m[pid=10][tid=10][id=1][SYS_WRITE][0m
[32m[     7.359][0m [34mINFO  [0m: [39m[0m[39m[pid=11][tid=11][id=7][SYS_POLL][0m
[32m[     7.360][0m [34mINFO  [0m: [39m[0m[39m[pid=11][tid=11][id=0][SYS_READ][0m
[32m[     7.361][0m [34mINFO  [0m: [39m[0m[39m[pid=10][tid=10][id=7][SYS_POLL][0m
[32m[     7.362][0m [34mINFO  [0m: [39m[0m[39m[pid=11][tid=11][id=1][SYS_WRITE][0m
[32m[     7.363][0m [34mINFO  [0m: [39m[0m[39m[pid=10][tid=10][id=0][SYS_READ][0m
[32m[     7.364][0m [34mINFO  [0m: [39m[0m[39m[pid=11][tid=11][id=7][SYS_POLL][0m
[32m[     7.365][0m [34mINFO  [0m: [39m[0m[39m[pid=10][tid=10][id=1][SYS_WRITE][0m
s/[32m[     7.366][0m [34mINFO  [0m: [39m[0m[39m[pid=11][tid=11][id=0][SYS_READ][0m
[32m[     7.367][0m [34mINFO  [0m: [39m[0m[39m[pid=10][tid=10][id=1][SYS_WRITE][0m
[32m[     7.368][0m [34mINFO  [0m: [39m[0m[39m[pid=11][tid=11][id=1][SYS_WRITE][0m
[32m[     7.369][0m [34mINFO  [0m: [39m[0m[39m[pid=10][tid=10][id=7][SYS_POLL][0m
[32m[     7.370][0m [34mINFO  [0m: [39m[0m[39m[pid=11][tid=11][id=7][SYS_POLL][0m
[32m[     7.371][0m [34mINFO  [0m: [39m[0m[39m[pid=10][tid=10][id=0][SYS_READ][0m
[32m[     7.372][0m [34mINFO  [0m: [39m[0m[39m[pid=11][tid=11][id=0][SYS_READ][0m
[32m[     7.373][0m [34mINFO  [0m: [39m[0m[39m[pid=11][tid=11][id=1][SYS_WRITE][0m
[32m[     7.374][0m [34mINFO  [0m: [39m[0m[39m[pid=10][tid=10][id=1][SYS_WRITE][0m
p[32m[     7.375][0m [34mINFO  [0m: [39m[0m[39m[pid=11][tid=11][id=7][SYS_POLL][0m
[32m[     7.376][0m [34mINFO  [0m: [39m[0m[39m[pid=10][tid=10][id=1][SYS_WRITE][0m
[32m[     7.377][0m [34mINFO  [0m: [39m[0m[39m[pid=11][tid=11][id=0][SYS_READ][0m
[32m[     7.378][0m [34mINFO  [0m: [39m[0m[39m[pid=10][tid=10][id=7][SYS_POLL][0m
[32m[     7.379][0m [34mINFO  [0m: [39m[0m[39m[pid=11][tid=11][id=1][SYS_WRITE][0m
[32m[     7.380][0m [34mINFO  [0m: [39m[0m[39m[pid=10][tid=10][id=0][SYS_READ][0m
[32m[     7.381][0m [34mINFO  [0m: [39m[0m[39m[pid=10][tid=10][id=1][SYS_WRITE][0m
vp[32m[     7.382][0m [34mINFO  [0m: [39m[0m[39m[pid=11][tid=11][id=7][SYS_POLL][0m
[32m[     7.383][0m [34mINFO  [0m: [39m[0m[39m[pid=10][tid=10][id=1][SYS_WRITE][0m
[32m[     7.384][0m [34mINFO  [0m: [39m[0m[39m[pid=11][tid=11][id=0][SYS_READ][0m
[32m[     7.385][0m [34mINFO  [0m: [39m[0m[39m[pid=10][tid=10][id=7][SYS_POLL][0m
[32m[     7.386][0m [34mINFO  [0m: [39m[0m[39m[pid=11][tid=11][id=1][SYS_WRITE][0m
[32m[     7.387][0m [34mINFO  [0m: [39m[0m[39m[pid=11][tid=11][id=7][SYS_POLL][0m
[32m[     7.388][0m [34mINFO  [0m: [39m[0m[39m[pid=10][tid=10][id=0][SYS_READ][0m
[32m[     7.389][0m [34mINFO  [0m: [39m[0m[39m[pid=11][tid=11][id=0][SYS_READ][0m
[32m[     7.390][0m [34mINFO  [0m: [39m[0m[39m[pid=10][tid=10][id=1][SYS_WRITE][0m
a[32m[     7.391][0m [34mINFO  [0m: [39m[0m[39m[pid=11][tid=11][id=1][SYS_WRITE][0m
[32m[     7.392][0m [34mINFO  [0m: [39m[0m[39m[pid=10][tid=10][id=1][SYS_WRITE][0m
[32m[     7.393][0m [34mINFO  [0m: [39m[0m[39m[pid=11][tid=11][id=7][SYS_POLL][0m
[32m[     7.394][0m [34mINFO  [0m: [39m[0m[39m[pid=10][tid=10][id=7][SYS_POLL][0m
[32m[     7.395][0m [34mINFO  [0m: [39m[0m[39m[pid=11][tid=11][id=0][SYS_READ][0m
[32m[     7.396][0m [34mINFO  [0m: [39m[0m[39m[pid=10][tid=10][id=0][SYS_READ][0m
[32m[     7.397][0m [34mINFO  [0m: [39m[0m[39m[pid=11][tid=11][id=1][SYS_WRITE][0m
[32m[     7.398][0m [34mINFO  [0m: [39m[0m[39m[pid=10][tid=10][id=1][SYS_WRITE][0m
n[32m[     7.399][0m [34mINFO  [0m: [39m[0m[39m[pid=11][tid=11][id=7][SYS_POLL][0m
[32m[     7.400][0m [34mINFO  [0m: [39m[0m[39m[pid=10][tid=10][id=1][SYS_WRITE][0m
[32m[     7.401][0m [34mINFO  [0m: [39m[0m[39m[pid=11][tid=11][id=0][SYS_READ][0m
[32m[     7.402][0m [34mINFO  [0m: [39m[0m[39m[pid=10][tid=10][id=7][SYS_POLL][0m
[32m[     7.403][0m [34mINFO  [0m: [39m[0m[39m[pid=11][tid=11][id=1][SYS_WRITE][0m
[32m[     7.404][0m [34mINFO  [0m: [39m[0m[39m[pid=10][tid=10][id=0][SYS_READ][0m
[32m[     7.405][0m [34mINFO  [0m: [39m[0m[39m[pid=11][tid=11][id=7][SYS_POLL][0m
[32m[     7.406][0m [34mINFO  [0m: [39m[0m[39m[pid=10][tid=10][id=1][SYS_WRITE][0m
ic[32m[     7.407][0m [34mINFO  [0m: [39m[0m[39m[pid=11][tid=11][id=0][SYS_READ][0m
[32m[     7.408][0m [34mINFO  [0m: [39m[0m[39m[pid=10][tid=10][id=1][SYS_WRITE][0m
[32m[     7.409][0m [34mINFO  [0m: [39m[0m[39m[pid=11][tid=11][id=1][SYS_WRITE][0m
[32m[     7.410][0m [34mINFO  [0m: [39m[0m[39m[pid=10][tid=10][id=7][SYS_POLL][0m
[32m[     7.411][0m [34mINFO  [0m: [39m[0m[39m[pid=11][tid=11][id=7][SYS_POLL][0m
[32m[     7.412][0m [34mINFO  [0m: [39m[0m[39m[pid=10][tid=10][id=0][SYS_READ][0m
[32m[     7.413][0m [34mINFO  [0m: [39m[0m[39m[pid=10][tid=10][id=1][SYS_WRITE][0m
/[32m[     7.414][0m [34mINFO  [0m: [39m[0m[39m[pid=11][tid=11][id=0][SYS_READ][0m
[32m[     7.415][0m [34mINFO  [0m: [39m[0m[39m[pid=10][tid=10][id=1][SYS_WRITE][0m
[32m[     7.416][0m [34mINFO  [0m: [39m[0m[39m[pid=11][tid=11][id=1][SYS_WRITE][0m
[32m[     7.417][0m [34mINFO  [0m: [39m[0m[39m[pid=10][tid=10][id=7][SYS_POLL][0m
[32m[     7.418][0m [34mINFO  [0m: [39m[0m[39m[pid=11][tid=11][id=7][SYS_POLL][0m
[32m[     7.419][0m [34mINFO  [0m: [39m[0m[39m[pid=10][tid=10][id=0][SYS_READ][0m
[32m[     7.420][0m [34mINFO  [0m: [39m[0m[39m[pid=11][tid=11][id=0][SYS_READ][0m
[32m[     7.421][0m [34mINFO  [0m: [39m[0m[39m[pid=10][tid=10][id=1][SYS_WRITE][0m
e[32m[     7.422][0m [34mINFO  [0m: [39m[0m[39m[pid=11][tid=11][id=1][SYS_WRITE][0m
[32m[     7.423][0m [34mINFO  [0m: [39m[0m[39m[pid=10][tid=10][id=1][SYS_WRITE][0m
[32m[     7.424][0m [34mINFO  [0m: [39m[0m[39m[pid=11][tid=11][id=7][SYS_POLL][0m
[32m[     7.425][0m [34mINFO  [0m: [39m[0m[39m[pid=10][tid=10][id=7][SYS_POLL][0m
[32m[     7.426][0m [34mINFO  [0m: [39m[0m[39m[pid=11][tid=11][id=0][SYS_READ][0m
[32m[     7.427][0m [34mINFO  [0m: [39m[0m[39m[pid=10][tid=10][id=0][SYS_READ][0m
[32m[     7.428][0m [34mINFO  [0m: [39m[0m[39m[pid=11][tid=11][id=1][SYS_WRITE][0m
[32m[     7.429][0m [34mINFO  [0m: [39m[0m[39m[pid=11][tid=11][id=7][SYS_POLL][0m
[32m[     7.430][0m [34mINFO  [0m: [39m[0m[39m[pid=10][tid=10][id=1][SYS_WRITE][0m
v[32m[     7.431][0m [34mINFO  [0m: [39m[0m[39m[pid=11][tid=11][id=0][SYS_READ][0m
[32m[     7.432][0m [34mINFO  [0m: [39m[0m[39m[pid=10][tid=10][id=1][SYS_WRITE][0m
[32m[     7.433][0m [34mINFO  [0m: [39m[0m[39m[pid=11][tid=11][id=1][SYS_WRITE][0m
[32m[     7.434][0m [34mINFO  [0m: [39m[0m[39m[pid=10][tid=10][id=7][SYS_POLL][0m
[32m[     7.435][0m [34mINFO  [0m: [39m[0m[39m[pid=11][tid=11][id=7][SYS_POLL][0m
[32m[     7.436][0m [34mINFO  [0m: [39m[0m[39m[pid=10][tid=10][id=0][SYS_READ][0m
[32m[     7.437][0m [34mINFO  [0m: [39m[0m[39m[pid=11][tid=11][id=0][SYS_READ][0m
[32m[     7.438][0m [34mINFO  [0m: [39m[0m[39m[pid=10][tid=10][id=1][SYS_WRITE][0m
en[32m[     7.439][0m [34mINFO  [0m: [39m[0m[39m[pid=11][tid=11][id=1][SYS_WRITE][0m
[32m[     7.440][0m [34mINFO  [0m: [39m[0m[39m[pid=10][tid=10][id=1][SYS_WRITE][0m
[32m[     7.441][0m [34mINFO  [0m: [39m[0m[39m[pid=11][tid=11][id=7][SYS_POLL][0m
[32m[     7.442][0m [34mINFO  [0m: [39m[0m[39m[pid=10][tid=10][id=7][SYS_POLL][0m
[32m[     7.443][0m [34mINFO  [0m: [39m[0m[39m[pid=11][tid=11][id=0][SYS_READ][0m
[32m[     7.444][0m [34mINFO  [0m: [39m[0m[39m[pid=10][tid=10][id=0][SYS_READ][0m
[32m[     7.445][0m [34mINFO  [0m: [39m[0m[39m[pid=11][tid=11][id=1][SYS_WRITE][0m
[32m[     7.446][0m [34mINFO  [0m: [39m[0m[39m[pid=10][tid=10][id=1][SYS_WRITE][0m
t[32m[     7.447][0m [34mINFO  [0m: [39m[0m[39m[pid=11][tid=11][id=7][SYS_POLL][0m
[32m[     7.448][0m [34mINFO  [0m: [39m[0m[39m[pid=10][tid=10][id=1][SYS_WRITE][0m
[32m[     7.449][0m [34mINFO  [0m: [39m[0m[39m[pid=11][tid=11][id=0][SYS_READ][0m
[32m[     7.450][0m [34mINFO  [0m: [39m[0m[39m[pid=10][tid=10][id=7][SYS_POLL][0m
[32m[     7.451][0m [34mINFO  [0m: [39m[0m[39m[pid=11][tid=11][id=1][SYS_WRITE][0m
[32m[     7.452][0m [34mINFO  [0m: [39m[0m[39m[pid=10][tid=10][id=0][SYS_READ][0m
[32m[     7.453][0m [34mINFO  [0m: [39m[0m[39m[pid=10][tid=10][id=1][SYS_WRITE][0m
s [32m[     7.454][0m [34mINFO  [0m: [39m[0m[39m[pid=11][tid=11][id=7][SYS_POLL][0m
[32m[     7.455][0m [34mINFO  [0m: [39m[0m[39m[pid=11][tid=11][id=0][SYS_READ][0m
[32m[     7.456][0m [34mINFO  [0m: [39m[0m[39m[pid=10][tid=10][id=1][SYS_WRITE][0m
[32m[     7.457][0m [34mINFO  [0m: [39m[0m[39m[pid=10][tid=10][id=7][SYS_POLL][0m
[32m[     7.458][0m [34mINFO  [0m: [39m[0m[39m[pid=11][tid=11][id=1][SYS_WRITE][0m
[32m[     7.459][0m [34mINFO  [0m: [39m[0m[39m[pid=11][tid=11][id=7][SYS_POLL][0m
[32m[     7.460][0m [34mINFO  [0m: [39m[0m[39m[pid=10][tid=10][id=0][SYS_READ][0m
[32m[     7.461][0m [34mINFO  [0m: [39m[0m[39m[pid=10][tid=10][id=1][SYS_WRITE][0m
&[32m[     7.462][0m [34mINFO  [0m: [39m[0m[39m[pid=11][tid=11][id=0][SYS_READ][0m
[32m[     7.463][0m [34mINFO  [0m: [39m[0m[39m[pid=10][tid=10][id=1][SYS_WRITE][0m
[32m[     7.464][0m [34mINFO  [0m: [39m[0m[39m[pid=11][tid=11][id=1][SYS_WRITE][0m
[32m[     7.465][0m [34mINFO  [0m: [39m[0m[39m[pid=10][tid=10][id=7][SYS_POLL][0m
[32m[     7.466][0m [34mINFO  [0m: [39m[0m[39m[pid=10][tid=10][id=0][SYS_READ][0m
[32m[     7.467][0m [34mINFO  [0m: [39m[0m[39m[pid=11][tid=11][id=7][SYS_POLL][0m
[32m[     7.468][0m [34mINFO  [0m: [39m[0m[39m[pid=10][tid=10][id=1][SYS_WRITE][0m
&[32m[     7.469][0m [34mINFO  [0m: [39m[0m[39m[pid=11][tid=11][id=0][SYS_READ][0m
[32m[     7.470][0m [34mINFO  [0m: [39m[0m[39m[pid=10][tid=10][id=1][SYS_WRITE][0m
[32m[     7.471][0m [34mINFO  [0m: [39m[0m[39m[pid=11][tid=11][id=1][SYS_WRITE][0m
[32m[     7.472][0m [34mINFO  [0m: [39m[0m[39m[pid=10][tid=10][id=7][SYS_POLL][0m
[32m[     7.473][0m [34mINFO  [0m: [39m[0m[39m[pid=11][tid=11][id=7][SYS_POLL][0m
[32m[     7.474][0m [34mINFO  [0m: [39m[0m[39m[pid=10][tid=10][id=0][SYS_READ][0m
[32m[     7.475][0m [34mINFO  [0m: [39m[0m[39m[pid=11][tid=11][id=0][SYS_READ][0m
[32m[     7.476][0m [34mINFO  [0m: [39m[0m[39m[pid=11][tid=11][id=1][SYS_WRITE][0m
[32m[     7.477][0m [34mINFO  [0m: [39m[0m[39m[pid=10][tid=10][id=1][SYS_WRITE][0m
 [32m[     7.478][0m [34mINFO  [0m: [39m[0m[39m[pid=11][tid=11][id=7][SYS_POLL][0m
[32m[     7.479][0m [34mINFO  [0m: [39m[0m[39m[pid=10][tid=10][id=1][SYS_WRITE][0m
[32m[     7.480][0m [34mINFO  [0m: [39m[0m[39m[pid=10][tid=10][id=7][SYS_POLL][0m
[32m[     7.481][0m [34mINFO  [0m: [39m[0m[39m[pid=11][tid=11][id=0][SYS_READ][0m
[32m[     7.482][0m [34mINFO  [0m: [39m[0m[39m[pid=11][tid=11][id=1][SYS_WRITE][0m
[32m[     7.483][0m [34mINFO  [0m: [39m[0m[39m[pid=10][tid=10][id=0][SYS_READ][0m
[32m[     7.484][0m [34mINFO  [0m: [39m[0m[39m[pid=11][tid=11][id=7][SYS_POLL][0m
[32m[     7.485][0m [34mINFO  [0m: [39m[0m[39m[pid=10][tid=10][id=1][SYS_WRITE][0m
te[32m[     7.486][0m [34mINFO  [0m: [39m[0m[39m[pid=10][tid=10][id=1][SYS_WRITE][0m
[32m[     7.487][0m [34mINFO  [0m: [39m[0m[39m[pid=11][tid=11][id=0][SYS_READ][0m
[32m[     7.488][0m [34mINFO  [0m: [39m[0m[39m[pid=10][tid=10][id=7][SYS_POLL][0m
[32m[     7.489][0m [34mINFO  [0m: [39m[0m[39m[pid=11][tid=11][id=1][SYS_WRITE][0m
[32m[     7.490][0m [34mINFO  [0m: [39m[0m[39m[pid=11][tid=11][id=7][SYS_POLL][0m
[32m[     7.491][0m [34mINFO  [0m: [39m[0m[39m[pid=10][tid=10][id=0][SYS_READ][0m
[32m[     7.492][0m [34mINFO  [0m: [39m[0m[39m[pid=11][tid=11][id=0][SYS_READ][0m
[32m[     7.493][0m [34mINFO  [0m: [39m[0m[39m[pid=10][tid=10][id=1][SYS_WRITE][0m
s[32m[     7.494][0m [34mINFO  [0m: [39m[0m[39m[pid=11][tid=11][id=1][SYS_WRITE][0m
[32m[     7.495][0m [34mINFO  [0m: [39m[0m[39m[pid=10][tid=10][id=1][SYS_WRITE][0m
[32m[     7.496][0m [34mINFO  [0m: [39m[0m[39m[pid=11][tid=11][id=7][SYS_POLL][0m
[32m[     7.497][0m [34mINFO  [0m: [39m[0m[39m[pid=10][tid=10][id=7][SYS_POLL][0m
[32m[     7.498][0m [34mINFO  [0m: [39m[0m[39m[pid=10][tid=10][id=0][SYS_READ][0m
[32m[     7.499][0m [34mINFO  [0m: [39m[0m[39m[pid=11][tid=11][id=0][SYS_READ][0m
[32m[     7.500][0m [34mINFO  [0m: [39m[0m[39m[pid=10][tid=10][id=1][SYS_WRITE][0m
t[32m[     7.501][0m [34mINFO  [0m: [39m[0m[39m[pid=11][tid=11][id=1][SYS_WRITE][0m
[32m[     7.502][0m [34mINFO  [0m: [39m[0m[39m[pid=10][tid=10][id=1][SYS_WRITE][0m
[32m[     7.503][0m [34mINFO  [0m: [39m[0m[39m[pid=11][tid=11][id=7][SYS_POLL][0m
[32m[     7.504][0m [34mINFO  [0m: [39m[0m[39m[pid=10][tid=10][id=7][SYS_POLL][0m
[32m[     7.505][0m [34mINFO  [0m: [39m[0m[39m[pid=11][tid=11][id=0][SYS_READ][0m
[32m[     7.506][0m [34mINFO  [0m: [39m[0m[39m[pid=11][tid=11][id=1][SYS_WRITE][0m
[32m[     7.507][0m [34mINFO  [0m: [39m[0m[39m[pid=10][tid=10][id=0][SYS_READ][0m
[32m[     7.508][0m [34mINFO  [0m: [39m[0m[39m[pid=10][tid=10][id=1][SYS_WRITE][0m
 "[32m[     7.509][0m [34mINFO  [0m: [39m[0m[39m[pid=11][tid=11][id=7][SYS_POLL][0m
[32m[     7.510][0m [34mINFO  [0m: [39m[0m[39m[pid=11][tid=11][id=0][SYS_READ][0m
[32m[     7.511][0m [34mINFO  [0m: [39m[0m[39m[pid=10][tid=10][id=1][SYS_WRITE][0m
[32m[     7.512][0m [34mINFO  [0m: [39m[0m[39m[pid=11][tid=11][id=1][SYS_WRITE][0m
[32m[     7.513][0m [34mINFO  [0m: [39m[0m[39m[pid=10][tid=10][id=7][SYS_POLL][0m
[32m[     7.514][0m [34mINFO  [0m: [39m[0m[39m[pid=10][tid=10][id=0][SYS_READ][0m
[32m[     7.515][0m [34mINFO  [0m: [39m[0m[39m[pid=11][tid=11][id=7][SYS_POLL][0m
[32m[     7.516][0m [34mINFO  [0m: [39m[0m[39m[pid=10][tid=10][id=1][SYS_WRITE][0m
$[32m[     7.517][0m [34mINFO  [0m: [39m[0m[39m[pid=11][tid=11][id=0][SYS_READ][0m
[32m[     7.518][0m [34mINFO  [0m: [39m[0m[39m[pid=10][tid=10][id=1][SYS_WRITE][0m
[32m[     7.519][0m [34mINFO  [0m: [39m[0m[39m[pid=10][tid=10][id=7][SYS_POLL][0m
[32m[     7.520][0m [34mINFO  [0m: [39m[0m[39m[pid=11][tid=11][id=1][SYS_WRITE][0m
[32m[     7.521][0m [34mINFO  [0m: [39m[0m[39m[pid=11][tid=11][id=7][SYS_POLL][0m
[32m[     7.522][0m [34mINFO  [0m: [39m[0m[39m[pid=10][tid=10][id=0][SYS_READ][0m
[32m[     7.523][0m [34mINFO  [0m: [39m[0m[39m[pid=11][tid=11][id=0][SYS_READ][0m
[32m[     7.524][0m [34mINFO  [0m: [39m[0m[39m[pid=10][tid=10][id=1][SYS_WRITE][0m
([32m[     7.525][0m [34mINFO  [0m: [39m[0m[39m[pid=11][tid=11][id=1][SYS_WRITE][0m
[32m[     7.526][0m [34mINFO  [0m: [39m[0m[39m[pid=10][tid=10][id=1][SYS_WRITE][0m
[32m[     7.527][0m [34mINFO  [0m: [39m[0m[39m[pid=10][tid=10][id=7][SYS_POLL][0m
[32m[     7.528][0m [34mINFO  [0m: [39m[0m[39m[pid=10][tid=10][id=0][SYS_READ][0m
[32m[     7.529][0m [34mINFO  [0m: [39m[0m[39m[pid=11][tid=11][id=7][SYS_POLL][0m
[32m[     7.530][0m [34mINFO  [0m: [39m[0m[39m[pid=10][tid=10][id=1][SYS_WRITE][0m
c[32m[     7.531][0m [34mINFO  [0m: [39m[0m[39m[pid=11][tid=11][id=0][SYS_READ][0m
[32m[     7.532][0m [34mINFO  [0m: [39m[0m[39m[pid=11][tid=11][id=1][SYS_WRITE][0m
[32m[     7.533][0m [34mINFO  [0m: [39m[0m[39m[pid=10][tid=10][id=1][SYS_WRITE][0m
[32m[     7.534][0m [34mINFO  [0m: [39m[0m[39m[pid=11][tid=11][id=7][SYS_POLL][0m
[32m[     7.535][0m [34mINFO  [0m: [39m[0m[39m[pid=10][tid=10][id=7][SYS_POLL][0m
[32m[     7.536][0m [34mINFO  [0m: [39m[0m[39m[pid=11][tid=11][id=0][SYS_READ][0m
[32m[     7.537][0m [34mINFO  [0m: [39m[0m[39m[pid=10][tid=10][id=0][SYS_READ][0m
[32m[     7.538][0m [34mINFO  [0m: [39m[0m[39m[pid=11][tid=11][id=1][SYS_WRITE][0m
[32m[     7.539][0m [34mINFO  [0m: [39m[0m[39m[pid=10][tid=10][id=1][SYS_WRITE][0m
a[32m[     7.540][0m [34mINFO  [0m: [39m[0m[39m[pid=11][tid=11][id=7][SYS_POLL][0m
[32m[     7.541][0m [34mINFO  [0m: [39m[0m[39m[pid=10][tid=10][id=1][SYS_WRITE][0m
[32m[     7.542][0m [34mINFO  [0m: [39m[0m[39m[pid=11][tid=11][id=0][SYS_READ][0m
[32m[     7.543][0m [34mINFO  [0m: [39m[0m[39m[pid=10][tid=10][id=7][SYS_POLL][0m
[32m[     7.544][0m [34mINFO  [0m: [39m[0m[39m[pid=11][tid=11][id=1][SYS_WRITE][0m
[32m[     7.545][0m [34mINFO  [0m: [39m[0m[39m[pid=10][tid=10][id=0][SYS_READ][0m
[32m[     7.546][0m [34mINFO  [0m: [39m[0m[39m[pid=11][tid=11][id=7][SYS_POLL][0m
[32m[     7.547][0m [34mINFO  [0m: [39m[0m[39m[pid=10][tid=10][id=1][SYS_WRITE][0m
t [32m[     7.548][0m [34mINFO  [0m: [39m[0m[39m[pid=11][tid=11][id=0][SYS_READ][0m
[32m[     7.549][0m [34mINFO  [0m: [39m[0m[39m[pid=10][tid=10][id=1][SYS_WRITE][0m
[32m[     7.550][0m [34mINFO  [0m: [39m[0m[39m[pid=10][tid=10][id=7][SYS_POLL][0m
[32m[     7.551][0m [34mINFO  [0m: [39m[0m[39m[pid=11][tid=11][id=1][SYS_WRITE][0m
[32m[     7.552][0m [34mINFO  [0m: [39m[0m[39m[pid=11][tid=11][id=7][SYS_POLL][0m
[32m[     7.553][0m [34mINFO  [0m: [39m[0m[39m[pid=10][tid=10][id=0][SYS_READ][0m
[32m[     7.554][0m [34mINFO  [0m: [39m[0m[39m[pid=11][tid=11][id=0][SYS_READ][0m
[32m[     7.555][0m [34mINFO  [0m: [39m[0m[39m[pid=10][tid=10][id=1][SYS_WRITE][0m
/[32m[     7.556][0m [34mINFO  [0m: [39m[0m[39m[pid=11][tid=11][id=1][SYS_WRITE][0m
[32m[     7.557][0m [34mINFO  [0m: [39m[0m[39m[pid=10][tid=10][id=1][SYS_WRITE][0m
[32m[     7.558][0m [34mINFO  [0m: [39m[0m[39m[pid=11][tid=11][id=7][SYS_POLL][0m
[32m[     7.559][0m [34mINFO  [0m: [39m[0m[39m[pid=11][tid=11][id=0][SYS_READ][0m
[32m[     7.560][0m [34mINFO  [0m: [39m[0m[39m[pid=10][tid=10][id=7][SYS_POLL][0m
[32m[     7.561][0m [34mINFO  [0m: [39m[0m[39m[pid=10][tid=10][id=0][SYS_READ][0m
[32m[     7.562][0m [34mINFO  [0m: [39m[0m[39m[pid=11][tid=11][id=1][SYS_WRITE][0m
[32m[     7.563][0m [34mINFO  [0m: [39m[0m[39m[pid=10][tid=10][id=1][SYS_WRITE][0m
s[32m[     7.564][0m [34mINFO  [0m: [39m[0m[39m[pid=11][tid=11][id=7][SYS_POLL][0m
[32m[     7.565][0m [34mINFO  [0m: [39m[0m[39m[pid=10][tid=10][id=1][SYS_WRITE][0m
[32m[     7.566][0m [34mINFO  [0m: [39m[0m[39m[pid=11][tid=11][id=0][SYS_READ][0m
[32m[     7.567][0m [34mINFO  [0m: [39m[0m[39m[pid=10][tid=10][id=7][SYS_POLL][0m
[32m[     7.568][0m [34mINFO  [0m: [39m[0m[39m[pid=11][tid=11][id=1][SYS_WRITE][0m
[32m[     7.569][0m [34mINFO  [0m: [39m[0m[39m[pid=10][tid=10][id=0][SYS_READ][0m
[32m[     7.570][0m [34mINFO  [0m: [39m[0m[39m[pid=11][tid=11][id=7][SYS_POLL][0m
[32m[     7.571][0m [34mINFO  [0m: [39m[0m[39m[pid=10][tid=10][id=1][SYS_WRITE][0m
ys[32m[     7.572][0m [34mINFO  [0m: [39m[0m[39m[pid=10][tid=10][id=1][SYS_WRITE][0m
[32m[     7.573][0m [34mINFO  [0m: [39m[0m[39m[pid=11][tid=11][id=0][SYS_READ][0m
[32m[     7.574][0m [34mINFO  [0m: [39m[0m[39m[pid=10][tid=10][id=7][SYS_POLL][0m
[32m[     7.575][0m [34mINFO  [0m: [39m[0m[39m[pid=11][tid=11][id=1][SYS_WRITE][0m
[32m[     7.576][0m [34mINFO  [0m: [39m[0m[39m[pid=11][tid=11][id=7][SYS_POLL][0m
[32m[     7.577][0m [34mINFO  [0m: [39m[0m[39m[pid=10][tid=10][id=0][SYS_READ][0m
[32m[     7.578][0m [34mINFO  [0m: [39m[0m[39m[pid=11][tid=11][id=0][SYS_READ][0m
[32m[     7.579][0m [34mINFO  [0m: [39m[0m[39m[pid=10][tid=10][id=1][SYS_WRITE][0m
/[32m[     7.580][0m [34mINFO  [0m: [39m[0m[39m[pid=11][tid=11][id=1][SYS_WRITE][0m
[32m[     7.581][0m [34mINFO  [0m: [39m[0m[39m[pid=11][tid=11][id=7][SYS_POLL][0m
[32m[     7.582][0m [34mINFO  [0m: [39m[0m[39m[pid=10][tid=10][id=1][SYS_WRITE][0m
[32m[     7.583][0m [34mINFO  [0m: [39m[0m[39m[pid=11][tid=11][id=0][SYS_READ][0m
[32m[     7.584][0m [34mINFO  [0m: [39m[0m[39m[pid=11][tid=11][id=1][SYS_WRITE][0m
[32m[     7.585][0m [34mINFO  [0m: [39m[0m[39m[pid=10][tid=10][id=7][SYS_POLL][0m
[32m[     7.586][0m [34mINFO  [0m: [39m[0m[39m[pid=11][tid=11][id=7][SYS_POLL][0m
[32m[     7.587][0m [34mINFO  [0m: [39m[0m[39m[pid=10][tid=10][id=0][SYS_READ][0m
[32m[     7.588][0m [34mINFO  [0m: [39m[0m[39m[pid=11][tid=11][id=0][SYS_READ][0m
[32m[     7.589][0m [34mINFO  [0m: [39m[0m[39m[pid=10][tid=10][id=1][SYS_WRITE][0m
pv[32m[     7.590][0m [34mINFO  [0m: [39m[0m[39m[pid=10][tid=10][id=1][SYS_WRITE][0m
[32m[     7.591][0m [34mINFO  [0m: [39m[0m[39m[pid=11][tid=11][id=1][SYS_WRITE][0m
[32m[     7.592][0m [34mINFO  [0m: [39m[0m[39m[pid=11][tid=11][id=7][SYS_POLL][0m
[32m[     7.593][0m [34mINFO  [0m: [39m[0m[39m[pid=10][tid=10][id=7][SYS_POLL][0m
[32m[     7.594][0m [34mINFO  [0m: [39m[0m[39m[pid=11][tid=11][id=0][SYS_READ][0m
[32m[     7.595][0m [34mINFO  [0m: [39m[0m[39m[pid=10][tid=10][id=0][SYS_READ][0m
[32m[     7.596][0m [34mINFO  [0m: [39m[0m[39m[pid=11][tid=11][id=1][SYS_WRITE][0m
[32m[     7.597][0m [34mINFO  [0m: [39m[0m[39m[pid=10][tid=10][id=1][SYS_WRITE][0m
p[32m[     7.598][0m [34mINFO  [0m: [39m[0m[39m[pid=11][tid=11][id=7][SYS_POLL][0m
[32m[     7.599][0m [34mINFO  [0m: [39m[0m[39m[pid=10][tid=10][id=1][SYS_WRITE][0m
[32m[     7.600][0m [34mINFO  [0m: [39m[0m[39m[pid=10][tid=10][id=7][SYS_POLL][0m
[32m[     7.601][0m [34mINFO  [0m: [39m[0m[39m[pid=11][tid=11][id=0][SYS_READ][0m
[32m[     7.602][0m [34mINFO  [0m: [39m[0m[39m[pid=10][tid=10][id=0][SYS_READ][0m
[32m[     7.603][0m [34mINFO  [0m: [39m[0m[39m[pid=10][tid=10][id=1][SYS_WRITE][0m
a[32m[     7.604][0m [34mINFO  [0m: [39m[0m[39m[pid=11][tid=11][id=1][SYS_WRITE][0m
[32m[     7.605][0m [34mINFO  [0m: [39m[0m[39m[pid=10][tid=10][id=1][SYS_WRITE][0m
[32m[     7.606][0m [34mINFO  [0m: [39m[0m[39m[pid=11][tid=11][id=7][SYS_POLL][0m
[32m[     7.607][0m [34mINFO  [0m: [39m[0m[39m[pid=10][tid=10][id=7][SYS_POLL][0m
[32m[     7.608][0m [34mINFO  [0m: [39m[0m[39m[pid=11][tid=11][id=0][SYS_READ][0m
[32m[     7.609][0m [34mINFO  [0m: [39m[0m[39m[pid=10][tid=10][id=0][SYS_READ][0m
[32m[     7.610][0m [34mINFO  [0m: [39m[0m[39m[pid=11][tid=11][id=1][SYS_WRITE][0m
[32m[     7.611][0m [34mINFO  [0m: [39m[0m[39m[pid=10][tid=10][id=1][SYS_WRITE][0m
n[32m[     7.612][0m [34mINFO  [0m: [39m[0m[39m[pid=11][tid=11][id=7][SYS_POLL][0m
[32m[     7.613][0m [34mINFO  [0m: [39m[0m[39m[pid=10][tid=10][id=1][SYS_WRITE][0m
[32m[     7.614][0m [34mINFO  [0m: [39m[0m[39m[pid=11][tid=11][id=0][SYS_READ][0m
[32m[     7.615][0m [34mINFO  [0m: [39m[0m[39m[pid=10][tid=10][id=7][SYS_POLL][0m
[32m[     7.616][0m [34mINFO  [0m: [39m[0m[39m[pid=11][tid=11][id=1][SYS_WRITE][0m
[32m[     7.617][0m [34mINFO  [0m: [39m[0m[39m[pid=10][tid=10][id=0][SYS_READ][0m
[32m[     7.618][0m [34mINFO  [0m: [39m[0m[39m[pid=11][tid=11][id=7][SYS_POLL][0m
[32m[     7.619][0m [34mINFO  [0m: [39m[0m[39m[pid=10][tid=10][id=1][SYS_WRITE][0m
ic[32m[     7.620][0m [34mINFO  [0m: [39m[0m[39m[pid=11][tid=11][id=0][SYS_READ][0m
[32m[     7.621][0m [34mINFO  [0m: [39m[0m[39m[pid=10][tid=10][id=1][SYS_WRITE][0m
[32m[     7.622][0m [34mINFO  [0m: [39m[0m[39m[pid=11][tid=11][id=1][SYS_WRITE][0m
[32m[     7.623][0m [34mINFO  [0m: [39m[0m[39m[pid=10][tid=10][id=7][SYS_POLL][0m
[32m[     7.624][0m [34mINFO  [0m: [39m[0m[39m[pid=11][tid=11][id=7][SYS_POLL][0m
[32m[     7.625][0m [34mINFO  [0m: [39m[0m[39m[pid=11][tid=11][id=0][SYS_READ][0m
[32m[     7.626][0m [34mINFO  [0m: [39m[0m[39m[pid=10][tid=10][id=0][SYS_READ][0m
[32m[     7.627][0m [34mINFO  [0m: [39m[0m[39m[pid=11][tid=11][id=1][SYS_WRITE][0m
[32m[     7.628][0m [34mINFO  [0m: [39m[0m[39m[pid=10][tid=10][id=1][SYS_WRITE][0m
/[32m[     7.629][0m [34mINFO  [0m: [39m[0m[39m[pid=11][tid=11][id=7][SYS_POLL][0m
[32m[     7.630][0m [34mINFO  [0m: [39m[0m[39m[pid=11][tid=11][id=0][SYS_READ][0m
[32m[     7.631][0m [34mINFO  [0m: [39m[0m[39m[pid=10][tid=10][id=1][SYS_WRITE][0m
[32m[     7.632][0m [34mINFO  [0m: [39m[0m[39m[pid=11][tid=11][id=1][SYS_WRITE][0m
[32m[     7.633][0m [34mINFO  [0m: [39m[0m[39m[pid=10][tid=10][id=7][SYS_POLL][0m
[32m[     7.634][0m [34mINFO  [0m: [39m[0m[39m[pid=10][tid=10][id=0][SYS_READ][0m
[32m[     7.635][0m [34mINFO  [0m: [39m[0m[39m[pid=11][tid=11][id=7][SYS_POLL][0m
[32m[     7.636][0m [34mINFO  [0m: [39m[0m[39m[pid=10][tid=10][id=1][SYS_WRITE][0m
ev[32m[     7.637][0m [34mINFO  [0m: [39m[0m[39m[pid=11][tid=11][id=0][SYS_READ][0m
[32m[     7.638][0m [34mINFO  [0m: [39m[0m[39m[pid=10][tid=10][id=1][SYS_WRITE][0m
[32m[     7.639][0m [34mINFO  [0m: [39m[0m[39m[pid=11][tid=11][id=1][SYS_WRITE][0m
[32m[     7.640][0m [34mINFO  [0m: [39m[0m[39m[pid=10][tid=10][id=7][SYS_POLL][0m
[32m[     7.641][0m [34mINFO  [0m: [39m[0m[39m[pid=11][tid=11][id=7][SYS_POLL][0m
[32m[     7.642][0m [34mINFO  [0m: [39m[0m[39m[pid=10][tid=10][id=0][SYS_READ][0m
[32m[     7.643][0m [34mINFO  [0m: [39m[0m[39m[pid=11][tid=11][id=0][SYS_READ][0m
[32m[     7.644][0m [34mINFO  [0m: [39m[0m[39m[pid=10][tid=10][id=1][SYS_WRITE][0m
e[32m[     7.645][0m [34mINFO  [0m: [39m[0m[39m[pid=11][tid=11][id=1][SYS_WRITE][0m
[32m[     7.646][0m [34mINFO  [0m: [39m[0m[39m[pid=10][tid=10][id=1][SYS_WRITE][0m
[32m[     7.647][0m [34mINFO  [0m: [39m[0m[39m[pid=11][tid=11][id=7][SYS_POLL][0m
[32m[     7.648][0m [34mINFO  [0m: [39m[0m[39m[pid=10][tid=10][id=7][SYS_POLL][0m
[32m[     7.649][0m [34mINFO  [0m: [39m[0m[39m[pid=11][tid=11][id=0][SYS_READ][0m
[32m[     7.650][0m [34mINFO  [0m: [39m[0m[39m[pid=10][tid=10][id=0][SYS_READ][0m
[32m[     7.651][0m [34mINFO  [0m: [39m[0m[39m[pid=11][tid=11][id=1][SYS_WRITE][0m
[32m[     7.652][0m [34mINFO  [0m: [39m[0m[39m[pid=10][tid=10][id=1][SYS_WRITE][0m
n[32m[     7.653][0m [34mINFO  [0m: [39m[0m[39m[pid=11][tid=11][id=7][SYS_POLL][0m
[32m[     7.654][0m [34mINFO  [0m: [39m[0m[39m[pid=10][tid=10][id=1][SYS_WRITE][0m
[32m[     7.655][0m [34mINFO  [0m: [39m[0m[39m[pid=11][tid=11][id=0][SYS_READ][0m
[32m[     7.656][0m [34mINFO  [0m: [39m[0m[39m[pid=10][tid=10][id=7][SYS_POLL][0m
[32m[     7.657][0m [34mINFO  [0m: [39m[0m[39m[pid=11][tid=11][id=1][SYS_WRITE][0m
[32m[     7.658][0m [34mINFO  [0m: [39m[0m[39m[pid=11][tid=11][id=7][SYS_POLL][0m
[32m[     7.659][0m [34mINFO  [0m: [39m[0m[39m[pid=10][tid=10][id=0][SYS_READ][0m
[32m[     7.660][0m [34mINFO  [0m: [39m[0m[39m[pid=11][tid=11][id=0][SYS_READ][0m
[32m[     7.661][0m [34mINFO  [0m: [39m[0m[39m[pid=10][tid=10][id=1][SYS_WRITE][0m
ts[32m[     7.662][0m [34mINFO  [0m: [39m[0m[39m[pid=11][tid=11][id=1][SYS_WRITE][0m
[32m[     7.663][0m [34mINFO  [0m: [39m[0m[39m[pid=10][tid=10][id=1][SYS_WRITE][0m
[32m[     7.664][0m [34mINFO  [0m: [39m[0m[39m[pid=11][tid=11][id=7][SYS_POLL][0m
[32m[     7.665][0m [34mINFO  [0m: [39m[0m[39m[pid=10][tid=10][id=7][SYS_POLL][0m
[32m[     7.666][0m [34mINFO  [0m: [39m[0m[39m[pid=11][tid=11][id=0][SYS_READ][0m
[32m[     7.667][0m [34mINFO  [0m: [39m[0m[39m[pid=10][tid=10][id=0][SYS_READ][0m
[32m[     7.668][0m [34mINFO  [0m: [39m[0m[39m[pid=10][tid=10][id=1][SYS_WRITE][0m
)[32m[     7.669][0m [34mINFO  [0m: [39m[0m[39m[pid=11][tid=11][id=1][SYS_WRITE][0m
[32m[     7.670][0m [34mINFO  [0m: [39m[0m[39m[pid=11][tid=11][id=7][SYS_POLL][0m
[32m[     7.671][0m [34mINFO  [0m: [39m[0m[39m[pid=10][tid=10][id=1][SYS_WRITE][0m
[32m[     7.672][0m [34mINFO  [0m: [39m[0m[39m[pid=10][tid=10][id=7][SYS_POLL][0m
[32m[     7.673][0m [34mINFO  [0m: [39m[0m[39m[pid=11][tid=11][id=0][SYS_READ][0m
[32m[     7.674][0m [34mINFO  [0m: [39m[0m[39m[pid=10][tid=10][id=0][SYS_READ][0m
[32m[     7.675][0m [34mINFO  [0m: [39m[0m[39m[pid=11][tid=11][id=1][SYS_WRITE][0m
[32m[     7.676][0m [34mINFO  [0m: [39m[0m[39m[pid=10][tid=10][id=1][SYS_WRITE][0m
"[32m[     7.677][0m [34mINFO  [0m: [39m[0m[39m[pid=11][tid=11][id=7][SYS_POLL][0m
[32m[     7.678][0m [34mINFO  [0m: [39m[0m[39m[pid=11][tid=11][id=0][SYS_READ][0m
[32m[     7.679][0m [34mINFO  [0m: [39m[0m[39m[pid=10][tid=10][id=1][SYS_WRITE][0m
[32m[     7.680][0m [34mINFO  [0m: [39m[0m[39m[pid=11][tid=11][id=1][SYS_WRITE][0m
[32m[     7.681][0m [34mINFO  [0m: [39m[0m[39m[pid=10][tid=10][id=7][SYS_POLL][0m
[32m[     7.682][0m [34mINFO  [0m: [39m[0m[39m[pid=11][tid=11][id=7][SYS_POLL][0m
[32m[     7.683][0m [34mINFO  [0m: [39m[0m[39m[pid=10][tid=10][id=0][SYS_READ][0m
[32m[     7.684][0m [34mINFO  [0m: [39m[0m[39m[pid=11][tid=11][id=0][SYS_READ][0m
[32m[     7.685][0m [34mINFO  [0m: [39m[0m[39m[pid=10][tid=10][id=1][SYS_WRITE][0m
 =[32m[     7.686][0m [34mINFO  [0m: [39m[0m[39m[pid=10][tid=10][id=1][SYS_WRITE][0m
[32m[     7.687][0m [34mINFO  [0m: [39m[0m[39m[pid=11][tid=11][id=1][SYS_WRITE][0m
[32m[     7.688][0m [34mINFO  [0m: [39m[0m[39m[pid=10][tid=10][id=7][SYS_POLL][0m
[32m[     7.689][0m [34mINFO  [0m: [39m[0m[39m[pid=11][tid=11][id=7][SYS_POLL][0m
[32m[     7.690][0m [34mINFO  [0m: [39m[0m[39m[pid=11][tid=11][id=0][SYS_READ][0m
[32m[     7.691][0m [34mINFO  [0m: [39m[0m[39m[pid=10][tid=10][id=0][SYS_READ][0m
[32m[     7.692][0m [34mINFO  [0m: [39m[0m[39m[pid=10][tid=10][id=1][SYS_WRITE][0m
 [32m[     7.693][0m [34mINFO  [0m: [39m[0m[39m[pid=11][tid=11][id=1][SYS_WRITE][0m
[32m[     7.694][0m [34mINFO  [0m: [39m[0m[39m[pid=10][tid=10][id=1][SYS_WRITE][0m
[32m[     7.695][0m [34mINFO  [0m: [39m[0m[39m[pid=10][tid=10][id=7][SYS_POLL][0m
[32m[     7.696][0m [34mINFO  [0m: [39m[0m[39m[pid=11][tid=11][id=7][SYS_POLL][0m
[32m[     7.697][0m [34mINFO  [0m: [39m[0m[39m[pid=10][tid=10][id=0][SYS_READ][0m
[32m[     7.698][0m [34mINFO  [0m: [39m[0m[39m[pid=11][tid=11][id=0][SYS_READ][0m
[32m[     7.699][0m [34mINFO  [0m: [39m[0m[39m[pid=10][tid=10][id=1][SYS_WRITE][0m
0
[32m[     7.700][0m [34mINFO  [0m: [39m[0m[39m[pid=11][tid=11][id=1][SYS_WRITE][0m
[32m[     7.701][0m [34mINFO  [0m: [39m[0m[39m[pid=10][tid=10][id=1][SYS_WRITE][0m
[32m[     7.702][0m [34mINFO  [0m: [39m[0m[39m[pid=11][tid=11][id=7][SYS_POLL][0m
[32m[     7.703][0m [34mINFO  [0m: [39m[0m[39m[pid=11][tid=11][id=0][SYS_READ][0m
[32m[     7.704][0m [34mINFO  [0m: [39m[0m[39m[pid=10][tid=10][id=7][SYS_POLL][0m
[32m[     7.705][0m [34mINFO  [0m: [39m[0m[39m[pid=11][tid=11][id=1][SYS_WRITE][0m
[32m[     7.706][0m [34mINFO  [0m: [39m[0m[39m[pid=10][tid=10][id=0][SYS_READ][0m
[32m[     7.707][0m [34mINFO  [0m: [39m[0m[39m[pid=11][tid=11][id=7][SYS_POLL][0m
[32m[     7.708][0m [34mINFO  [0m: [39m[0m[39m[pid=10][tid=10][id=1][SYS_WRITE][0m
5'[32m[     7.709][0m [34mINFO  [0m: [39m[0m[39m[pid=10][tid=10][id=1][SYS_WRITE][0m
[32m[     7.710][0m [34mINFO  [0m: [39m[0m[39m[pid=11][tid=11][id=0][SYS_READ][0m
[32m[     7.711][0m [34mINFO  [0m: [39m[0m[39m[pid=10][tid=10][id=7][SYS_POLL][0m
[32m[     7.712][0m [34mINFO  [0m: [39m[0m[39m[pid=11][tid=11][id=1][SYS_WRITE][0m
[32m[     7.713][0m [34mINFO  [0m: [39m[0m[39m[pid=11][tid=11][id=7][SYS_POLL][0m
[32m[     7.714][0m [34mINFO  [0m: [39m[0m[39m[pid=10][tid=10][id=0][SYS_READ][0m
[32m[     7.715][0m [34mINFO  [0m: [39m[0m[39m[pid=11][tid=11][id=0][SYS_READ][0m
[32m[     7.716][0m [34mINFO  [0m: [39m[0m[39m[pid=10][tid=10][id=1][SYS_WRITE][0m
;[32m[     7.717][0m [34mINFO  [0m: [39m[0m[39m[pid=11][tid=11][id=1][SYS_WRITE][0m
[32m[     7.718][0m [34mINFO  [0m: [39m[0m[39m[pid=10][tid=10][id=1][SYS_WRITE][0m
[32m[     7.719][0m [34mINFO  [0m: [39m[0m[39m[pid=11][tid=11][id=7][SYS_POLL][0m
[32m[     7.720][0m [34mINFO  [0m: [39m[0m[39m[pid=10][tid=10][id=7][SYS_POLL][0m
[32m[     7.721][0m [34mINFO  [0m: [39m[0m[39m[pid=11][tid=11][id=0][SYS_READ][0m
[32m[     7.722][0m [34mINFO  [0m: [39m[0m[39m[pid=10][tid=10][id=0][SYS_READ][0m
[32m[     7.723][0m [34mINFO  [0m: [39m[0m[39m[pid=11][tid=11][id=1][SYS_WRITE][0m
[32m[     7.724][0m [34mINFO  [0m: [39m[0m[39m[pid=10][tid=10][id=1][SYS_WRITE][0m
 [32m[     7.725][0m [34mINFO  [0m: [39m[0m[39m[pid=11][tid=11][id=7][SYS_POLL][0m
[32m[     7.726][0m [34mINFO  [0m: [39m[0m[39m[pid=10][tid=10][id=1][SYS_WRITE][0m
[32m[     7.727][0m [34mINFO  [0m: [39m[0m[39m[pid=11][tid=11][id=0][SYS_READ][0m
[32m[     7.728][0m [34mINFO  [0m: [39m[0m[39m[pid=10][tid=10][id=7][SYS_POLL][0m
[32m[     7.729][0m [34mINFO  [0m: [39m[0m[39m[pid=11][tid=11][id=1][SYS_WRITE][0m
[32m[     7.730][0m [34mINFO  [0m: [39m[0m[39m[pid=10][tid=10][id=0][SYS_READ][0m
[32m[     7.731][0m [34mINFO  [0m: [39m[0m[39m[pid=11][tid=11][id=7][SYS_POLL][0m
[32m[     7.732][0m [34mINFO  [0m: [39m[0m[39m[pid=10][tid=10][id=1][SYS_WRITE][0m
__[32m[     7.733][0m [34mINFO  [0m: [39m[0m[39m[pid=11][tid=11][id=0][SYS_READ][0m
[32m[     7.734][0m [34mINFO  [0m: [39m[0m[39m[pid=10][tid=10][id=1][SYS_WRITE][0m
[32m[     7.735][0m [34mINFO  [0m: [39m[0m[39m[pid=11][tid=11][id=1][SYS_WRITE][0m
[32m[     7.736][0m [34mINFO  [0m: [39m[0m[39m[pid=10][tid=10][id=7][SYS_POLL][0m
[32m[     7.737][0m [34mINFO  [0m: [39m[0m[39m[pid=10][tid=10][id=0][SYS_READ][0m
[32m[     7.738][0m [34mINFO  [0m: [39m[0m[39m[pid=11][tid=11][id=7][SYS_POLL][0m
[32m[     7.739][0m [34mINFO  [0m: [39m[0m[39m[pid=11][tid=11][id=0][SYS_READ][0m
[32m[     7.740][0m [34mINFO  [0m: [39m[0m[39m[pid=10][tid=10][id=1][SYS_WRITE][0m
d[32m[     7.741][0m [34mINFO  [0m: [39m[0m[39m[pid=11][tid=11][id=1][SYS_WRITE][0m
[32m[     7.742][0m [34mINFO  [0m: [39m[0m[39m[pid=10][tid=10][id=1][SYS_WRITE][0m
[32m[     7.743][0m [34mINFO  [0m: [39m[0m[39m[pid=11][tid=11][id=7][SYS_POLL][0m
[32m[     7.744][0m [34mINFO  [0m: [39m[0m[39m[pid=10][tid=10][id=7][SYS_POLL][0m
[32m[     7.745][0m [34mINFO  [0m: [39m[0m[39m[pid=10][tid=10][id=0][SYS_READ][0m
[32m[     7.746][0m [34mINFO  [0m: [39m[0m[39m[pid=11][tid=11][id=0][SYS_READ][0m
[32m[     7.747][0m [34mINFO  [0m: [39m[0m[39m[pid=10][tid=10][id=1][SYS_WRITE][0m
p[32m[     7.748][0m [34mINFO  [0m: [39m[0m[39m[pid=11][tid=11][id=1][SYS_WRITE][0m
[32m[     7.749][0m [34mINFO  [0m: [39m[0m[39m[pid=10][tid=10][id=1][SYS_WRITE][0m
[32m[     7.750][0m [34mINFO  [0m: [39m[0m[39m[pid=11][tid=11][id=7][SYS_POLL][0m
[32m[     7.751][0m [34mINFO  [0m: [39m[0m[39m[pid=10][tid=10][id=7][SYS_POLL][0m
[32m[     7.752][0m [34mINFO  [0m: [39m[0m[39m[pid=11][tid=11][id=0][SYS_READ][0m
[32m[     7.753][0m [34mINFO  [0m: [39m[0m[39m[pid=10][tid=10][id=0][SYS_READ][0m
[32m[     7.754][0m [34mINFO  [0m: [39m[0m[39m[pid=11][tid=11][id=1][SYS_WRITE][0m
[32m[     7.755][0m [34mINFO  [0m: [39m[0m[39m[pid=10][tid=10][id=1][SYS_WRITE][0m
f[32m[     7.756][0m [34mINFO  [0m: [39m[0m[39m[pid=11][tid=11][id=7][SYS_POLL][0m
[32m[     7.757][0m [34mINFO  [0m: [39m[0m[39m[pid=10][tid=10][id=1][SYS_WRITE][0m
[32m[     7.758][0m [34mINFO  [0m: [39m[0m[39m[pid=11][tid=11][id=0][SYS_READ][0m
[32m[     7.759][0m [34mINFO  [0m: [39m[0m[39m[pid=10][tid=10][id=7][SYS_POLL][0m
[32m[     7.760][0m [34mINFO  [0m: [39m[0m[39m[pid=11][tid=11][id=1][SYS_WRITE][0m
[32m[     7.761][0m [34mINFO  [0m: [39m[0m[39m[pid=10][tid=10][id=0][SYS_READ][0m
[32m[     7.762][0m [34mINFO  [0m: [39m[0m[39m[pid=11][tid=11][id=7][SYS_POLL][0m
[32m[     7.763][0m [34mINFO  [0m: [39m[0m[39m[pid=10][tid=10][id=1][SYS_WRITE][0m
_e[32m[     7.764][0m [34mINFO  [0m: [39m[0m[39m[pid=11][tid=11][id=0][SYS_READ][0m
[32m[     7.765][0m [34mINFO  [0m: [39m[0m[39m[pid=11][tid=11][id=1][SYS_WRITE][0m
[32m[     7.766][0m [34mINFO  [0m: [39m[0m[39m[pid=10][tid=10][id=1][SYS_WRITE][0m
[32m[     7.767][0m [34mINFO  [0m: [39m[0m[39m[pid=11][tid=11][id=7][SYS_POLL][0m
[32m[     7.768][0m [34mINFO  [0m: [39m[0m[39m[pid=10][tid=10][id=7][SYS_POLL][0m
[32m[     7.769][0m [34mINFO  [0m: [39m[0m[39m[pid=11][tid=11][id=0][SYS_READ][0m
[32m[     7.770][0m [34mINFO  [0m: [39m[0m[39m[pid=10][tid=10][id=0][SYS_READ][0m
[32m[     7.771][0m [34mINFO  [0m: [39m[0m[39m[pid=10][tid=10][id=1][SYS_WRITE][0m
x[32m[     7.772][0m [34mINFO  [0m: [39m[0m[39m[pid=11][tid=11][id=1][SYS_WRITE][0m
[32m[     7.773][0m [34mINFO  [0m: [39m[0m[39m[pid=10][tid=10][id=1][SYS_WRITE][0m
[32m[     7.774][0m [34mINFO  [0m: [39m[0m[39m[pid=11][tid=11][id=7][SYS_POLL][0m
[32m[     7.775][0m [34mINFO  [0m: [39m[0m[39m[pid=11][tid=11][id=0][SYS_READ][0m
[32m[     7.776][0m [34mINFO  [0m: [39m[0m[39m[pid=10][tid=10][id=7][SYS_POLL][0m
[32m[     7.777][0m [34mINFO  [0m: [39m[0m[39m[pid=10][tid=10][id=0][SYS_READ][0m
[32m[     7.778][0m [34mINFO  [0m: [39m[0m[39m[pid=11][tid=11][id=1][SYS_WRITE][0m
[32m[     7.779][0m [34mINFO  [0m: [39m[0m[39m[pid=10][tid=10][id=1][SYS_WRITE][0m
i[32m[     7.780][0m [34mINFO  [0m: [39m[0m[39m[pid=11][tid=11][id=7][SYS_POLL][0m
[32m[     7.781][0m [34mINFO  [0m: [39m[0m[39m[pid=10][tid=10][id=1][SYS_WRITE][0m
[32m[     7.782][0m [34mINFO  [0m: [39m[0m[39m[pid=11][tid=11][id=0][SYS_READ][0m
[32m[     7.783][0m [34mINFO  [0m: [39m[0m[39m[pid=10][tid=10][id=7][SYS_POLL][0m
[32m[     7.784][0m [34mINFO  [0m: [39m[0m[39m[pid=11][tid=11][id=1][SYS_WRITE][0m
[32m[     7.785][0m [34mINFO  [0m: [39m[0m[39m[pid=10][tid=10][id=0][SYS_READ][0m
[32m[     7.786][0m [34mINFO  [0m: [39m[0m[39m[pid=11][tid=11][id=7][SYS_POLL][0m
[32m[     7.787][0m [34mINFO  [0m: [39m[0m[39m[pid=10][tid=10][id=1][SYS_WRITE][0m
t=[32m[     7.788][0m [34mINFO  [0m: [39m[0m[39m[pid=11][tid=11][id=0][SYS_READ][0m
[32m[     7.789][0m [34mINFO  [0m: [39m[0m[39m[pid=10][tid=10][id=1][SYS_WRITE][0m
[32m[     7.790][0m [34mINFO  [0m: [39m[0m[39m[pid=11][tid=11][id=1][SYS_WRITE][0m
[32m[     7.791][0m [34mINFO  [0m: [39m[0m[39m[pid=10][tid=10][id=7][SYS_POLL][0m
[32m[     7.792][0m [34mINFO  [0m: [39m[0m[39m[pid=11][tid=11][id=7][SYS_POLL][0m
[32m[     7.793][0m [34mINFO  [0m: [39m[0m[39m[pid=10][tid=10][id=0][SYS_READ][0m
[32m[     7.794][0m [34mINFO  [0m: [39m[0m[39m[pid=11][tid=11][id=0][SYS_READ][0m
[32m[     7.795][0m [34mINFO  [0m: [39m[0m[39m[pid=10][tid=10][id=1][SYS_WRITE][0m
$[32m[     7.796][0m [34mINFO  [0m: [39m[0m[39m[pid=11][tid=11][id=1][SYS_WRITE][0m
[32m[     7.797][0m [34mINFO  [0m: [39m[0m[39m[pid=10][tid=10][id=1][SYS_WRITE][0m
[32m[     7.798][0m [34mINFO  [0m: [39m[0m[39m[pid=10][tid=10][id=7][SYS_POLL][0m
[32m[     7.799][0m [34mINFO  [0m: [39m[0m[39m[pid=11][tid=11][id=7][SYS_POLL][0m
[32m[     7.800][0m [34mINFO  [0m: [39m[0m[39m[pid=11][tid=11][id=0][SYS_READ][0m
[32m[     7.801][0m [34mINFO  [0m: [39m[0m[39m[pid=10][tid=10][id=0][SYS_READ][0m
[32m[     7.802][0m [34mINFO  [0m: [39m[0m[39m[pid=11][tid=11][id=1][SYS_WRITE][0m
[32m[     7.803][0m [34mINFO  [0m: [39m[0m[39m[pid=10][tid=10][id=1][SYS_WRITE][0m
?[32m[     7.804][0m [34mINFO  [0m: [39m[0m[39m[pid=11][tid=11][id=7][SYS_POLL][0m
[32m[     7.805][0m [34mINFO  [0m: [39m[0m[39m[pid=10][tid=10][id=1][SYS_WRITE][0m
[32m[     7.806][0m [34mINFO  [0m: [39m[0m[39m[pid=11][tid=11][id=0][SYS_READ][0m
[32m[     7.807][0m [34mINFO  [0m: [39m[0m[39m[pid=10][tid=10][id=7][SYS_POLL][0m
[32m[     7.808][0m [34mINFO  [0m: [39m[0m[39m[pid=11][tid=11][id=1][SYS_WRITE][0m
[32m[     7.809][0m [34mINFO  [0m: [39m[0m[39m[pid=10][tid=10][id=0][SYS_READ][0m
[32m[     7.810][0m [34mINFO  [0m: [39m[0m[39m[pid=11][tid=11][id=7][SYS_POLL][0m
[32m[     7.811][0m [34mINFO  [0m: [39m[0m[39m[pid=10][tid=10][id=1][SYS_WRITE][0m
; [32m[     7.812][0m [34mINFO  [0m: [39m[0m[39m[pid=11][tid=11][id=0][SYS_READ][0m
[32m[     7.813][0m [34mINFO  [0m: [39m[0m[39m[pid=10][tid=10][id=1][SYS_WRITE][0m
[32m[     7.814][0m [34mINFO  [0m: [39m[0m[39m[pid=11][tid=11][id=1][SYS_WRITE][0m
[32m[     7.815][0m [34mINFO  [0m: [39m[0m[39m[pid=10][tid=10][id=7][SYS_POLL][0m
[32m[     7.816][0m [34mINFO  [0m: [39m[0m[39m[pid=10][tid=10][id=0][SYS_READ][0m
[32m[     7.817][0m [34mINFO  [0m: [39m[0m[39m[pid=10][tid=10][id=1][SYS_WRITE][0m
p[32m[     7.818][0m [34mINFO  [0m: [39m[0m[39m[pid=11][tid=11][id=7][SYS_POLL][0m
[32m[     7.819][0m [34mINFO  [0m: [39m[0m[39m[pid=10][tid=10][id=1][SYS_WRITE][0m
[32m[     7.820][0m [34mINFO  [0m: [39m[0m[39m[pid=11][tid=11][id=0][SYS_READ][0m
[32m[     7.821][0m [34mINFO  [0m: [39m[0m[39m[pid=10][tid=10][id=7][SYS_POLL][0m
[32m[     7.822][0m [34mINFO  [0m: [39m[0m[39m[pid=11][tid=11][id=1][SYS_WRITE][0m
[32m[     7.823][0m [34mINFO  [0m: [39m[0m[39m[pid=11][tid=11][id=7][SYS_POLL][0m
[32m[     7.824][0m [34mINFO  [0m: [39m[0m[39m[pid=10][tid=10][id=0][SYS_READ][0m
[32m[     7.825][0m [34mINFO  [0m: [39m[0m[39m[pid=11][tid=11][id=0][SYS_READ][0m
[32m[     7.826][0m [34mINFO  [0m: [39m[0m[39m[pid=10][tid=10][id=1][SYS_WRITE][0m
r[32m[     7.827][0m [34mINFO  [0m: [39m[0m[39m[pid=11][tid=11][id=1][SYS_WRITE][0m
[32m[     7.828][0m [34mINFO  [0m: [39m[0m[39m[pid=10][tid=10][id=1][SYS_WRITE][0m
[32m[     7.829][0m [34mINFO  [0m: [39m[0m[39m[pid=11][tid=11][id=7][SYS_POLL][0m
[32m[     7.830][0m [34mINFO  [0m: [39m[0m[39m[pid=10][tid=10][id=7][SYS_POLL][0m
[32m[     7.831][0m [34mINFO  [0m: [39m[0m[39m[pid=11][tid=11][id=0][SYS_READ][0m
[32m[     7.832][0m [34mINFO  [0m: [39m[0m[39m[pid=10][tid=10][id=0][SYS_READ][0m
[32m[     7.833][0m [34mINFO  [0m: [39m[0m[39m[pid=11][tid=11][id=1][SYS_WRITE][0m
[32m[     7.834][0m [34mINFO  [0m: [39m[0m[39m[pid=10][tid=10][id=1][SYS_WRITE][0m
i[32m[     7.835][0m [34mINFO  [0m: [39m[0m[39m[pid=11][tid=11][id=7][SYS_POLL][0m
[32m[     7.836][0m [34mINFO  [0m: [39m[0m[39m[pid=10][tid=10][id=1][SYS_WRITE][0m
[32m[     7.837][0m [34mINFO  [0m: [39m[0m[39m[pid=11][tid=11][id=0][SYS_READ][0m
[32m[     7.838][0m [34mINFO  [0m: [39m[0m[39m[pid=10][tid=10][id=7][SYS_POLL][0m
[32m[     7.839][0m [34mINFO  [0m: [39m[0m[39m[pid=11][tid=11][id=1][SYS_WRITE][0m
[32m[     7.840][0m [34mINFO  [0m: [39m[0m[39m[pid=10][tid=10][id=0][SYS_READ][0m
[32m[     7.841][0m [34mINFO  [0m: [39m[0m[39m[pid=11][tid=11][id=7][SYS_POLL][0m
[32m[     7.842][0m [34mINFO  [0m: [39m[0m[39m[pid=11][tid=11][id=0][SYS_READ][0m
[32m[     7.843][0m [34mINFO  [0m: [39m[0m[39m[pid=10][tid=10][id=1][SYS_WRITE][0m
nt[32m[     7.844][0m [34mINFO  [0m: [39m[0m[39m[pid=11][tid=11][id=1][SYS_WRITE][0m
[32m[     7.845][0m [34mINFO  [0m: [39m[0m[39m[pid=10][tid=10][id=1][SYS_WRITE][0m
[32m[     7.846][0m [34mINFO  [0m: [39m[0m[39m[pid=10][tid=10][id=7][SYS_POLL][0m
[32m[     7.847][0m [34mINFO  [0m: [39m[0m[39m[pid=11][tid=11][id=7][SYS_POLL][0m
[32m[     7.848][0m [34mINFO  [0m: [39m[0m[39m[pid=10][tid=10][id=0][SYS_READ][0m
[32m[     7.849][0m [34mINFO  [0m: [39m[0m[39m[pid=11][tid=11][id=0][SYS_READ][0m
[32m[     7.850][0m [34mINFO  [0m: [39m[0m[39m[pid=10][tid=10][id=1][SYS_WRITE][0m
f[32m[     7.851][0m [34mINFO  [0m: [39m[0m[39m[pid=10][tid=10][id=1][SYS_WRITE][0m
[32m[     7.852][0m [34mINFO  [0m: [39m[0m[39m[pid=11][tid=11][id=1][SYS_WRITE][0m
[32m[     7.853][0m [34mINFO  [0m: [39m[0m[39m[pid=11][tid=11][id=7][SYS_POLL][0m
[32m[     7.854][0m [34mINFO  [0m: [39m[0m[39m[pid=10][tid=10][id=7][SYS_POLL][0m
[32m[     7.855][0m [34mINFO  [0m: [39m[0m[39m[pid=11][tid=11][id=0][SYS_READ][0m
[32m[     7.856][0m [34mINFO  [0m: [39m[0m[39m[pid=10][tid=10][id=0][SYS_READ][0m
[32m[     7.857][0m [34mINFO  [0m: [39m[0m[39m[pid=11][tid=11][id=1][SYS_WRITE][0m
[32m[     7.858][0m [34mINFO  [0m: [39m[0m[39m[pid=10][tid=10][id=1][SYS_WRITE][0m
 [32m[     7.859][0m [34mINFO  [0m: [39m[0m[39m[pid=11][tid=11][id=7][SYS_POLL][0m
[32m[     7.860][0m [34mINFO  [0m: [39m[0m[39m[pid=10][tid=10][id=1][SYS_WRITE][0m
[32m[     7.861][0m [34mINFO  [0m: [39m[0m[39m[pid=10][tid=10][id=7][SYS_POLL][0m
[32m[     7.862][0m [34mINFO  [0m: [39m[0m[39m[pid=11][tid=11][id=0][SYS_READ][0m
[32m[     7.863][0m [34mINFO  [0m: [39m[0m[39m[pid=10][tid=10][id=0][SYS_READ][0m
[32m[     7.864][0m [34mINFO  [0m: [39m[0m[39m[pid=11][tid=11][id=1][SYS_WRITE][0m
[32m[     7.865][0m [34mINFO  [0m: [39m[0m[39m[pid=11][tid=11][id=7][SYS_POLL][0m
[32m[     7.866][0m [34mINFO  [0m: [39m[0m[39m[pid=10][tid=10][id=1][SYS_WRITE][0m
'[32m[     7.867][0m [34mINFO  [0m: [39m[0m[39m[pid=10][tid=10][id=1][SYS_WRITE][0m
[32m[     7.868][0m [34mINFO  [0m: [39m[0m[39m[pid=11][tid=11][id=0][SYS_READ][0m
[32m[     7.869][0m [34mINFO  [0m: [39m[0m[39m[pid=10][tid=10][id=7][SYS_POLL][0m
[32m[     7.870][0m [34mINFO  [0m: [39m[0m[39m[pid=11][tid=11][id=1][SYS_WRITE][0m
[32m[     7.871][0m [34mINFO  [0m: [39m[0m[39m[pid=10][tid=10][id=0][SYS_READ][0m
[32m[     7.872][0m [34mINFO  [0m: [39m[0m[39m[pid=11][tid=11][id=7][SYS_POLL][0m
[32m[     7.873][0m [34mINFO  [0m: [39m[0m[39m[pid=10][tid=10][id=1][SYS_WRITE][0m
\n[32m[     7.874][0m [34mINFO  [0m: [39m[0m[39m[pid=11][tid=11][id=0][SYS_READ][0m
[32m[     7.875][0m [34mINFO  [0m: [39m[0m[39m[pid=10][tid=10][id=1][SYS_WRITE][0m
[32m[     7.876][0m [34mINFO  [0m: [39m[0m[39m[pid=11][tid=11][id=1][SYS_WRITE][0m
[32m[     7.877][0m [34mINFO  [0m: [39m[0m[39m[pid=10][tid=10][id=7][SYS_POLL][0m
[32m[     7.878][0m [34mINFO  [0m: [39m[0m[39m[pid=11][tid=11][id=7][SYS_POLL][0m
[32m[     7.879][0m [34mINFO  [0m: [39m[0m[39m[pid=10][tid=10][id=0][SYS_READ][0m
[32m[     7.880][0m [34mINFO  [0m: [39m[0m[39m[pid=11][tid=11][id=0][SYS_READ][0m
[32m[     7.881][0m [34mINFO  [0m: [39m[0m[39m[pid=10][tid=10][id=1][SYS_WRITE][0m
D[32m[     7.882][0m [34mINFO  [0m: [39m[0m[39m[pid=11][tid=11][id=1][SYS_WRITE][0m
[32m[     7.883][0m [34mINFO  [0m: [39m[0m[39m[pid=10][tid=10][id=1][SYS_WRITE][0m
[32m[     7.884][0m [34mINFO  [0m: [39m[0m[39m[pid=11][tid=11][id=7][SYS_POLL][0m
[32m[     7.885][0m [34mINFO  [0m: [39m[0m[39m[pid=10][tid=10][id=7][SYS_POLL][0m
[32m[     7.886][0m [34mINFO  [0m: [39m[0m[39m[pid=11][tid=11][id=0][SYS_READ][0m
[32m[     7.887][0m [34mINFO  [0m: [39m[0m[39m[pid=10][tid=10][id=0][SYS_READ][0m
[32m[     7.888][0m [34mINFO  [0m: [39m[0m[39m[pid=11][tid=11][id=1][SYS_WRITE][0m
[32m[     7.889][0m [34mINFO  [0m: [39m[0m[39m[pid=10][tid=10][id=1][SYS_WRITE][0m
P[32m[     7.890][0m [34mINFO  [0m: [39m[0m[39m[pid=11][tid=11][id=7][SYS_POLL][0m
[32m[     7.891][0m [34mINFO  [0m: [39m[0m[39m[pid=10][tid=10][id=1][SYS_WRITE][0m
[32m[     7.892][0m [34mINFO  [0m: [39m[0m[39m[pid=11][tid=11][id=0][SYS_READ][0m
[32m[     7.893][0m [34mINFO  [0m: [39m[0m[39m[pid=10][tid=10][id=7][SYS_POLL][0m
[32m[     7.894][0m [34mINFO  [0m: [39m[0m[39m[pid=11][tid=11][id=1][SYS_WRITE][0m
[32m[     7.895][0m [34mINFO  [0m: [39m[0m[39m[pid=10][tid=10][id=0][SYS_READ][0m
[32m[     7.896][0m [34mINFO  [0m: [39m[0m[39m[pid=11][tid=11][id=7][SYS_POLL][0m
[32m[     7.897][0m [34mINFO  [0m: [39m[0m[39m[pid=10][tid=10][id=1][SYS_WRITE][0m
F_[32m[     7.898][0m [34mINFO  [0m: [39m[0m[39m[pid=11][tid=11][id=0][SYS_READ][0m
[32m[     7.899][0m [34mINFO  [0m: [39m[0m[39m[pid=10][tid=10][id=1][SYS_WRITE][0m
[32m[     7.900][0m [34mINFO  [0m: [39m[0m[39m[pid=11][tid=11][id=1][SYS_WRITE][0m
[32m[     7.901][0m [34mINFO  [0m: [39m[0m[39m[pid=10][tid=10][id=7][SYS_POLL][0m
[32m[     7.902][0m [34mINFO  [0m: [39m[0m[39m[pid=11][tid=11][id=7][SYS_POLL][0m
[32m[     7.903][0m [34mINFO  [0m: [39m[0m[39m[pid=11][tid=11][id=0][SYS_READ][0m
[32m[     7.904][0m [34mINFO  [0m: [39m[0m[39m[pid=10][tid=10][id=0][SYS_READ][0m
[32m[     7.905][0m [34mINFO  [0m: [39m[0m[39m[pid=10][tid=10][id=1][SYS_WRITE][0m
C[32m[     7.906][0m [34mINFO  [0m: [39m[0m[39m[pid=11][tid=11][id=1][SYS_WRITE][0m
[32m[     7.907][0m [34mINFO  [0m: [39m[0m[39m[pid=10][tid=10][id=1][SYS_WRITE][0m
[32m[     7.908][0m [34mINFO  [0m: [39m[0m[39m[pid=11][tid=11][id=7][SYS_POLL][0m
[32m[     7.909][0m [34mINFO  [0m: [39m[0m[39m[pid=10][tid=10][id=7][SYS_POLL][0m
[32m[     7.910][0m [34mINFO  [0m: [39m[0m[39m[pid=11][tid=11][id=0][SYS_READ][0m
[32m[     7.911][0m [34mINFO  [0m: [39m[0m[39m[pid=10][tid=10][id=0][SYS_READ][0m
[32m[     7.912][0m [34mINFO  [0m: [39m[0m[39m[pid=11][tid=11][id=1][SYS_WRITE][0m
[32m[     7.913][0m [34mINFO  [0m: [39m[0m[39m[pid=10][tid=10][id=1][SYS_WRITE][0m
H[32m[     7.914][0m [34mINFO  [0m: [39m[0m[39m[pid=11][tid=11][id=7][SYS_POLL][0m
[32m[     7.915][0m [34mINFO  [0m: [39m[0m[39m[pid=10][tid=10][id=1][SYS_WRITE][0m
[32m[     7.916][0m [34mINFO  [0m: [39m[0m[39m[pid=11][tid=11][id=0][SYS_READ][0m
[32m[     7.917][0m [34mINFO  [0m: [39m[0m[39m[pid=11][tid=11][id=1][SYS_WRITE][0m
[32m[     7.918][0m [34mINFO  [0m: [39m[0m[39m[pid=10][tid=10][id=7][SYS_POLL][0m
[32m[     7.919][0m [34mINFO  [0m: [39m[0m[39m[pid=11][tid=11][id=7][SYS_POLL][0m
[32m[     7.920][0m [34mINFO  [0m: [39m[0m[39m[pid=10][tid=10][id=0][SYS_READ][0m
[32m[     7.921][0m [34mINFO  [0m: [39m[0m[39m[pid=11][tid=11][id=0][SYS_READ][0m
[32m[     7.922][0m [34mINFO  [0m: [39m[0m[39m[pid=10][tid=10][id=1][SYS_WRITE][0m
EC[32m[     7.923][0m [34mINFO  [0m: [39m[0m[39m[pid=10][tid=10][id=1][SYS_WRITE][0m
[32m[     7.924][0m [34mINFO  [0m: [39m[0m[39m[pid=11][tid=11][id=1][SYS_WRITE][0m
[32m[     7.925][0m [34mINFO  [0m: [39m[0m[39m[pid=10][tid=10][id=7][SYS_POLL][0m
[32m[     7.926][0m [34mINFO  [0m: [39m[0m[39m[pid=11][tid=11][id=7][SYS_POLL][0m
[32m[     7.927][0m [34mINFO  [0m: [39m[0m[39m[pid=10][tid=10][id=0][SYS_READ][0m
[32m[     7.928][0m [34mINFO  [0m: [39m[0m[39m[pid=11][tid=11][id=0][SYS_READ][0m
[32m[     7.929][0m [34mINFO  [0m: [39m[0m[39m[pid=10][tid=10][id=1][SYS_WRITE][0m
K[32m[     7.930][0m [34mINFO  [0m: [39m[0m[39m[pid=11][tid=11][id=1][SYS_WRITE][0m
[32m[     7.931][0m [34mINFO  [0m: [39m[0m[39m[pid=11][tid=11][id=7][SYS_POLL][0m
[32m[     7.932][0m [34mINFO  [0m: [39m[0m[39m[pid=10][tid=10][id=1][SYS_WRITE][0m
[32m[     7.933][0m [34mINFO  [0m: [39m[0m[39m[pid=11][tid=11][id=0][SYS_READ][0m
[32m[     7.934][0m [34mINFO  [0m: [39m[0m[39m[pid=10][tid=10][id=7][SYS_POLL][0m
[32m[     7.935][0m [34mINFO  [0m: [39m[0m[39m[pid=11][tid=11][id=1][SYS_WRITE][0m
[32m[     7.936][0m [34mINFO  [0m: [39m[0m[39m[pid=10][tid=10][id=0][SYS_READ][0m
[32m[     7.937][0m [34mINFO  [0m: [39m[0m[39m[pid=11][tid=11][id=7][SYS_POLL][0m
[32m[     7.938][0m [34mINFO  [0m: [39m[0m[39m[pid=10][tid=10][id=1][SYS_WRITE][0m
_%[32m[     7.939][0m [34mINFO  [0m: [39m[0m[39m[pid=11][tid=11][id=0][SYS_READ][0m
[32m[     7.940][0m [34mINFO  [0m: [39m[0m[39m[pid=10][tid=10][id=1][SYS_WRITE][0m
[32m[     7.941][0m [34mINFO  [0m: [39m[0m[39m[pid=11][tid=11][id=1][SYS_WRITE][0m
[32m[     7.942][0m [34mINFO  [0m: [39m[0m[39m[pid=10][tid=10][id=7][SYS_POLL][0m
[32m[     7.943][0m [34mINFO  [0m: [39m[0m[39m[pid=11][tid=11][id=7][SYS_POLL][0m
[32m[     7.944][0m [34mINFO  [0m: [39m[0m[39m[pid=10][tid=10][id=0][SYS_READ][0m
[32m[     7.945][0m [34mINFO  [0m: [39m[0m[39m[pid=11][tid=11][id=0][SYS_READ][0m
[32m[     7.946][0m [34mINFO  [0m: [39m[0m[39m[pid=11][tid=11][id=1][SYS_WRITE][0m
[32m[     7.947][0m [34mINFO  [0m: [39m[0m[39m[pid=10][tid=10][id=1][SYS_WRITE][0m
s[32m[     7.948][0m [34mINFO  [0m: [39m[0m[39m[pid=11][tid=11][id=7][SYS_POLL][0m
[32m[     7.949][0m [34mINFO  [0m: [39m[0m[39m[pid=10][tid=10][id=1][SYS_WRITE][0m
[32m[     7.950][0m [34mINFO  [0m: [39m[0m[39m[pid=11][tid=11][id=0][SYS_READ][0m
[32m[     7.951][0m [34mINFO  [0m: [39m[0m[39m[pid=10][tid=10][id=7][SYS_POLL][0m
[32m[     7.952][0m [34mINFO  [0m: [39m[0m[39m[pid=11][tid=11][id=1][SYS_WRITE][0m
[32m[     7.953][0m [34mINFO  [0m: [39m[0m[39m[pid=10][tid=10][id=0][SYS_READ][0m
[32m[     7.954][0m [34mINFO  [0m: [39m[0m[39m[pid=11][tid=11][id=7][SYS_POLL][0m
[32m[     7.955][0m [34mINFO  [0m: [39m[0m[39m[pid=10][tid=10][id=1][SYS_WRITE][0m
:%[32m[     7.956][0m [34mINFO  [0m: [39m[0m[39m[pid=10][tid=10][id=1][SYS_WRITE][0m
[32m[     7.957][0m [34mINFO  [0m: [39m[0m[39m[pid=11][tid=11][id=0][SYS_READ][0m
[32m[     7.958][0m [34mINFO  [0m: [39m[0m[39m[pid=10][tid=10][id=7][SYS_POLL][0m
[32m[     7.959][0m [34mINFO  [0m: [39m[0m[39m[pid=11][tid=11][id=1][SYS_WRITE][0m
[32m[     7.960][0m [34mINFO  [0m: [39m[0m[39m[pid=11][tid=11][id=7][SYS_POLL][0m
[32m[     7.961][0m [34mINFO  [0m: [39m[0m[39m[pid=10][tid=10][id=0][SYS_READ][0m
[32m[     7.962][0m [34mINFO  [0m: [39m[0m[39m[pid=11][tid=11][id=0][SYS_READ][0m
[32m[     7.963][0m [34mINFO  [0m: [39m[0m[39m[pid=10][tid=10][id=1][SYS_WRITE][0m
s[32m[     7.964][0m [34mINFO  [0m: [39m[0m[39m[pid=11][tid=11][id=1][SYS_WRITE][0m
[32m[     7.965][0m [34mINFO  [0m: [39m[0m[39m[pid=10][tid=10][id=1][SYS_WRITE][0m
[32m[     7.966][0m [34mINFO  [0m: [39m[0m[39m[pid=11][tid=11][id=7][SYS_POLL][0m
[32m[     7.967][0m [34mINFO  [0m: [39m[0m[39m[pid=10][tid=10][id=7][SYS_POLL][0m
[32m[     7.968][0m [34mINFO  [0m: [39m[0m[39m[pid=11][tid=11][id=0][SYS_READ][0m
[32m[     7.969][0m [34mINFO  [0m: [39m[0m[39m[pid=10][tid=10][id=0][SYS_READ][0m
[32m[     7.970][0m [34mINFO  [0m: [39m[0m[39m[pid=11][tid=11][id=1][SYS_WRITE][0m
[32m[     7.971][0m [34mINFO  [0m: [39m[0m[39m[pid=10][tid=10][id=1][SYS_WRITE][0m
\[32m[     7.972][0m [34mINFO  [0m: [39m[0m[39m[pid=11][tid=11][id=7][SYS_POLL][0m
[32m[     7.973][0m [34mINFO  [0m: [39m[0m[39m[pid=10][tid=10][id=1][SYS_WRITE][0m
[32m[     7.974][0m [34mINFO  [0m: [39m[0m[39m[pid=11][tid=11][id=0][SYS_READ][0m
[32m[     7.975][0m [34mINFO  [0m: [39m[0m[39m[pid=10][tid=10][id=7][SYS_POLL][0m
[32m[     7.976][0m [34mINFO  [0m: [39m[0m[39m[pid=11][tid=11][id=1][SYS_WRITE][0m
[32m[     7.977][0m [34mINFO  [0m: [39m[0m[39m[pid=10][tid=10][id=0][SYS_READ][0m
[32m[     7.978][0m [34mINFO  [0m: [39m[0m[39m[pid=11][tid=11][id=7][SYS_POLL][0m
[32m[     7.979][0m [34mINFO  [0m: [39m[0m[39m[pid=10][tid=10][id=1][SYS_WRITE][0m
n'[32m[     7.980][0m [34mINFO  [0m: [39m[0m[39m[pid=11][tid=11][id=0][SYS_READ][0m
[32m[     7.981][0m [34mINFO  [0m: [39m[0m[39m[pid=10][tid=10][id=1][SYS_WRITE][0m
[32m[     7.982][0m [34mINFO  [0m: [39m[0m[39m[pid=11][tid=11][id=1][SYS_WRITE][0m
[32m[     7.983][0m [34mINFO  [0m: [39m[0m[39m[pid=10][tid=10][id=7][SYS_POLL][0m
[32m[     7.984][0m [34mINFO  [0m: [39m[0m[39m[pid=10][tid=10][id=0][SYS_READ][0m
[32m[     7.985][0m [34mINFO  [0m: [39m[0m[39m[pid=11][tid=11][id=7][SYS_POLL][0m
[32m[     7.986][0m [34mINFO  [0m: [39m[0m[39m[pid=10][tid=10][id=1][SYS_WRITE][0m
 [32m[     7.987][0m [34mINFO  [0m: [39m[0m[39m[pid=11][tid=11][id=0][SYS_READ][0m
[32m[     7.988][0m [34mINFO  [0m: [39m[0m[39m[pid=10][tid=10][id=1][SYS_WRITE][0m
[32m[     7.989][0m [34mINFO  [0m: [39m[0m[39m[pid=11][tid=11][id=1][SYS_WRITE][0m
[32m[     7.990][0m [34mINFO  [0m: [39m[0m[39m[pid=10][tid=10][id=7][SYS_POLL][0m
[32m[     7.991][0m [34mINFO  [0m: [39m[0m[39m[pid=11][tid=11][id=7][SYS_POLL][0m
[32m[     7.992][0m [34mINFO  [0m: [39m[0m[39m[pid=10][tid=10][id=0][SYS_READ][0m
[32m[     7.993][0m [34mINFO  [0m: [39m[0m[39m[pid=11][tid=11][id=0][SYS_READ][0m
[32m[     7.994][0m [34mINFO  [0m: [39m[0m[39m[pid=10][tid=10][id=1][SYS_WRITE][0m
5[32m[     7.995][0m [34mINFO  [0m: [39m[0m[39m[pid=11][tid=11][id=1][SYS_WRITE][0m
[32m[     7.996][0m [34mINFO  [0m: [39m[0m[39m[pid=10][tid=10][id=1][SYS_WRITE][0m
[32m[     7.997][0m [34mINFO  [0m: [39m[0m[39m[pid=11][tid=11][id=7][SYS_POLL][0m
[32m[     7.998][0m [34mINFO  [0m: [39m[0m[39m[pid=10][tid=10][id=7][SYS_POLL][0m
[32m[     7.999][0m [34mINFO  [0m: [39m[0m[39m[pid=11][tid=11][id=0][SYS_READ][0m
[32m[     8.000][0m [34mINFO  [0m: [39m[0m[39m[pid=10][tid=10][id=0][SYS_READ][0m
[32m[     8.001][0m [34mINFO  [0m: [39m[0m[39m[pid=11][tid=11][id=1][SYS_WRITE][0m
[32m[     8.002][0m [34mINFO  [0m: [39m[0m[39m[pid=10][tid=10][id=1][SYS_WRITE][0m
1[32m[     8.003][0m [34mINFO  [0m: [39m[0m[39m[pid=11][tid=11][id=7][SYS_POLL][0m
[32m[     8.004][0m [34mINFO  [0m: [39m[0m[39m[pid=10][tid=10][id=1][SYS_WRITE][0m
[32m[     8.005][0m [34mINFO  [0m: [39m[0m[39m[pid=11][tid=11][id=0][SYS_READ][0m
[32m[     8.006][0m [34mINFO  [0m: [39m[0m[39m[pid=10][tid=10][id=7][SYS_POLL][0m
[32m[     8.007][0m [34mINFO  [0m: [39m[0m[39m[pid=11][tid=11][id=1][SYS_WRITE][0m
[32m[     8.008][0m [34mINFO  [0m: [39m[0m[39m[pid=10][tid=10][id=0][SYS_READ][0m
[32m[     8.009][0m [34mINFO  [0m: [39m[0m[39m[pid=11][tid=11][id=7][SYS_POLL][0m
[32m[     8.010][0m [34mINFO  [0m: [39m[0m[39m[pid=10][tid=10][id=1][SYS_WRITE][0m
bb[32m[     8.011][0m [34mINFO  [0m: [39m[0m[39m[pid=11][tid=11][id=0][SYS_READ][0m
[32m[     8.012][0m [34mINFO  [0m: [39m[0m[39m[pid=11][tid=11][id=1][SYS_WRITE][0m
[32m[     8.013][0m [34mINFO  [0m: [39m[0m[39m[pid=10][tid=10][id=1][SYS_WRITE][0m
[32m[     8.014][0m [34mINFO  [0m: [39m[0m[39m[pid=11][tid=11][id=7][SYS_POLL][0m
[32m[     8.015][0m [34mINFO  [0m: [39m[0m[39m[pid=10][tid=10][id=7][SYS_POLL][0m
[32m[     8.016][0m [34mINFO  [0m: [39m[0m[39m[pid=11][tid=11][id=0][SYS_READ][0m
[32m[     8.017][0m [34mINFO  [0m: [39m[0m[39m[pid=10][tid=10][id=0][SYS_READ][0m
[32m[     8.018][0m [34mINFO  [0m: [39m[0m[39m[pid=11][tid=11][id=1][SYS_WRITE][0m
[32m[     8.019][0m [34mINFO  [0m: [39m[0m[39m[pid=10][tid=10][id=1][SYS_WRITE][0m
c[32m[     8.020][0m [34mINFO  [0m: [39m[0m[39m[pid=11][tid=11][id=7][SYS_POLL][0m
[32m[     8.021][0m [34mINFO  [0m: [39m[0m[39m[pid=11][tid=11][id=0][SYS_READ][0m
[32m[     8.022][0m [34mINFO  [0m: [39m[0m[39m[pid=10][tid=10][id=1][SYS_WRITE][0m
[32m[     8.023][0m [34mINFO  [0m: [39m[0m[39m[pid=11][tid=11][id=1][SYS_WRITE][0m
[32m[     8.024][0m [34mINFO  [0m: [39m[0m[39m[pid=10][tid=10][id=7][SYS_POLL][0m
[32m[     8.025][0m [34mINFO  [0m: [39m[0m[39m[pid=11][tid=11][id=7][SYS_POLL][0m
[32m[     8.026][0m [34mINFO  [0m: [39m[0m[39m[pid=10][tid=10][id=0][SYS_READ][0m
[32m[     8.027][0m [34mINFO  [0m: [39m[0m[39m[pid=11][tid=11][id=0][SYS_READ][0m
[32m[     8.028][0m [34mINFO  [0m: [39m[0m[39m[pid=10][tid=10][id=1][SYS_WRITE][0m
9f[32m[     8.029][0m [34mINFO  [0m: [39m[0m[39m[pid=10][tid=10][id=1][SYS_WRITE][0m
[32m[     8.030][0m [34mINFO  [0m: [39m[0m[39m[pid=11][tid=11][id=1][SYS_WRITE][0m
[32m[     8.031][0m [34mINFO  [0m: [39m[0m[39m[pid=11][tid=11][id=7][SYS_POLL][0m
[32m[     8.032][0m [34mINFO  [0m: [39m[0m[39m[pid=10][tid=10][id=7][SYS_POLL][0m
[32m[     8.033][0m [34mINFO  [0m: [39m[0m[39m[pid=10][tid=10][id=0][SYS_READ][0m
[32m[     8.034][0m [34mINFO  [0m: [39m[0m[39m[pid=11][tid=11][id=0][SYS_READ][0m
[32m[     8.035][0m [34mINFO  [0m: [39m[0m[39m[pid=10][tid=10][id=1][SYS_WRITE][0m
f[32m[     8.036][0m [34mINFO  [0m: [39m[0m[39m[pid=11][tid=11][id=1][SYS_WRITE][0m
[32m[     8.037][0m [34mINFO  [0m: [39m[0m[39m[pid=10][tid=10][id=1][SYS_WRITE][0m
[32m[     8.038][0m [34mINFO  [0m: [39m[0m[39m[pid=11][tid=11][id=7][SYS_POLL][0m
[32m[     8.039][0m [34mINFO  [0m: [39m[0m[39m[pid=10][tid=10][id=7][SYS_POLL][0m
[32m[     8.040][0m [34mINFO  [0m: [39m[0m[39m[pid=11][tid=11][id=0][SYS_READ][0m
[32m[     8.041][0m [34mINFO  [0m: [39m[0m[39m[pid=10][tid=10][id=0][SYS_READ][0m
[32m[     8.042][0m [34mINFO  [0m: [39m[0m[39m[pid=10][tid=10][id=1][SYS_WRITE][0m
4[32m[     8.043][0m [34mINFO  [0m: [39m[0m[39m[pid=11][tid=11][id=1][SYS_WRITE][0m
[32m[     8.044][0m [34mINFO  [0m: [39m[0m[39m[pid=10][tid=10][id=1][SYS_WRITE][0m
[32m[     8.045][0m [34mINFO  [0m: [39m[0m[39m[pid=11][tid=11][id=7][SYS_POLL][0m
[32m[     8.046][0m [34mINFO  [0m: [39m[0m[39m[pid=10][tid=10][id=7][SYS_POLL][0m
[32m[     8.047][0m [34mINFO  [0m: [39m[0m[39m[pid=11][tid=11][id=0][SYS_READ][0m
[32m[     8.048][0m [34mINFO  [0m: [39m[0m[39m[pid=10][tid=10][id=0][SYS_READ][0m
[32m[     8.049][0m [34mINFO  [0m: [39m[0m[39m[pid=11][tid=11][id=1][SYS_WRITE][0m
[32m[     8.050][0m [34mINFO  [0m: [39m[0m[39m[pid=10][tid=10][id=1][SYS_WRITE][0m
3[32m[     8.051][0m [34mINFO  [0m: [39m[0m[39m[pid=11][tid=11][id=7][SYS_POLL][0m
[32m[     8.052][0m [34mINFO  [0m: [39m[0m[39m[pid=10][tid=10][id=1][SYS_WRITE][0m
[32m[     8.053][0m [34mINFO  [0m: [39m[0m[39m[pid=11][tid=11][id=0][SYS_READ][0m
[32m[     8.054][0m [34mINFO  [0m: [39m[0m[39m[pid=10][tid=10][id=7][SYS_POLL][0m
[32m[     8.055][0m [34mINFO  [0m: [39m[0m[39m[pid=11][tid=11][id=1][SYS_WRITE][0m
[32m[     8.056][0m [34mINFO  [0m: [39m[0m[39m[pid=10][tid=10][id=0][SYS_READ][0m
[32m[     8.057][0m [34mINFO  [0m: [39m[0m[39m[pid=11][tid=11][id=7][SYS_POLL][0m
[32m[     8.058][0m [34mINFO  [0m: [39m[0m[39m[pid=10][tid=10][id=1][SYS_WRITE][0m
53[32m[     8.059][0m [34mINFO  [0m: [39m[0m[39m[pid=11][tid=11][id=0][SYS_READ][0m
[32m[     8.060][0m [34mINFO  [0m: [39m[0m[39m[pid=11][tid=11][id=1][SYS_WRITE][0m
[32m[     8.061][0m [34mINFO  [0m: [39m[0m[39m[pid=10][tid=10][id=1][SYS_WRITE][0m
[32m[     8.062][0m [34mINFO  [0m: [39m[0m[39m[pid=11][tid=11][id=7][SYS_POLL][0m
[32m[     8.063][0m [34mINFO  [0m: [39m[0m[39m[pid=10][tid=10][id=7][SYS_POLL][0m
[32m[     8.064][0m [34mINFO  [0m: [39m[0m[39m[pid=11][tid=11][id=0][SYS_READ][0m
[32m[     8.065][0m [34mINFO  [0m: [39m[0m[39m[pid=11][tid=11][id=1][SYS_WRITE][0m
[32m[     8.066][0m [34mINFO  [0m: [39m[0m[39m[pid=10][tid=10][id=0][SYS_READ][0m
[32m[     8.067][0m [34mINFO  [0m: [39m[0m[39m[pid=11][tid=11][id=7][SYS_POLL][0m
[32m[     8.068][0m [34mINFO  [0m: [39m[0m[39m[pid=10][tid=10][id=1][SYS_WRITE][0m
41[32m[     8.069][0m [34mINFO  [0m: [39m[0m[39m[pid=11][tid=11][id=0][SYS_READ][0m
[32m[     8.070][0m [34mINFO  [0m: [39m[0m[39m[pid=10][tid=10][id=1][SYS_WRITE][0m
[32m[     8.071][0m [34mINFO  [0m: [39m[0m[39m[pid=11][tid=11][id=1][SYS_WRITE][0m
[32m[     8.072][0m [34mINFO  [0m: [39m[0m[39m[pid=10][tid=10][id=7][SYS_POLL][0m
[32m[     8.073][0m [34mINFO  [0m: [39m[0m[39m[pid=11][tid=11][id=7][SYS_POLL][0m
[32m[     8.074][0m [34mINFO  [0m: [39m[0m[39m[pid=10][tid=10][id=0][SYS_READ][0m
[32m[     8.075][0m [34mINFO  [0m: [39m[0m[39m[pid=10][tid=10][id=1][SYS_WRITE][0m
6[32m[     8.076][0m [34mINFO  [0m: [39m[0m[39m[pid=11][tid=11][id=0][SYS_READ][0m
[32m[     8.077][0m [34mINFO  [0m: [39m[0m[39m[pid=10][tid=10][id=1][SYS_WRITE][0m
[32m[     8.078][0m [34mINFO  [0m: [39m[0m[39m[pid=11][tid=11][id=1][SYS_WRITE][0m
[32m[     8.079][0m [34mINFO  [0m: [39m[0m[39m[pid=10][tid=10][id=7][SYS_POLL][0m
[32m[     8.080][0m [34mINFO  [0m: [39m[0m[39m[pid=11][tid=11][id=7][SYS_POLL][0m
[32m[     8.081][0m [34mINFO  [0m: [39m[0m[39m[pid=10][tid=10][id=0][SYS_READ][0m
[32m[     8.082][0m [34mINFO  [0m: [39m[0m[39m[pid=11][tid=11][id=0][SYS_READ][0m
[32m[     8.083][0m [34mINFO  [0m: [39m[0m[39m[pid=10][tid=10][id=1][SYS_WRITE][0m
2[32m[     8.084][0m [34mINFO  [0m: [39m[0m[39m[pid=11][tid=11][id=1][SYS_WRITE][0m
[32m[     8.085][0m [34mINFO  [0m: [39m[0m[39m[pid=10][tid=10][id=1][SYS_WRITE][0m
[32m[     8.086][0m [34mINFO  [0m: [39m[0m[39m[pid=11][tid=11][id=7][SYS_POLL][0m
[32m[     8.087][0m [34mINFO  [0m: [39m[0m[39m[pid=10][tid=10][id=7][SYS_POLL][0m
[32m[     8.088][0m [34mINFO  [0m: [39m[0m[39m[pid=11][tid=11][id=0][SYS_READ][0m
[32m[     8.089][0m [34mINFO  [0m: [39m[0m[39m[pid=10][tid=10][id=0][SYS_READ][0m
[32m[     8.090][0m [34mINFO  [0m: [39m[0m[39m[pid=11][tid=11][id=1][SYS_WRITE][0m
[32m[     8.091][0m [34mINFO  [0m: [39m[0m[39m[pid=10][tid=10][id=1][SYS_WRITE][0m
a[32m[     8.092][0m [34mINFO  [0m: [39m[0m[39m[pid=11][tid=11][id=7][SYS_POLL][0m
[32m[     8.093][0m [34mINFO  [0m: [39m[0m[39m[pid=11][tid=11][id=0][SYS_READ][0m
[32m[     8.094][0m [34mINFO  [0m: [39m[0m[39m[pid=10][tid=10][id=1][SYS_WRITE][0m
[32m[     8.095][0m [34mINFO  [0m: [39m[0m[39m[pid=11][tid=11][id=1][SYS_WRITE][0m
[32m[     8.096][0m [34mINFO  [0m: [39m[0m[39m[pid=10][tid=10][id=7][SYS_POLL][0m
[32m[     8.097][0m [34mINFO  [0m: [39m[0m[39m[pid=11][tid=11][id=7][SYS_POLL][0m
[32m[     8.098][0m [34mINFO  [0m: [39m[0m[39m[pid=10][tid=10][id=0][SYS_READ][0m
[32m[     8.099][0m [34mINFO  [0m: [39m[0m[39m[pid=11][tid=11][id=0][SYS_READ][0m
[32m[     8.100][0m [34mINFO  [0m: [39m[0m[39m[pid=11][tid=11][id=1][SYS_WRITE][0m
[32m[     8.101][0m [34mINFO  [0m: [39m[0m[39m[pid=10][tid=10][id=1][SYS_WRITE][0m
13[32m[     8.102][0m [34mINFO  [0m: [39m[0m[39m[pid=11][tid=11][id=7][SYS_POLL][0m
[32m[     8.103][0m [34mINFO  [0m: [39m[0m[39m[pid=11][tid=11][id=0][SYS_READ][0m
[32m[     8.104][0m [34mINFO  [0m: [39m[0m[39m[pid=10][tid=10][id=1][SYS_WRITE][0m
[32m[     8.105][0m [34mINFO  [0m: [39m[0m[39m[pid=11][tid=11][id=1][SYS_WRITE][0m
[32m[     8.106][0m [34mINFO  [0m: [39m[0m[39m[pid=10][tid=10][id=7][SYS_POLL][0m
[32m[     8.107][0m [34mINFO  [0m: [39m[0m[39m[pid=10][tid=10][id=0][SYS_READ][0m
[32m[     8.108][0m [34mINFO  [0m: [39m[0m[39m[pid=11][tid=11][id=7][SYS_POLL][0m
[32m[     8.109][0m [34mINFO  [0m: [39m[0m[39m[pid=11][tid=11][id=0][SYS_READ][0m
[32m[     8.110][0m [34mINFO  [0m: [39m[0m[39m[pid=10][tid=10][id=1][SYS_WRITE][0m
9f[32m[     8.111][0m [34mINFO  [0m: [39m[0m[39m[pid=11][tid=11][id=1][SYS_WRITE][0m
[32m[     8.112][0m [34mINFO  [0m: [39m[0m[39m[pid=10][tid=10][id=1][SYS_WRITE][0m
[32m[     8.113][0m [34mINFO  [0m: [39m[0m[39m[pid=10][tid=10][id=7][SYS_POLL][0m
[32m[     8.114][0m [34mINFO  [0m: [39m[0m[39m[pid=11][tid=11][id=7][SYS_POLL][0m
[32m[     8.115][0m [34mINFO  [0m: [39m[0m[39m[pid=11][tid=11][id=0][SYS_READ][0m
[32m[     8.116][0m [34mINFO  [0m: [39m[0m[39m[pid=10][tid=10][id=0][SYS_READ][0m
[32m[     8.117][0m [34mINFO  [0m: [39m[0m[39m[pid=10][tid=10][id=1][SYS_WRITE][0m
7[32m[     8.118][0m [34mINFO  [0m: [39m[0m[39m[pid=11][tid=11][id=1][SYS_WRITE][0m
[32m[     8.119][0m [34mINFO  [0m: [39m[0m[39m[pid=10][tid=10][id=1][SYS_WRITE][0m
[32m[     8.120][0m [34mINFO  [0m: [39m[0m[39m[pid=11][tid=11][id=7][SYS_POLL][0m
[32m[     8.121][0m [34mINFO  [0m: [39m[0m[39m[pid=10][tid=10][id=7][SYS_POLL][0m
[32m[     8.122][0m [34mINFO  [0m: [39m[0m[39m[pid=11][tid=11][id=0][SYS_READ][0m
[32m[     8.123][0m [34mINFO  [0m: [39m[0m[39m[pid=10][tid=10][id=0][SYS_READ][0m
[32m[     8.124][0m [34mINFO  [0m: [39m[0m[39m[pid=11][tid=11][id=1][SYS_WRITE][0m
[32m[     8.125][0m [34mINFO  [0m: [39m[0m[39m[pid=10][tid=10][id=1][SYS_WRITE][0m
c[32m[     8.126][0m [34mINFO  [0m: [39m[0m[39m[pid=11][tid=11][id=7][SYS_POLL][0m
[32m[     8.127][0m [34mINFO  [0m: [39m[0m[39m[pid=10][tid=10][id=1][SYS_WRITE][0m
[32m[     8.128][0m [34mINFO  [0m: [39m[0m[39m[pid=11][tid=11][id=0][SYS_READ][0m
[32m[     8.129][0m [34mINFO  [0m: [39m[0m[39m[pid=11][tid=11][id=1][SYS_WRITE][0m
[32m[     8.130][0m [34mINFO  [0m: [39m[0m[39m[pid=10][tid=10][id=7][SYS_POLL][0m
[32m[     8.131][0m [34mINFO  [0m: [39m[0m[39m[pid=10][tid=10][id=0][SYS_READ][0m
[32m[     8.132][0m [34mINFO  [0m: [39m[0m[39m[pid=11][tid=11][id=7][SYS_POLL][0m
[32m[     8.133][0m [34mINFO  [0m: [39m[0m[39m[pid=10][tid=10][id=1][SYS_WRITE][0m
6f[32m[     8.134][0m [34mINFO  [0m: [39m[0m[39m[pid=11][tid=11][id=0][SYS_READ][0m
[32m[     8.135][0m [34mINFO  [0m: [39m[0m[39m[pid=10][tid=10][id=1][SYS_WRITE][0m
[32m[     8.136][0m [34mINFO  [0m: [39m[0m[39m[pid=11][tid=11][id=1][SYS_WRITE][0m
[32m[     8.137][0m [34mINFO  [0m: [39m[0m[39m[pid=10][tid=10][id=7][SYS_POLL][0m
[32m[     8.138][0m [34mINFO  [0m: [39m[0m[39m[pid=11][tid=11][id=7][SYS_POLL][0m
[32m[     8.139][0m [34mINFO  [0m: [39m[0m[39m[pid=10][tid=10][id=0][SYS_READ][0m
[32m[     8.140][0m [34mINFO  [0m: [39m[0m[39m[pid=11][tid=11][id=0][SYS_READ][0m
[32m[     8.141][0m [34mINFO  [0m: [39m[0m[39m[pid=10][tid=10][id=1][SYS_WRITE][0m
e[32m[     8.142][0m [34mINFO  [0m: [39m[0m[39m[pid=11][tid=11][id=1][SYS_WRITE][0m
[32m[     8.143][0m [34mINFO  [0m: [39m[0m[39m[pid=10][tid=10][id=1][SYS_WRITE][0m
[32m[     8.144][0m [34mINFO  [0m: [39m[0m[39m[pid=10][tid=10][id=7][SYS_POLL][0m
[32m[     8.145][0m [34mINFO  [0m: [39m[0m[39m[pid=11][tid=11][id=7][SYS_POLL][0m
[32m[     8.146][0m [34mINFO  [0m: [39m[0m[39m[pid=10][tid=10][id=0][SYS_READ][0m
[32m[     8.147][0m [34mINFO  [0m: [39m[0m[39m[pid=11][tid=11][id=0][SYS_READ][0m
[32m[     8.148][0m [34mINFO  [0m: [39m[0m[39m[pid=11][tid=11][id=1][SYS_WRITE][0m
[32m[     8.149][0m [34mINFO  [0m: [39m[0m[39m[pid=10][tid=10][id=1][SYS_WRITE][0m
d[32m[     8.150][0m [34mINFO  [0m: [39m[0m[39m[pid=10][tid=10][id=1][SYS_WRITE][0m
[32m[     8.151][0m [34mINFO  [0m: [39m[0m[39m[pid=11][tid=11][id=7][SYS_POLL][0m
[32m[     8.152][0m [34mINFO  [0m: [39m[0m[39m[pid=10][tid=10][id=7][SYS_POLL][0m
[32m[     8.153][0m [34mINFO  [0m: [39m[0m[39m[pid=11][tid=11][id=0][SYS_READ][0m
[32m[     8.154][0m [34mINFO  [0m: [39m[0m[39m[pid=10][tid=10][id=0][SYS_READ][0m
[32m[     8.155][0m [34mINFO  [0m: [39m[0m[39m[pid=11][tid=11][id=1][SYS_WRITE][0m
[32m[     8.156][0m [34mINFO  [0m: [39m[0m[39m[pid=10][tid=10][id=1][SYS_WRITE][0m
4[32m[     8.157][0m [34mINFO  [0m: [39m[0m[39m[pid=11][tid=11][id=7][SYS_POLL][0m
[32m[     8.158][0m [34mINFO  [0m: [39m[0m[39m[pid=10][tid=10][id=1][SYS_WRITE][0m
[32m[     8.159][0m [34mINFO  [0m: [39m[0m[39m[pid=11][tid=11][id=0][SYS_READ][0m
[32m[     8.160][0m [34mINFO  [0m: [39m[0m[39m[pid=10][tid=10][id=7][SYS_POLL][0m
[32m[     8.161][0m [34mINFO  [0m: [39m[0m[39m[pid=11][tid=11][id=1][SYS_WRITE][0m
[32m[     8.162][0m [34mINFO  [0m: [39m[0m[39m[pid=11][tid=11][id=7][SYS_POLL][0m
[32m[     8.163][0m [34mINFO  [0m: [39m[0m[39m[pid=10][tid=10][id=0][SYS_READ][0m
[32m[     8.164][0m [34mINFO  [0m: [39m[0m[39m[pid=11][tid=11][id=0][SYS_READ][0m
[32m[     8.165][0m [34mINFO  [0m: [39m[0m[39m[pid=11][tid=11][id=1][SYS_WRITE][0m
[32m[     8.166][0m [34mINFO  [0m: [39m[0m[39m[pid=10][tid=10][id=1][SYS_WRITE][0m
2f[32m[     8.167][0m [34mINFO  [0m: [39m[0m[39m[pid=11][tid=11][id=7][SYS_POLL][0m
[32m[     8.168][0m [34mINFO  [0m: [39m[0m[39m[pid=10][tid=10][id=1][SYS_WRITE][0m
[32m[     8.169][0m [34mINFO  [0m: [39m[0m[39m[pid=11][tid=11][id=0][SYS_READ][0m
[32m[     8.170][0m [34mINFO  [0m: [39m[0m[39m[pid=10][tid=10][id=7][SYS_POLL][0m
[32m[     8.171][0m [34mINFO  [0m: [39m[0m[39m[pid=11][tid=11][id=1][SYS_WRITE][0m
[32m[     8.172][0m [34mINFO  [0m: [39m[0m[39m[pid=10][tid=10][id=0][SYS_READ][0m
[32m[     8.173][0m [34mINFO  [0m: [39m[0m[39m[pid=11][tid=11][id=7][SYS_POLL][0m
[32m[     8.174][0m [34mINFO  [0m: [39m[0m[39m[pid=10][tid=10][id=1][SYS_WRITE][0m
92
[32m[     8.175][0m [34mINFO  [0m: [39m[0m[39m[pid=11][tid=11][id=0][SYS_READ][0m
[32m[     8.176][0m [34mINFO  [0m: [39m[0m[39m[pid=10][tid=10][id=1][SYS_WRITE][0m
[32m[     8.177][0m [34mINFO  [0m: [39m[0m[39m[pid=11][tid=11][id=1][SYS_WRITE][0m
[32m[     8.178][0m [34mINFO  [0m: [39m[0m[39m[pid=10][tid=10][id=7][SYS_POLL][0m
[32m[     8.179][0m [34mINFO  [0m: [39m[0m[39m[pid=10][tid=10][id=0][SYS_READ][0m
[32m[     8.180][0m [34mINFO  [0m: [39m[0m[39m[pid=11][tid=11][id=7][SYS_POLL][0m
[32m[     8.181][0m [34mINFO  [0m: [39m[0m[39m[pid=11][tid=11][id=0][SYS_READ][0m
[32m[     8.182][0m [34mINFO  [0m: [39m[0m[39m[pid=10][tid=10][id=1][SYS_WRITE][0m
 [32m[     8.183][0m [34mINFO  [0m: [39m[0m[39m[pid=11][tid=11][id=1][SYS_WRITE][0m
[32m[     8.184][0m [34mINFO  [0m: [39m[0m[39m[pid=10][tid=10][id=1][SYS_WRITE][0m
[32m[     8.185][0m [34mINFO  [0m: [39m[0m[39m[pid=10][tid=10][id=7][SYS_POLL][0m
[32m[     8.186][0m [34mINFO  [0m: [39m[0m[39m[pid=11][tid=11][id=7][SYS_POLL][0m
[32m[     8.187][0m [34mINFO  [0m: [39m[0m[39m[pid=11][tid=11][id=0][SYS_READ][0m
[32m[     8.188][0m [34mINFO  [0m: [39m[0m[39m[pid=10][tid=10][id=0][SYS_READ][0m
[32m[     8.189][0m [34mINFO  [0m: [39m[0m[39m[pid=11][tid=11][id=1][SYS_WRITE][0m
[32m[     8.190][0m [34mINFO  [0m: [39m[0m[39m[pid=10][tid=10][id=1][SYS_WRITE][0m
"[32m[     8.191][0m [34mINFO  [0m: [39m[0m[39m[pid=11][tid=11][id=7][SYS_POLL][0m
[32m[     8.192][0m [34mINFO  [0m: [39m[0m[39m[pid=10][tid=10][id=1][SYS_WRITE][0m
[32m[     8.193][0m [34mINFO  [0m: [39m[0m[39m[pid=11][tid=11][id=0][SYS_READ][0m
[32m[     8.194][0m [34mINFO  [0m: [39m[0m[39m[pid=10][tid=10][id=7][SYS_POLL][0m
[32m[     8.195][0m [34mINFO  [0m: [39m[0m[39m[pid=11][tid=11][id=1][SYS_WRITE][0m
[32m[     8.196][0m [34mINFO  [0m: [39m[0m[39m[pid=10][tid=10][id=0][SYS_READ][0m
[32m[     8.197][0m [34mINFO  [0m: [39m[0m[39m[pid=11][tid=11][id=7][SYS_POLL][0m
[32m[     8.198][0m [34mINFO  [0m: [39m[0m[39m[pid=10][tid=10][id=1][SYS_WRITE][0m
$_[32m[     8.199][0m [34mINFO  [0m: [39m[0m[39m[pid=11][tid=11][id=0][SYS_READ][0m
[32m[     8.200][0m [34mINFO  [0m: [39m[0m[39m[pid=10][tid=10][id=1][SYS_WRITE][0m
[32m[     8.201][0m [34mINFO  [0m: [39m[0m[39m[pid=11][tid=11][id=1][SYS_WRITE][0m
[32m[     8.202][0m [34mINFO  [0m: [39m[0m[39m[pid=10][tid=10][id=7][SYS_POLL][0m
[32m[     8.203][0m [34mINFO  [0m: [39m[0m[39m[pid=11][tid=11][id=7][SYS_POLL][0m
[32m[     8.204][0m [34mINFO  [0m: [39m[0m[39m[pid=10][tid=10][id=0][SYS_READ][0m
[32m[     8.205][0m [34mINFO  [0m: [39m[0m[39m[pid=11][tid=11][id=0][SYS_READ][0m
[32m[     8.206][0m [34mINFO  [0m: [39m[0m[39m[pid=10][tid=10][id=1][SYS_WRITE][0m
_[32m[     8.207][0m [34mINFO  [0m: [39m[0m[39m[pid=11][tid=11][id=1][SYS_WRITE][0m
[32m[     8.208][0m [34mINFO  [0m: [39m[0m[39m[pid=10][tid=10][id=1][SYS_WRITE][0m
[32m[     8.209][0m [34mINFO  [0m: [39m[0m[39m[pid=11][tid=11][id=7][SYS_POLL][0m
[32m[     8.210][0m [34mINFO  [0m: [39m[0m[39m[pid=10][tid=10][id=7][SYS_POLL][0m
[32m[     8.211][0m [34mINFO  [0m: [39m[0m[39m[pid=11][tid=11][id=0][SYS_READ][0m
[32m[     8.212][0m [34mINFO  [0m: [39m[0m[39m[pid=10][tid=10][id=0][SYS_READ][0m
[32m[     8.213][0m [34mINFO  [0m: [39m[0m[39m[pid=11][tid=11][id=1][SYS_WRITE][0m
[32m[     8.214][0m [34mINFO  [0m: [39m[0m[39m[pid=10][tid=10][id=1][SYS_WRITE][0m
d[32m[     8.215][0m [34mINFO  [0m: [39m[0m[39m[pid=10][tid=10][id=1][SYS_WRITE][0m
[32m[     8.216][0m [34mINFO  [0m: [39m[0m[39m[pid=11][tid=11][id=7][SYS_POLL][0m
[32m[     8.217][0m [34mINFO  [0m: [39m[0m[39m[pid=11][tid=11][id=0][SYS_READ][0m
[32m[     8.218][0m [34mINFO  [0m: [39m[0m[39m[pid=10][tid=10][id=7][SYS_POLL][0m
[32m[     8.219][0m [34mINFO  [0m: [39m[0m[39m[pid=10][tid=10][id=0][SYS_READ][0m
[32m[     8.220][0m [34mINFO  [0m: [39m[0m[39m[pid=11][tid=11][id=1][SYS_WRITE][0m
[32m[     8.221][0m [34mINFO  [0m: [39m[0m[39m[pid=10][tid=10][id=1][SYS_WRITE][0m
p[32m[     8.222][0m [34mINFO  [0m: [39m[0m[39m[pid=11][tid=11][id=7][SYS_POLL][0m
[32m[     8.223][0m [34mINFO  [0m: [39m[0m[39m[pid=10][tid=10][id=1][SYS_WRITE][0m
[32m[     8.224][0m [34mINFO  [0m: [39m[0m[39m[pid=11][tid=11][id=0][SYS_READ][0m
[32m[     8.225][0m [34mINFO  [0m: [39m[0m[39m[pid=10][tid=10][id=7][SYS_POLL][0m
[32m[     8.226][0m [34mINFO  [0m: [39m[0m[39m[pid=11][tid=11][id=1][SYS_WRITE][0m
[32m[     8.227][0m [34mINFO  [0m: [39m[0m[39m[pid=10][tid=10][id=0][SYS_READ][0m
[32m[     8.228][0m [34mINFO  [0m: [39m[0m[39m[pid=11][tid=11][id=7][SYS_POLL][0m
[32m[     8.229][0m [34mINFO  [0m: [39m[0m[39m[pid=10][tid=10][id=1][SYS_WRITE][0m
f_[32m[     8.230][0m [34mINFO  [0m: [39m[0m[39m[pid=11][tid=11][id=0][SYS_READ][0m
[32m[     8.231][0m [34mINFO  [0m: [39m[0m[39m[pid=10][tid=10][id=1][SYS_WRITE][0m
[32m[     8.232][0m [34mINFO  [0m: [39m[0m[39m[pid=11][tid=11][id=1][SYS_WRITE][0m
[32m[     8.233][0m [34mINFO  [0m: [39m[0m[39m[pid=10][tid=10][id=7][SYS_POLL][0m
[32m[     8.234][0m [34mINFO  [0m: [39m[0m[39m[pid=11][tid=11][id=7][SYS_POLL][0m
[32m[     8.235][0m [34mINFO  [0m: [39m[0m[39m[pid=11][tid=11][id=0][SYS_READ][0m
[32m[     8.236][0m [34mINFO  [0m: [39m[0m[39m[pid=10][tid=10][id=0][SYS_READ][0m
[32m[     8.237][0m [34mINFO  [0m: [39m[0m[39m[pid=11][tid=11][id=1][SYS_WRITE][0m
[32m[     8.238][0m [34mINFO  [0m: [39m[0m[39m[pid=10][tid=10][id=1][SYS_WRITE][0m
e[32m[     8.239][0m [34mINFO  [0m: [39m[0m[39m[pid=11][tid=11][id=7][SYS_POLL][0m
[32m[     8.240][0m [34mINFO  [0m: [39m[0m[39m[pid=10][tid=10][id=1][SYS_WRITE][0m
[32m[     8.241][0m [34mINFO  [0m: [39m[0m[39m[pid=10][tid=10][id=7][SYS_POLL][0m
[32m[     8.242][0m [34mINFO  [0m: [39m[0m[39m[pid=11][tid=11][id=0][SYS_READ][0m
[32m[     8.243][0m [34mINFO  [0m: [39m[0m[39m[pid=10][tid=10][id=0][SYS_READ][0m
[32m[     8.244][0m [34mINFO  [0m: [39m[0m[39m[pid=11][tid=11][id=1][SYS_WRITE][0m
[32m[     8.245][0m [34mINFO  [0m: [39m[0m[39m[pid=10][tid=10][id=1][SYS_WRITE][0m
x[32m[     8.246][0m [34mINFO  [0m: [39m[0m[39m[pid=11][tid=11][id=7][SYS_POLL][0m
[32m[     8.247][0m [34mINFO  [0m: [39m[0m[39m[pid=10][tid=10][id=1][SYS_WRITE][0m
[32m[     8.248][0m [34mINFO  [0m: [39m[0m[39m[pid=11][tid=11][id=0][SYS_READ][0m
[32m[     8.249][0m [34mINFO  [0m: [39m[0m[39m[pid=10][tid=10][id=7][SYS_POLL][0m
[32m[     8.250][0m [34mINFO  [0m: [39m[0m[39m[pid=11][tid=11][id=1][SYS_WRITE][0m
[32m[     8.251][0m [34mINFO  [0m: [39m[0m[39m[pid=10][tid=10][id=0][SYS_READ][0m
[32m[     8.252][0m [34mINFO  [0m: [39m[0m[39m[pid=10][tid=10][id=1][SYS_WRITE][0m
it[32m[     8.253][0m [34mINFO  [0m: [39m[0m[39m[pid=11][tid=11][id=7][SYS_POLL][0m
[32m[     8.254][0m [34mINFO  [0m: [39m[0m[39m[pid=10][tid=10][id=1][SYS_WRITE][0m
[32m[     8.255][0m [34mINFO  [0m: [39m[0m[39m[pid=11][tid=11][id=0][SYS_READ][0m
[32m[     8.256][0m [34mINFO  [0m: [39m[0m[39m[pid=10][tid=10][id=7][SYS_POLL][0m
[32m[     8.257][0m [34mINFO  [0m: [39m[0m[39m[pid=11][tid=11][id=1][SYS_WRITE][0m
[32m[     8.258][0m [34mINFO  [0m: [39m[0m[39m[pid=11][tid=11][id=7][SYS_POLL][0m
[32m[     8.259][0m [34mINFO  [0m: [39m[0m[39m[pid=10][tid=10][id=0][SYS_READ][0m
[32m[     8.260][0m [34mINFO  [0m: [39m[0m[39m[pid=10][tid=10][id=1][SYS_WRITE][0m
"[32m[     8.261][0m [34mINFO  [0m: [39m[0m[39m[pid=11][tid=11][id=0][SYS_READ][0m
[32m[     8.262][0m [34mINFO  [0m: [39m[0m[39m[pid=10][tid=10][id=1][SYS_WRITE][0m
[32m[     8.263][0m [34mINFO  [0m: [39m[0m[39m[pid=11][tid=11][id=1][SYS_WRITE][0m
[32m[     8.264][0m [34mINFO  [0m: [39m[0m[39m[pid=10][tid=10][id=7][SYS_POLL][0m
[32m[     8.265][0m [34mINFO  [0m: [39m[0m[39m[pid=11][tid=11][id=257][SYS_OPENAT][0m
[32m[     8.266][0m [34mINFO  [0m: [39m[0m[39m[pid=10][tid=10][id=0][SYS_READ][0m
[32m[     8.267][0m [34mINFO  [0m: [39m[0m[39m[pid=11][tid=11][id=8][SYS_LSEEK][0m
[32m[     8.268][0m [34mINFO  [0m: [39m[0m[39m[pid=10][tid=10][id=1][SYS_WRITE][0m

[32m[     8.269][0m [34mINFO  [0m: [39m[0m[39m[pid=11][tid=11][id=1][SYS_WRITE][0m
[32m[     8.270][0m [34mINFO  [0m: [39m[0m[39m[pid=10][tid=10][id=1][SYS_WRITE][0m
[32m[     8.271][0m [34mINFO  [0m: [39m[0m[39m[pid=11][tid=11][id=3][SYS_CLOSE][0m
[32m[     8.272][0m [34mINFO  [0m: [39m[0m[39m[pid=10][tid=10][id=7][SYS_POLL][0m
[32m[     8.273][0m [34mINFO  [0m: [39m[0m[39m[pid=11][tid=11][id=16][SYS_IOCTL][0m
[32m[     8.274][0m [34mINFO  [0m: [39m[0m[39m[pid=11][tid=11][id=13][SYS_RT_SIGACTION][0m
[32m[     8.275][0m [34mINFO  [0m: [39m[0m[39m[pid=11][tid=11][id=56][SYS_CLONE][0m
[32m[     8.279][0m [34mINFO  [0m: [39m[0m[39m[pid=11][tid=11][id=109][SYS_SETPGID][0m
[32m[     8.280][0m [34mINFO  [0m: [39m[0m[39m[pid=15][tid=15][id=273][SYS_SET_ROBUST_LIST][0m
[32m[     8.281][0m [34mINFO  [0m: [39m[0m[39m[pid=11][tid=11][id=61][SYS_WAIT4][0m
[32m[     8.282][0m [34mINFO  [0m: [39m[0m[39m[pid=15][tid=15][id=39][SYS_GETPID][0m
[32m[     8.283][0m [34mINFO  [0m: [39m[0m[39m[pid=15][tid=15][id=109][SYS_SETPGID][0m
[32m[     8.284][0m [34mINFO  [0m: [39m[0m[39m[pid=15][tid=15][id=16][SYS_IOCTL][0m
[32m[     8.285][0m [34mINFO  [0m: [39m[0m[39m[pid=15][tid=15][id=13][SYS_RT_SIGACTION][0m
[32m[     8.286][0m [34mINFO  [0m: [39m[0m[39m[pid=15][tid=15][id=13][SYS_RT_SIGACTION][0m
[32m[     8.287][0m [34mINFO  [0m: [39m[0m[39m[pid=15][tid=15][id=13][SYS_RT_SIGACTION][0m
[32m[     8.288][0m [34mINFO  [0m: [39m[0m[39m[pid=15][tid=15][id=13][SYS_RT_SIGACTION][0m
[32m[     8.289][0m [34mINFO  [0m: [39m[0m[39m[pid=15][tid=15][id=13][SYS_RT_SIGACTION][0m
[32m[     8.290][0m [34mINFO  [0m: [39m[0m[39m[pid=15][tid=15][id=59][SYS_EXECVE][0m
[32m[     8.293][0m [34mINFO  [0m: [39m[0m[39m[pid=15][tid=15][id=12][SYS_BRK][0m
[32m[     8.294][0m [34mINFO  [0m: [39m[0m[39m[pid=15][tid=15][id=9][SYS_MMAP][0m
[32m[     8.295][0m [34mINFO  [0m: [39m[0m[39m[pid=15][tid=15][id=21][SYS_ACCESS][0m
[32m[     8.296][0m [34mINFO  [0m: [39m[0m[39m[pid=15][tid=15][id=257][SYS_OPENAT][0m
[32m[     8.297][0m [34mINFO  [0m: [39m[0m[39m[pid=15][tid=15][id=262][SYS_FSTATAT][0m
[32m[     8.298][0m [34mINFO  [0m: [39m[0m[39m[pid=15][tid=15][id=257][SYS_OPENAT][0m
[32m[     8.299][0m [34mINFO  [0m: [39m[0m[39m[pid=15][tid=15][id=262][SYS_FSTATAT][0m
[32m[     8.300][0m [34mINFO  [0m: [39m[0m[39m[pid=15][tid=15][id=257][SYS_OPENAT][0m
[32m[     8.301][0m [34mINFO  [0m: [39m[0m[39m[pid=15][tid=15][id=0][SYS_READ][0m
[32m[     8.302][0m [34mINFO  [0m: [39m[0m[39m[pid=15][tid=15][id=5][SYS_FSTAT][0m
[32m[     8.303][0m [34mINFO  [0m: [39m[0m[39m[pid=15][tid=15][id=9][SYS_MMAP][0m
[32m[     8.304][0m [34mINFO  [0m: [39m[0m[39m[pid=15][tid=15][id=9][SYS_MMAP][0m
[32m[     8.305][0m [34mINFO  [0m: [39m[0m[39m[pid=15][tid=15][id=9][SYS_MMAP][0m
[32m[     8.306][0m [34mINFO  [0m: [39m[0m[39m[pid=15][tid=15][id=9][SYS_MMAP][0m
[32m[     8.307][0m [34mINFO  [0m: [39m[0m[39m[pid=15][tid=15][id=3][SYS_CLOSE][0m
[32m[     8.308][0m [34mINFO  [0m: [39m[0m[39m[pid=15][tid=15][id=257][SYS_OPENAT][0m
[32m[     8.309][0m [34mINFO  [0m: [39m[0m[39m[pid=15][tid=15][id=0][SYS_READ][0m
[32m[     8.310][0m [34mINFO  [0m: [39m[0m[39m[pid=15][tid=15][id=5][SYS_FSTAT][0m
[32m[     8.311][0m [34mINFO  [0m: [39m[0m[39m[pid=15][tid=15][id=9][SYS_MMAP][0m
[32m[     8.312][0m [34mINFO  [0m: [39m[0m[39m[pid=15][tid=15][id=9][SYS_MMAP][0m
[32m[     8.313][0m [34mINFO  [0m: [39m[0m[39m[pid=15][tid=15][id=9][SYS_MMAP][0m
[32m[     8.314][0m [34mINFO  [0m: [39m[0m[39m[pid=15][tid=15][id=9][SYS_MMAP][0m
[32m[     8.315][0m [34mINFO  [0m: [39m[0m[39m[pid=15][tid=15][id=9][SYS_MMAP][0m
[32m[     8.316][0m [34mINFO  [0m: [39m[0m[39m[pid=15][tid=15][id=3][SYS_CLOSE][0m
[32m[     8.317][0m [34mINFO  [0m: [39m[0m[39m[pid=15][tid=15][id=257][SYS_OPENAT][0m
[32m[     8.318][0m [34mINFO  [0m: [39m[0m[39m[pid=15][tid=15][id=0][SYS_READ][0m
[32m[     8.319][0m [34mINFO  [0m: [39m[0m[39m[pid=15][tid=15][id=17][SYS_PREAD64][0m
[32m[     8.320][0m [34mINFO  [0m: [39m[0m[39m[pid=15][tid=15][id=5][SYS_FSTAT][0m
[32m[     8.321][0m [34mINFO  [0m: [39m[0m[39m[pid=15][tid=15][id=17][SYS_PREAD64][0m
[32m[     8.322][0m [34mINFO  [0m: [39m[0m[39m[pid=15][tid=15][id=9][SYS_MMAP][0m
[32m[     8.323][0m [34mINFO  [0m: [39m[0m[39m[pid=15][tid=15][id=9][SYS_MMAP][0m
[32m[     8.324][0m [34mINFO  [0m: [39m[0m[39m[pid=15][tid=15][id=9][SYS_MMAP][0m
[32m[     8.325][0m [34mINFO  [0m: [39m[0m[39m[pid=15][tid=15][id=9][SYS_MMAP][0m
[32m[     8.326][0m [34mINFO  [0m: [39m[0m[39m[pid=15][tid=15][id=9][SYS_MMAP][0m
[32m[     8.327][0m [34mINFO  [0m: [39m[0m[39m[pid=15][tid=15][id=3][SYS_CLOSE][0m
[32m[     8.328][0m [34mINFO  [0m: [39m[0m[39m[pid=15][tid=15][id=9][SYS_MMAP][0m
[32m[     8.329][0m [34mINFO  [0m: [39m[0m[39m[pid=15][tid=15][id=158][SYS_ARCH_PRCTL][0m
[32m[     8.330][0m [34mINFO  [0m: [39m[0m[39m[pid=15][tid=15][id=218][SYS_SET_TID_ADDRESS][0m
[32m[     8.331][0m [34mINFO  [0m: [39m[0m[39m[pid=15][tid=15][id=273][SYS_SET_ROBUST_LIST][0m
[32m[     8.332][0m [93mWARN  [0m: [39m[0m[39mUnimplemented syscall number: 334[0m
[32m[     8.333][0m [34mINFO  [0m: [39m[0m[39m[pid=15][tid=15][id=10][SYS_MPROTECT][0m
[32m[     8.334][0m [34mINFO  [0m: [39m[0m[39m[pid=15][tid=15][id=10][SYS_MPROTECT][0m
[32m[     8.335][0m [34mINFO  [0m: [39m[0m[39m[pid=15][tid=15][id=10][SYS_MPROTECT][0m
[32m[     8.336][0m [34mINFO  [0m: [39m[0m[39m[pid=15][tid=15][id=10][SYS_MPROTECT][0m
[32m[     8.337][0m [34mINFO  [0m: [39m[0m[39m[pid=15][tid=15][id=10][SYS_MPROTECT][0m
[32m[     8.338][0m [34mINFO  [0m: [39m[0m[39m[pid=15][tid=15][id=302][SYS_PRLIMIT64][0m
[32m[     8.339][0m [34mINFO  [0m: [39m[0m[39m[pid=15][tid=15][id=318][SYS_GETRANDOM][0m
[32m[     8.340][0m [34mINFO  [0m: [39m[0m[39m[pid=15][tid=15][id=102][SYS_GETUID][0m
[32m[     8.341][0m [34mINFO  [0m: [39m[0m[39m[pid=15][tid=15][id=12][SYS_BRK][0m
[32m[     8.342][0m [34mINFO  [0m: [39m[0m[39m[pid=15][tid=15][id=12][SYS_BRK][0m
[32m[     8.343][0m [34mINFO  [0m: [39m[0m[39m[pid=15][tid=15][id=39][SYS_GETPID][0m
[32m[     8.344][0m [34mINFO  [0m: [39m[0m[39m[pid=15][tid=15][id=13][SYS_RT_SIGACTION][0m
[32m[     8.345][0m [34mINFO  [0m: [39m[0m[39m[pid=15][tid=15][id=110][SYS_GETPPID][0m
[32m[     8.346][0m [34mINFO  [0m: [39m[0m[39m[pid=15][tid=15][id=63][SYS_UNAME][0m
[32m[     8.347][0m [34mINFO  [0m: [39m[0m[39m[pid=15][tid=15][id=262][SYS_FSTATAT][0m
[32m[     8.348][0m [34mINFO  [0m: [39m[0m[39m[pid=15][tid=15][id=262][SYS_FSTATAT][0m
[32m[     8.349][0m [34mINFO  [0m: [39m[0m[39m[pid=15][tid=15][id=13][SYS_RT_SIGACTION][0m
[32m[     8.350][0m [34mINFO  [0m: [39m[0m[39m[pid=15][tid=15][id=13][SYS_RT_SIGACTION][0m
[32m[     8.351][0m [34mINFO  [0m: [39m[0m[39m[pid=15][tid=15][id=13][SYS_RT_SIGACTION][0m
[32m[     8.352][0m [34mINFO  [0m: [39m[0m[39m[pid=15][tid=15][id=13][SYS_RT_SIGACTION][0m
[32m[     8.353][0m [34mINFO  [0m: [39m[0m[39m[pid=15][tid=15][id=257][SYS_OPENAT][0m
[32m[     8.354][0m [34mINFO  [0m: [39m[0m[39m[pid=15][tid=15][id=72][SYS_FCNTL][0m
[32m[     8.355][0m [34mINFO  [0m: [39m[0m[39m[pid=15][tid=15][id=33][SYS_DUP2][0m
[32m[     8.356][0m [34mINFO  [0m: [39m[0m[39m[pid=15][tid=15][id=3][SYS_CLOSE][0m
[32m[     8.357][0m [34mINFO  [0m: [39m[0m[39m[pid=15][tid=15][id=1][SYS_WRITE][0m
[32m[     8.358][0m [34mINFO  [0m: [39m[0m[39m[pid=15][tid=15][id=33][SYS_DUP2][0m
[32m[     8.359][0m [34mINFO  [0m: [39m[0m[39m[pid=15][tid=15][id=3][SYS_CLOSE][0m
[32m[     8.360][0m [34mINFO  [0m: [39m[0m[39m[pid=15][tid=15][id=293][SYS_PIPE2][0m
[32m[     8.361][0m [34mINFO  [0m: [39m[0m[39m[pid=15][tid=15][id=56][SYS_CLONE][0m
[32m[     8.365][0m [34mINFO  [0m: [39m[0m[39m[pid=15][tid=15][id=3][SYS_CLOSE][0m
[32m[     8.366][0m [34mINFO  [0m: [39m[0m[39m[pid=16][tid=16][id=273][SYS_SET_ROBUST_LIST][0m
[32m[     8.367][0m [34mINFO  [0m: [39m[0m[39m[pid=15][tid=15][id=0][SYS_READ][0m
[32m[     8.368][0m [34mINFO  [0m: [39m[0m[39m[pid=16][tid=16][id=13][SYS_RT_SIGACTION][0m
[32m[     8.369][0m [34mINFO  [0m: [39m[0m[39m[pid=16][tid=16][id=3][SYS_CLOSE][0m
[32m[     8.370][0m [34mINFO  [0m: [39m[0m[39m[pid=16][tid=16][id=33][SYS_DUP2][0m
[32m[     8.371][0m [34mINFO  [0m: [39m[0m[39m[pid=16][tid=16][id=3][SYS_CLOSE][0m
[32m[     8.372][0m [34mINFO  [0m: [39m[0m[39m[pid=16][tid=16][id=262][SYS_FSTATAT][0m
[32m[     8.373][0m [34mINFO  [0m: [39m[0m[39m[pid=16][tid=16][id=59][SYS_EXECVE][0m
[32m[     8.376][0m [34mINFO  [0m: [39m[0m[39m[pid=16][tid=16][id=12][SYS_BRK][0m
[32m[     8.377][0m [34mINFO  [0m: [39m[0m[39m[pid=16][tid=16][id=9][SYS_MMAP][0m
[32m[     8.378][0m [34mINFO  [0m: [39m[0m[39m[pid=16][tid=16][id=21][SYS_ACCESS][0m
[32m[     8.379][0m [34mINFO  [0m: [39m[0m[39m[pid=16][tid=16][id=257][SYS_OPENAT][0m
[32m[     8.380][0m [34mINFO  [0m: [39m[0m[39m[pid=16][tid=16][id=262][SYS_FSTATAT][0m
[32m[     8.381][0m [34mINFO  [0m: [39m[0m[39m[pid=16][tid=16][id=257][SYS_OPENAT][0m
[32m[     8.382][0m [34mINFO  [0m: [39m[0m[39m[pid=16][tid=16][id=262][SYS_FSTATAT][0m
[32m[     8.383][0m [34mINFO  [0m: [39m[0m[39m[pid=16][tid=16][id=257][SYS_OPENAT][0m
[32m[     8.384][0m [34mINFO  [0m: [39m[0m[39m[pid=16][tid=16][id=0][SYS_READ][0m
[32m[     8.385][0m [34mINFO  [0m: [39m[0m[39m[pid=16][tid=16][id=5][SYS_FSTAT][0m
[32m[     8.386][0m [34mINFO  [0m: [39m[0m[39m[pid=16][tid=16][id=9][SYS_MMAP][0m
[32m[     8.387][0m [34mINFO  [0m: [39m[0m[39m[pid=16][tid=16][id=9][SYS_MMAP][0m
[32m[     8.388][0m [34mINFO  [0m: [39m[0m[39m[pid=16][tid=16][id=9][SYS_MMAP][0m
[32m[     8.389][0m [34mINFO  [0m: [39m[0m[39m[pid=16][tid=16][id=9][SYS_MMAP][0m
[32m[     8.390][0m [34mINFO  [0m: [39m[0m[39m[pid=16][tid=16][id=3][SYS_CLOSE][0m
[32m[     8.391][0m [34mINFO  [0m: [39m[0m[39m[pid=16][tid=16][id=257][SYS_OPENAT][0m
[32m[     8.392][0m [34mINFO  [0m: [39m[0m[39m[pid=16][tid=16][id=0][SYS_READ][0m
[32m[     8.393][0m [34mINFO  [0m: [39m[0m[39m[pid=16][tid=16][id=5][SYS_FSTAT][0m
[32m[     8.394][0m [34mINFO  [0m: [39m[0m[39m[pid=16][tid=16][id=9][SYS_MMAP][0m
[32m[     8.395][0m [34mINFO  [0m: [39m[0m[39m[pid=16][tid=16][id=9][SYS_MMAP][0m
[32m[     8.396][0m [34mINFO  [0m: [39m[0m[39m[pid=16][tid=16][id=9][SYS_MMAP][0m
[32m[     8.397][0m [34mINFO  [0m: [39m[0m[39m[pid=16][tid=16][id=9][SYS_MMAP][0m
[32m[     8.398][0m [34mINFO  [0m: [39m[0m[39m[pid=16][tid=16][id=9][SYS_MMAP][0m
[32m[     8.399][0m [34mINFO  [0m: [39m[0m[39m[pid=16][tid=16][id=3][SYS_CLOSE][0m
[32m[     8.400][0m [34mINFO  [0m: [39m[0m[39m[pid=16][tid=16][id=257][SYS_OPENAT][0m
[32m[     8.401][0m [34mINFO  [0m: [39m[0m[39m[pid=16][tid=16][id=0][SYS_READ][0m
[32m[     8.402][0m [34mINFO  [0m: [39m[0m[39m[pid=16][tid=16][id=17][SYS_PREAD64][0m
[32m[     8.403][0m [34mINFO  [0m: [39m[0m[39m[pid=16][tid=16][id=5][SYS_FSTAT][0m
[32m[     8.404][0m [34mINFO  [0m: [39m[0m[39m[pid=16][tid=16][id=17][SYS_PREAD64][0m
[32m[     8.405][0m [34mINFO  [0m: [39m[0m[39m[pid=16][tid=16][id=9][SYS_MMAP][0m
[32m[     8.406][0m [34mINFO  [0m: [39m[0m[39m[pid=16][tid=16][id=9][SYS_MMAP][0m
[32m[     8.407][0m [34mINFO  [0m: [39m[0m[39m[pid=16][tid=16][id=9][SYS_MMAP][0m
[32m[     8.408][0m [34mINFO  [0m: [39m[0m[39m[pid=16][tid=16][id=9][SYS_MMAP][0m
[32m[     8.409][0m [34mINFO  [0m: [39m[0m[39m[pid=16][tid=16][id=9][SYS_MMAP][0m
[32m[     8.410][0m [34mINFO  [0m: [39m[0m[39m[pid=16][tid=16][id=3][SYS_CLOSE][0m
[32m[     8.411][0m [34mINFO  [0m: [39m[0m[39m[pid=16][tid=16][id=9][SYS_MMAP][0m
[32m[     8.412][0m [34mINFO  [0m: [39m[0m[39m[pid=16][tid=16][id=158][SYS_ARCH_PRCTL][0m
[32m[     8.413][0m [34mINFO  [0m: [39m[0m[39m[pid=16][tid=16][id=218][SYS_SET_TID_ADDRESS][0m
[32m[     8.414][0m [34mINFO  [0m: [39m[0m[39m[pid=16][tid=16][id=273][SYS_SET_ROBUST_LIST][0m
[32m[     8.415][0m [93mWARN  [0m: [39m[0m[39mUnimplemented syscall number: 334[0m
[32m[     8.416][0m [34mINFO  [0m: [39m[0m[39m[pid=16][tid=16][id=10][SYS_MPROTECT][0m
[32m[     8.417][0m [34mINFO  [0m: [39m[0m[39m[pid=16][tid=16][id=10][SYS_MPROTECT][0m
[32m[     8.418][0m [34mINFO  [0m: [39m[0m[39m[pid=16][tid=16][id=10][SYS_MPROTECT][0m
[32m[     8.419][0m [34mINFO  [0m: [39m[0m[39m[pid=16][tid=16][id=10][SYS_MPROTECT][0m
[32m[     8.420][0m [34mINFO  [0m: [39m[0m[39m[pid=16][tid=16][id=10][SYS_MPROTECT][0m
[32m[     8.421][0m [34mINFO  [0m: [39m[0m[39m[pid=16][tid=16][id=302][SYS_PRLIMIT64][0m
[32m[     8.422][0m [34mINFO  [0m: [39m[0m[39m[pid=16][tid=16][id=318][SYS_GETRANDOM][0m
[32m[     8.423][0m [34mINFO  [0m: [39m[0m[39m[pid=16][tid=16][id=102][SYS_GETUID][0m
[32m[     8.424][0m [34mINFO  [0m: [39m[0m[39m[pid=16][tid=16][id=257][SYS_OPENAT][0m
[32m[     8.425][0m [34mINFO  [0m: [39m[0m[39m[pid=16][tid=16][id=40][SYS_SENDFILE][0m
[32m[     8.426][0m [34mINFO  [0m: [39m[0m[39m[pid=16][tid=16][id=40][SYS_SENDFILE][0m
[32m[     8.427][0m [34mINFO  [0m: [39m[0m[39m[pid=15][tid=15][id=0][SYS_READ][0m
[32m[     8.428][0m [34mINFO  [0m: [39m[0m[39m[pid=16][tid=16][id=3][SYS_CLOSE][0m
[32m[     8.429][0m [34mINFO  [0m: [39m[0m[39m[pid=16][tid=16][id=231][SYS_EXIT_GROUP][0m
[32m[     8.431][0m [34mINFO  [0m: [39m[0m[39m[pid=15][tid=15][id=15][SYS_RT_SIGRETURN][0m
[32m[     8.432][0m [34mINFO  [0m: [39m[0m[39m[pid=15][tid=15][id=0][SYS_READ][0m
[32m[     8.433][0m [34mINFO  [0m: [39m[0m[39m[pid=15][tid=15][id=3][SYS_CLOSE][0m
[32m[     8.434][0m [34mINFO  [0m: [39m[0m[39m[pid=15][tid=15][id=61][SYS_WAIT4][0m
[32m[     8.435][0m [34mINFO  [0m: [39m[0m[39m[pid=15][tid=15][id=61][SYS_WAIT4][0m
[32m[     8.436][0m [34mINFO  [0m: [39m[0m[39m[pid=15][tid=15][id=231][SYS_EXIT_GROUP][0m
[32m[     8.439][0m [34mINFO  [0m: [39m[0m[39m[pid=11][tid=11][id=15][SYS_RT_SIGRETURN][0m
[32m[     8.440][0m [34mINFO  [0m: [39m[0m[39m[pid=11][tid=11][id=61][SYS_WAIT4][0m
[32m[     8.441][0m [34mINFO  [0m: [39m[0m[39m[pid=11][tid=11][id=16][SYS_IOCTL][0m
[32m[     8.442][0m [34mINFO  [0m: [39m[0m[39m[pid=11][tid=11][id=72][SYS_FCNTL][0m
[32m[     8.443][0m [34mINFO  [0m: [39m[0m[39m[pid=11][tid=11][id=1][SYS_WRITE][0m
[32m[     8.444][0m [34mINFO  [0m: [39m[0m[39m[pid=11][tid=11][id=1][SYS_WRITE][0m
[32m[     8.445][0m [34mINFO  [0m: [39m[0m[39m[pid=10][tid=10][id=0][SYS_READ][0m
[32m[     8.446][0m [34mINFO  [0m: [39m[0m[39m[pid=11][tid=11][id=262][SYS_FSTATAT][0m
[32m[     8.447][0m [34mINFO  [0m: [39m[0m[39m[pid=10][tid=10][id=1][SYS_WRITE][0m

DPF_CHECK_51bbc9ff43534162a139f7c6fed42f92:0
[32m[     8.449][0m [34mINFO  [0m: [39m[0m[39m[pid=11][tid=11][id=16][SYS_IOCTL][0m
[32m[     8.450][0m [34mINFO  [0m: [39m[0m[39m[pid=10][tid=10][id=1][SYS_WRITE][0m
[32m[     8.452][0m [34mINFO  [0m: [39m[0m[39m[pid=11][tid=11][id=16][SYS_IOCTL][0m
[32m[     8.453][0m [34mINFO  [0m: [39m[0m[39m[pid=10][tid=10][id=7][SYS_POLL][0m
[32m[     8.454][0m [34mINFO  [0m: [39m[0m[39m[pid=11][tid=11][id=16][SYS_IOCTL][0m
[32m[     8.455][0m [34mINFO  [0m: [39m[0m[39m[pid=10][tid=10][id=0][SYS_READ][0m
[32m[     8.456][0m [34mINFO  [0m: [39m[0m[39m[pid=11][tid=11][id=107][SYS_GETEUID][0m
[32m[     8.457][0m [34mINFO  [0m: [39m[0m[39m[pid=10][tid=10][id=1][SYS_WRITE][0m
[32m[     8.458][0m [34mINFO  [0m: [39m[0m[39m[pid=11][tid=11][id=13][SYS_RT_SIGACTION][0m
[32m[     8.459][0m [34mINFO  [0m: [39m[0m[39m[pid=10][tid=10][id=7][SYS_POLL][0m
[32m[     8.460][0m [34mINFO  [0m: [39m[0m[39m[pid=11][tid=11][id=1][SYS_WRITE][0m
[32m[     8.461][0m [34mINFO  [0m: [39m[0m[39m[pid=10][tid=10][id=0][SYS_READ][0m
[32m[     8.462][0m [34mINFO  [0m: [39m[0m[39m[pid=11][tid=11][id=7][SYS_POLL][0m
[32m[     8.463][0m [34mINFO  [0m: [39m[0m[39m[pid=10][tid=10][id=1][SYS_WRITE][0m
[32m[     8.464][0m [34mINFO  [0m: [39m[0m[39m[pid=11][tid=11][id=0][SYS_READ][0m
[32m[     8.465][0m [34mINFO  [0m: [39m[0m[39m[pid=10][tid=10][id=7][SYS_POLL][0m
[32m[     8.466][0m [34mINFO  [0m: [39m[0m[39m[pid=11][tid=11][id=1][SYS_WRITE][0m
[32m[     8.467][0m [34mINFO  [0m: [39m[0m[39m[pid=10][tid=10][id=0][SYS_READ][0m
[32m[     8.468][0m [34mINFO  [0m: [39m[0m[39m[pid=11][tid=11][id=7][SYS_POLL][0m
[32m[     8.469][0m [34mINFO  [0m: [39m[0m[39m[pid=10][tid=10][id=1][SYS_WRITE][0m
~ # s[32m[     8.470][0m [34mINFO  [0m: [39m[0m[39m[pid=11][tid=11][id=0][SYS_READ][0m
[32m[     8.471][0m [34mINFO  [0m: [39m[0m[39m[pid=10][tid=10][id=1][SYS_WRITE][0m
[32m[     8.472][0m [34mINFO  [0m: [39m[0m[39m[pid=11][tid=11][id=1][SYS_WRITE][0m
[32m[     8.473][0m [34mINFO  [0m: [39m[0m[39m[pid=10][tid=10][id=0][SYS_READ][0m
[32m[     8.474][0m [34mINFO  [0m: [39m[0m[39m[pid=11][tid=11][id=7][SYS_POLL][0m
[32m[     8.475][0m [34mINFO  [0m: [39m[0m[39m[pid=10][tid=10][id=1][SYS_WRITE][0m
[32m[     8.476][0m [34mINFO  [0m: [39m[0m[39m[pid=11][tid=11][id=0][SYS_READ][0m
[32m[     8.477][0m [34mINFO  [0m: [39m[0m[39m[pid=10][tid=10][id=7][SYS_POLL][0m
[32m[     8.478][0m [34mINFO  [0m: [39m[0m[39m[pid=11][tid=11][id=1][SYS_WRITE][0m
[32m[     8.479][0m [34mINFO  [0m: [39m[0m[39m[pid=10][tid=10][id=0][SYS_READ][0m
[32m[     8.480][0m [34mINFO  [0m: [39m[0m[39m[pid=11][tid=11][id=7][SYS_POLL][0m
[32m[     8.481][0m [34mINFO  [0m: [39m[0m[39m[pid=10][tid=10][id=1][SYS_WRITE][0m
h [32m[     8.482][0m [34mINFO  [0m: [39m[0m[39m[pid=11][tid=11][id=0][SYS_READ][0m
[32m[     8.483][0m [34mINFO  [0m: [39m[0m[39m[pid=10][tid=10][id=1][SYS_WRITE][0m
[32m[     8.484][0m [34mINFO  [0m: [39m[0m[39m[pid=11][tid=11][id=1][SYS_WRITE][0m
[32m[     8.485][0m [34mINFO  [0m: [39m[0m[39m[pid=10][tid=10][id=0][SYS_READ][0m
[32m[     8.486][0m [34mINFO  [0m: [39m[0m[39m[pid=11][tid=11][id=7][SYS_POLL][0m
[32m[     8.488][0m [34mINFO  [0m: [39m[0m[39m[pid=10][tid=10][id=1][SYS_WRITE][0m
[32m[     8.489][0m [34mINFO  [0m: [39m[0m[39m[pid=11][tid=11][id=0][SYS_READ][0m
[32m[     8.490][0m [34mINFO  [0m: [39m[0m[39m[pid=10][tid=10][id=7][SYS_POLL][0m
[32m[     8.491][0m [34mINFO  [0m: [39m[0m[39m[pid=11][tid=11][id=1][SYS_WRITE][0m
[32m[     8.492][0m [34mINFO  [0m: [39m[0m[39m[pid=10][tid=10][id=0][SYS_READ][0m
[32m[     8.493][0m [34mINFO  [0m: [39m[0m[39m[pid=10][tid=10][id=1][SYS_WRITE][0m
-c[32m[     8.494][0m [34mINFO  [0m: [39m[0m[39m[pid=11][tid=11][id=7][SYS_POLL][0m
[32m[     8.495][0m [34mINFO  [0m: [39m[0m[39m[pid=10][tid=10][id=1][SYS_WRITE][0m
[32m[     8.496][0m [34mINFO  [0m: [39m[0m[39m[pid=11][tid=11][id=0][SYS_READ][0m
[32m[     8.497][0m [34mINFO  [0m: [39m[0m[39m[pid=10][tid=10][id=0][SYS_READ][0m
[32m[     8.498][0m [34mINFO  [0m: [39m[0m[39m[pid=11][tid=11][id=1][SYS_WRITE][0m
[32m[     8.499][0m [34mINFO  [0m: [39m[0m[39m[pid=10][tid=10][id=1][SYS_WRITE][0m
[32m[     8.500][0m [34mINFO  [0m: [39m[0m[39m[pid=11][tid=11][id=7][SYS_POLL][0m
[32m[     8.501][0m [34mINFO  [0m: [39m[0m[39m[pid=10][tid=10][id=7][SYS_POLL][0m
[32m[     8.502][0m [34mINFO  [0m: [39m[0m[39m[pid=11][tid=11][id=0][SYS_READ][0m
[32m[     8.503][0m [34mINFO  [0m: [39m[0m[39m[pid=10][tid=10][id=0][SYS_READ][0m
[32m[     8.504][0m [34mINFO  [0m: [39m[0m[39m[pid=11][tid=11][id=1][SYS_WRITE][0m
[32m[     8.505][0m [34mINFO  [0m: [39m[0m[39m[pid=10][tid=10][id=1][SYS_WRITE][0m
 [32m[     8.506][0m [34mINFO  [0m: [39m[0m[39m[pid=11][tid=11][id=7][SYS_POLL][0m
[32m[     8.507][0m [34mINFO  [0m: [39m[0m[39m[pid=11][tid=11][id=0][SYS_READ][0m
[32m[     8.508][0m [34mINFO  [0m: [39m[0m[39m[pid=10][tid=10][id=1][SYS_WRITE][0m
[32m[     8.509][0m [34mINFO  [0m: [39m[0m[39m[pid=11][tid=11][id=1][SYS_WRITE][0m
[32m[     8.510][0m [34mINFO  [0m: [39m[0m[39m[pid=10][tid=10][id=7][SYS_POLL][0m
[32m[     8.511][0m [34mINFO  [0m: [39m[0m[39m[pid=11][tid=11][id=7][SYS_POLL][0m
[32m[     8.512][0m [34mINFO  [0m: [39m[0m[39m[pid=10][tid=10][id=0][SYS_READ][0m
[32m[     8.513][0m [34mINFO  [0m: [39m[0m[39m[pid=11][tid=11][id=0][SYS_READ][0m
[32m[     8.514][0m [34mINFO  [0m: [39m[0m[39m[pid=10][tid=10][id=1][SYS_WRITE][0m
'i[32m[     8.515][0m [34mINFO  [0m: [39m[0m[39m[pid=11][tid=11][id=1][SYS_WRITE][0m
[32m[     8.516][0m [34mINFO  [0m: [39m[0m[39m[pid=10][tid=10][id=1][SYS_WRITE][0m
[32m[     8.517][0m [34mINFO  [0m: [39m[0m[39m[pid=11][tid=11][id=7][SYS_POLL][0m
[32m[     8.518][0m [34mINFO  [0m: [39m[0m[39m[pid=10][tid=10][id=7][SYS_POLL][0m
[32m[     8.519][0m [34mINFO  [0m: [39m[0m[39m[pid=11][tid=11][id=0][SYS_READ][0m
[32m[     8.520][0m [34mINFO  [0m: [39m[0m[39m[pid=10][tid=10][id=0][SYS_READ][0m
[32m[     8.521][0m [34mINFO  [0m: [39m[0m[39m[pid=11][tid=11][id=1][SYS_WRITE][0m
[32m[     8.522][0m [34mINFO  [0m: [39m[0m[39m[pid=10][tid=10][id=1][SYS_WRITE][0m
f[32m[     8.523][0m [34mINFO  [0m: [39m[0m[39m[pid=10][tid=10][id=1][SYS_WRITE][0m
[32m[     8.524][0m [34mINFO  [0m: [39m[0m[39m[pid=11][tid=11][id=7][SYS_POLL][0m
[32m[     8.525][0m [34mINFO  [0m: [39m[0m[39m[pid=10][tid=10][id=7][SYS_POLL][0m
[32m[     8.526][0m [34mINFO  [0m: [39m[0m[39m[pid=11][tid=11][id=0][SYS_READ][0m
[32m[     8.527][0m [34mINFO  [0m: [39m[0m[39m[pid=10][tid=10][id=0][SYS_READ][0m
[32m[     8.528][0m [34mINFO  [0m: [39m[0m[39m[pid=11][tid=11][id=1][SYS_WRITE][0m
[32m[     8.529][0m [34mINFO  [0m: [39m[0m[39m[pid=10][tid=10][id=1][SYS_WRITE][0m
 [32m[     8.530][0m [34mINFO  [0m: [39m[0m[39m[pid=11][tid=11][id=7][SYS_POLL][0m
[32m[     8.531][0m [34mINFO  [0m: [39m[0m[39m[pid=10][tid=10][id=1][SYS_WRITE][0m
[32m[     8.532][0m [34mINFO  [0m: [39m[0m[39m[pid=11][tid=11][id=0][SYS_READ][0m
[32m[     8.533][0m [34mINFO  [0m: [39m[0m[39m[pid=10][tid=10][id=7][SYS_POLL][0m
[32m[     8.534][0m [34mINFO  [0m: [39m[0m[39m[pid=11][tid=11][id=1][SYS_WRITE][0m
[32m[     8.535][0m [34mINFO  [0m: [39m[0m[39m[pid=10][tid=10][id=0][SYS_READ][0m
[32m[     8.536][0m [34mINFO  [0m: [39m[0m[39m[pid=11][tid=11][id=7][SYS_POLL][0m
[32m[     8.537][0m [34mINFO  [0m: [39m[0m[39m[pid=10][tid=10][id=1][SYS_WRITE][0m
ec[32m[     8.538][0m [34mINFO  [0m: [39m[0m[39m[pid=11][tid=11][id=0][SYS_READ][0m
[32m[     8.539][0m [34mINFO  [0m: [39m[0m[39m[pid=11][tid=11][id=1][SYS_WRITE][0m
[32m[     8.540][0m [34mINFO  [0m: [39m[0m[39m[pid=10][tid=10][id=1][SYS_WRITE][0m
[32m[     8.541][0m [34mINFO  [0m: [39m[0m[39m[pid=11][tid=11][id=7][SYS_POLL][0m
[32m[     8.542][0m [34mINFO  [0m: [39m[0m[39m[pid=10][tid=10][id=7][SYS_POLL][0m
[32m[     8.543][0m [34mINFO  [0m: [39m[0m[39m[pid=11][tid=11][id=0][SYS_READ][0m
[32m[     8.544][0m [34mINFO  [0m: [39m[0m[39m[pid=11][tid=11][id=1][SYS_WRITE][0m
[32m[     8.545][0m [34mINFO  [0m: [39m[0m[39m[pid=10][tid=10][id=0][SYS_READ][0m
[32m[     8.546][0m [34mINFO  [0m: [39m[0m[39m[pid=10][tid=10][id=1][SYS_WRITE][0m
ho[32m[     8.547][0m [34mINFO  [0m: [39m[0m[39m[pid=11][tid=11][id=7][SYS_POLL][0m
[32m[     8.548][0m [34mINFO  [0m: [39m[0m[39m[pid=10][tid=10][id=1][SYS_WRITE][0m
[32m[     8.549][0m [34mINFO  [0m: [39m[0m[39m[pid=11][tid=11][id=0][SYS_READ][0m
[32m[     8.550][0m [34mINFO  [0m: [39m[0m[39m[pid=10][tid=10][id=7][SYS_POLL][0m
[32m[     8.551][0m [34mINFO  [0m: [39m[0m[39m[pid=11][tid=11][id=1][SYS_WRITE][0m
[32m[     8.552][0m [34mINFO  [0m: [39m[0m[39m[pid=11][tid=11][id=7][SYS_POLL][0m
[32m[     8.553][0m [34mINFO  [0m: [39m[0m[39m[pid=10][tid=10][id=0][SYS_READ][0m
[32m[     8.554][0m [34mINFO  [0m: [39m[0m[39m[pid=11][tid=11][id=0][SYS_READ][0m
[32m[     8.555][0m [34mINFO  [0m: [39m[0m[39m[pid=11][tid=11][id=1][SYS_WRITE][0m
[32m[     8.556][0m [34mINFO  [0m: [39m[0m[39m[pid=10][tid=10][id=1][SYS_WRITE][0m
 [32m[     8.557][0m [34mINFO  [0m: [39m[0m[39m[pid=11][tid=11][id=7][SYS_POLL][0m
[32m[     8.558][0m [34mINFO  [0m: [39m[0m[39m[pid=10][tid=10][id=1][SYS_WRITE][0m
[32m[     8.559][0m [34mINFO  [0m: [39m[0m[39m[pid=10][tid=10][id=7][SYS_POLL][0m
[32m[     8.560][0m [34mINFO  [0m: [39m[0m[39m[pid=11][tid=11][id=0][SYS_READ][0m
[32m[     8.561][0m [34mINFO  [0m: [39m[0m[39m[pid=10][tid=10][id=0][SYS_READ][0m
[32m[     8.562][0m [34mINFO  [0m: [39m[0m[39m[pid=11][tid=11][id=1][SYS_WRITE][0m
[32m[     8.563][0m [34mINFO  [0m: [39m[0m[39m[pid=10][tid=10][id=1][SYS_WRITE][0m
8[32m[     8.564][0m [34mINFO  [0m: [39m[0m[39m[pid=11][tid=11][id=7][SYS_POLL][0m
[32m[     8.565][0m [34mINFO  [0m: [39m[0m[39m[pid=10][tid=10][id=1][SYS_WRITE][0m
[32m[     8.566][0m [34mINFO  [0m: [39m[0m[39m[pid=11][tid=11][id=0][SYS_READ][0m
[32m[     8.567][0m [34mINFO  [0m: [39m[0m[39m[pid=10][tid=10][id=7][SYS_POLL][0m
[32m[     8.568][0m [34mINFO  [0m: [39m[0m[39m[pid=11][tid=11][id=1][SYS_WRITE][0m
[32m[     8.569][0m [34mINFO  [0m: [39m[0m[39m[pid=10][tid=10][id=0][SYS_READ][0m
[32m[     8.570][0m [34mINFO  [0m: [39m[0m[39m[pid=11][tid=11][id=7][SYS_POLL][0m
[32m[     8.571][0m [34mINFO  [0m: [39m[0m[39m[pid=11][tid=11][id=0][SYS_READ][0m
[32m[     8.572][0m [34mINFO  [0m: [39m[0m[39m[pid=10][tid=10][id=1][SYS_WRITE][0m
 >[32m[     8.573][0m [34mINFO  [0m: [39m[0m[39m[pid=11][tid=11][id=1][SYS_WRITE][0m
[32m[     8.574][0m [34mINFO  [0m: [39m[0m[39m[pid=10][tid=10][id=1][SYS_WRITE][0m
[32m[     8.575][0m [34mINFO  [0m: [39m[0m[39m[pid=11][tid=11][id=7][SYS_POLL][0m
[32m[     8.576][0m [34mINFO  [0m: [39m[0m[39m[pid=10][tid=10][id=7][SYS_POLL][0m
[32m[     8.577][0m [34mINFO  [0m: [39m[0m[39m[pid=11][tid=11][id=0][SYS_READ][0m
[32m[     8.578][0m [34mINFO  [0m: [39m[0m[39m[pid=10][tid=10][id=0][SYS_READ][0m
[32m[     8.579][0m [34mINFO  [0m: [39m[0m[39m[pid=11][tid=11][id=1][SYS_WRITE][0m
[32m[     8.580][0m [34mINFO  [0m: [39m[0m[39m[pid=10][tid=10][id=1][SYS_WRITE][0m
 [32m[     8.581][0m [34mINFO  [0m: [39m[0m[39m[pid=11][tid=11][id=7][SYS_POLL][0m
[32m[     8.582][0m [34mINFO  [0m: [39m[0m[39m[pid=10][tid=10][id=1][SYS_WRITE][0m
[32m[     8.583][0m [34mINFO  [0m: [39m[0m[39m[pid=11][tid=11][id=0][SYS_READ][0m
[32m[     8.584][0m [34mINFO  [0m: [39m[0m[39m[pid=10][tid=10][id=7][SYS_POLL][0m
[32m[     8.585][0m [34mINFO  [0m: [39m[0m[39m[pid=11][tid=11][id=1][SYS_WRITE][0m
[32m[     8.586][0m [34mINFO  [0m: [39m[0m[39m[pid=10][tid=10][id=0][SYS_READ][0m
[32m[     8.587][0m [34mINFO  [0m: [39m[0m[39m[pid=11][tid=11][id=7][SYS_POLL][0m
[32m[     8.588][0m [34mINFO  [0m: [39m[0m[39m[pid=10][tid=10][id=1][SYS_WRITE][0m
/s[32m[     8.589][0m [34mINFO  [0m: [39m[0m[39m[pid=10][tid=10][id=1][SYS_WRITE][0m
[32m[     8.590][0m [34mINFO  [0m: [39m[0m[39m[pid=11][tid=11][id=0][SYS_READ][0m
[32m[     8.591][0m [34mINFO  [0m: [39m[0m[39m[pid=10][tid=10][id=7][SYS_POLL][0m
[32m[     8.592][0m [34mINFO  [0m: [39m[0m[39m[pid=11][tid=11][id=1][SYS_WRITE][0m
[32m[     8.593][0m [34mINFO  [0m: [39m[0m[39m[pid=11][tid=11][id=7][SYS_POLL][0m
[32m[     8.594][0m [34mINFO  [0m: [39m[0m[39m[pid=10][tid=10][id=0][SYS_READ][0m
[32m[     8.595][0m [34mINFO  [0m: [39m[0m[39m[pid=11][tid=11][id=0][SYS_READ][0m
[32m[     8.596][0m [34mINFO  [0m: [39m[0m[39m[pid=10][tid=10][id=1][SYS_WRITE][0m
y[32m[     8.597][0m [34mINFO  [0m: [39m[0m[39m[pid=10][tid=10][id=1][SYS_WRITE][0m
[32m[     8.598][0m [34mINFO  [0m: [39m[0m[39m[pid=11][tid=11][id=1][SYS_WRITE][0m
[32m[     8.599][0m [34mINFO  [0m: [39m[0m[39m[pid=10][tid=10][id=7][SYS_POLL][0m
[32m[     8.600][0m [34mINFO  [0m: [39m[0m[39m[pid=11][tid=11][id=7][SYS_POLL][0m
[32m[     8.601][0m [34mINFO  [0m: [39m[0m[39m[pid=10][tid=10][id=0][SYS_READ][0m
[32m[     8.602][0m [34mINFO  [0m: [39m[0m[39m[pid=11][tid=11][id=0][SYS_READ][0m
[32m[     8.603][0m [34mINFO  [0m: [39m[0m[39m[pid=10][tid=10][id=1][SYS_WRITE][0m
s[32m[     8.604][0m [34mINFO  [0m: [39m[0m[39m[pid=11][tid=11][id=1][SYS_WRITE][0m
[32m[     8.605][0m [34mINFO  [0m: [39m[0m[39m[pid=10][tid=10][id=1][SYS_WRITE][0m
[32m[     8.606][0m [34mINFO  [0m: [39m[0m[39m[pid=11][tid=11][id=7][SYS_POLL][0m
[32m[     8.607][0m [34mINFO  [0m: [39m[0m[39m[pid=11][tid=11][id=0][SYS_READ][0m
[32m[     8.608][0m [34mINFO  [0m: [39m[0m[39m[pid=10][tid=10][id=7][SYS_POLL][0m
[32m[     8.609][0m [34mINFO  [0m: [39m[0m[39m[pid=11][tid=11][id=1][SYS_WRITE][0m
[32m[     8.610][0m [34mINFO  [0m: [39m[0m[39m[pid=10][tid=10][id=0][SYS_READ][0m
[32m[     8.611][0m [34mINFO  [0m: [39m[0m[39m[pid=10][tid=10][id=1][SYS_WRITE][0m
/p[32m[     8.612][0m [34mINFO  [0m: [39m[0m[39m[pid=11][tid=11][id=7][SYS_POLL][0m
[32m[     8.613][0m [34mINFO  [0m: [39m[0m[39m[pid=10][tid=10][id=1][SYS_WRITE][0m
[32m[     8.614][0m [34mINFO  [0m: [39m[0m[39m[pid=11][tid=11][id=0][SYS_READ][0m
[32m[     8.615][0m [34mINFO  [0m: [39m[0m[39m[pid=11][tid=11][id=1][SYS_WRITE][0m
[32m[     8.616][0m [34mINFO  [0m: [39m[0m[39m[pid=10][tid=10][id=7][SYS_POLL][0m
[32m[     8.617][0m [34mINFO  [0m: [39m[0m[39m[pid=11][tid=11][id=7][SYS_POLL][0m
[32m[     8.618][0m [34mINFO  [0m: [39m[0m[39m[pid=10][tid=10][id=0][SYS_READ][0m
[32m[     8.619][0m [34mINFO  [0m: [39m[0m[39m[pid=11][tid=11][id=0][SYS_READ][0m
[32m[     8.620][0m [34mINFO  [0m: [39m[0m[39m[pid=10][tid=10][id=1][SYS_WRITE][0m
v[32m[     8.621][0m [34mINFO  [0m: [39m[0m[39m[pid=11][tid=11][id=1][SYS_WRITE][0m
[32m[     8.622][0m [34mINFO  [0m: [39m[0m[39m[pid=10][tid=10][id=1][SYS_WRITE][0m
[32m[     8.623][0m [34mINFO  [0m: [39m[0m[39m[pid=11][tid=11][id=7][SYS_POLL][0m
[32m[     8.624][0m [34mINFO  [0m: [39m[0m[39m[pid=10][tid=10][id=7][SYS_POLL][0m
[32m[     8.625][0m [34mINFO  [0m: [39m[0m[39m[pid=11][tid=11][id=0][SYS_READ][0m
[32m[     8.626][0m [34mINFO  [0m: [39m[0m[39m[pid=10][tid=10][id=0][SYS_READ][0m
[32m[     8.627][0m [34mINFO  [0m: [39m[0m[39m[pid=11][tid=11][id=1][SYS_WRITE][0m
[32m[     8.628][0m [34mINFO  [0m: [39m[0m[39m[pid=10][tid=10][id=1][SYS_WRITE][0m
p[32m[     8.629][0m [34mINFO  [0m: [39m[0m[39m[pid=10][tid=10][id=1][SYS_WRITE][0m
[32m[     8.630][0m [34mINFO  [0m: [39m[0m[39m[pid=11][tid=11][id=7][SYS_POLL][0m
[32m[     8.631][0m [34mINFO  [0m: [39m[0m[39m[pid=10][tid=10][id=7][SYS_POLL][0m
[32m[     8.632][0m [34mINFO  [0m: [39m[0m[39m[pid=11][tid=11][id=0][SYS_READ][0m
[32m[     8.633][0m [34mINFO  [0m: [39m[0m[39m[pid=10][tid=10][id=0][SYS_READ][0m
[32m[     8.634][0m [34mINFO  [0m: [39m[0m[39m[pid=11][tid=11][id=1][SYS_WRITE][0m
[32m[     8.635][0m [34mINFO  [0m: [39m[0m[39m[pid=10][tid=10][id=1][SYS_WRITE][0m
a[32m[     8.636][0m [34mINFO  [0m: [39m[0m[39m[pid=11][tid=11][id=7][SYS_POLL][0m
[32m[     8.637][0m [34mINFO  [0m: [39m[0m[39m[pid=10][tid=10][id=1][SYS_WRITE][0m
[32m[     8.638][0m [34mINFO  [0m: [39m[0m[39m[pid=11][tid=11][id=0][SYS_READ][0m
[32m[     8.639][0m [34mINFO  [0m: [39m[0m[39m[pid=11][tid=11][id=1][SYS_WRITE][0m
[32m[     8.640][0m [34mINFO  [0m: [39m[0m[39m[pid=10][tid=10][id=7][SYS_POLL][0m
[32m[     8.641][0m [34mINFO  [0m: [39m[0m[39m[pid=11][tid=11][id=7][SYS_POLL][0m
[32m[     8.642][0m [34mINFO  [0m: [39m[0m[39m[pid=11][tid=11][id=0][SYS_READ][0m
[32m[     8.643][0m [34mINFO  [0m: [39m[0m[39m[pid=10][tid=10][id=0][SYS_READ][0m
[32m[     8.644][0m [34mINFO  [0m: [39m[0m[39m[pid=11][tid=11][id=1][SYS_WRITE][0m
[32m[     8.645][0m [34mINFO  [0m: [39m[0m[39m[pid=10][tid=10][id=1][SYS_WRITE][0m
ni[32m[     8.646][0m [34mINFO  [0m: [39m[0m[39m[pid=10][tid=10][id=1][SYS_WRITE][0m
[32m[     8.647][0m [34mINFO  [0m: [39m[0m[39m[pid=11][tid=11][id=7][SYS_POLL][0m
[32m[     8.648][0m [34mINFO  [0m: [39m[0m[39m[pid=10][tid=10][id=7][SYS_POLL][0m
[32m[     8.649][0m [34mINFO  [0m: [39m[0m[39m[pid=11][tid=11][id=0][SYS_READ][0m
[32m[     8.650][0m [34mINFO  [0m: [39m[0m[39m[pid=10][tid=10][id=0][SYS_READ][0m
[32m[     8.651][0m [34mINFO  [0m: [39m[0m[39m[pid=11][tid=11][id=1][SYS_WRITE][0m
[32m[     8.652][0m [34mINFO  [0m: [39m[0m[39m[pid=10][tid=10][id=1][SYS_WRITE][0m
c[32m[     8.653][0m [34mINFO  [0m: [39m[0m[39m[pid=11][tid=11][id=7][SYS_POLL][0m
[32m[     8.654][0m [34mINFO  [0m: [39m[0m[39m[pid=10][tid=10][id=1][SYS_WRITE][0m
[32m[     8.655][0m [34mINFO  [0m: [39m[0m[39m[pid=11][tid=11][id=0][SYS_READ][0m
[32m[     8.656][0m [34mINFO  [0m: [39m[0m[39m[pid=10][tid=10][id=7][SYS_POLL][0m
[32m[     8.657][0m [34mINFO  [0m: [39m[0m[39m[pid=10][tid=10][id=0][SYS_READ][0m
[32m[     8.658][0m [34mINFO  [0m: [39m[0m[39m[pid=11][tid=11][id=1][SYS_WRITE][0m
[32m[     8.659][0m [34mINFO  [0m: [39m[0m[39m[pid=10][tid=10][id=1][SYS_WRITE][0m
/[32m[     8.660][0m [34mINFO  [0m: [39m[0m[39m[pid=11][tid=11][id=7][SYS_POLL][0m
[32m[     8.661][0m [34mINFO  [0m: [39m[0m[39m[pid=11][tid=11][id=0][SYS_READ][0m
[32m[     8.662][0m [34mINFO  [0m: [39m[0m[39m[pid=10][tid=10][id=1][SYS_WRITE][0m
[32m[     8.663][0m [34mINFO  [0m: [39m[0m[39m[pid=11][tid=11][id=1][SYS_WRITE][0m
[32m[     8.664][0m [34mINFO  [0m: [39m[0m[39m[pid=10][tid=10][id=7][SYS_POLL][0m
[32m[     8.665][0m [34mINFO  [0m: [39m[0m[39m[pid=11][tid=11][id=7][SYS_POLL][0m
[32m[     8.666][0m [34mINFO  [0m: [39m[0m[39m[pid=10][tid=10][id=0][SYS_READ][0m
[32m[     8.667][0m [34mINFO  [0m: [39m[0m[39m[pid=10][tid=10][id=1][SYS_WRITE][0m
ev[32m[     8.668][0m [34mINFO  [0m: [39m[0m[39m[pid=11][tid=11][id=0][SYS_READ][0m
[32m[     8.669][0m [34mINFO  [0m: [39m[0m[39m[pid=10][tid=10][id=1][SYS_WRITE][0m
[32m[     8.670][0m [34mINFO  [0m: [39m[0m[39m[pid=11][tid=11][id=1][SYS_WRITE][0m
[32m[     8.671][0m [34mINFO  [0m: [39m[0m[39m[pid=10][tid=10][id=7][SYS_POLL][0m
[32m[     8.672][0m [34mINFO  [0m: [39m[0m[39m[pid=11][tid=11][id=7][SYS_POLL][0m
[32m[     8.673][0m [34mINFO  [0m: [39m[0m[39m[pid=10][tid=10][id=0][SYS_READ][0m
[32m[     8.674][0m [34mINFO  [0m: [39m[0m[39m[pid=11][tid=11][id=0][SYS_READ][0m
[32m[     8.675][0m [34mINFO  [0m: [39m[0m[39m[pid=10][tid=10][id=1][SYS_WRITE][0m
e[32m[     8.676][0m [34mINFO  [0m: [39m[0m[39m[pid=11][tid=11][id=1][SYS_WRITE][0m
[32m[     8.677][0m [34mINFO  [0m: [39m[0m[39m[pid=10][tid=10][id=1][SYS_WRITE][0m
[32m[     8.678][0m [34mINFO  [0m: [39m[0m[39m[pid=11][tid=11][id=7][SYS_POLL][0m
[32m[     8.679][0m [34mINFO  [0m: [39m[0m[39m[pid=10][tid=10][id=7][SYS_POLL][0m
[32m[     8.680][0m [34mINFO  [0m: [39m[0m[39m[pid=11][tid=11][id=0][SYS_READ][0m
[32m[     8.681][0m [34mINFO  [0m: [39m[0m[39m[pid=11][tid=11][id=1][SYS_WRITE][0m
[32m[     8.682][0m [34mINFO  [0m: [39m[0m[39m[pid=10][tid=10][id=0][SYS_READ][0m
[32m[     8.683][0m [34mINFO  [0m: [39m[0m[39m[pid=10][tid=10][id=1][SYS_WRITE][0m
nt[32m[     8.684][0m [34mINFO  [0m: [39m[0m[39m[pid=11][tid=11][id=7][SYS_POLL][0m
[32m[     8.685][0m [34mINFO  [0m: [39m[0m[39m[pid=10][tid=10][id=1][SYS_WRITE][0m
[32m[     8.686][0m [34mINFO  [0m: [39m[0m[39m[pid=11][tid=11][id=0][SYS_READ][0m
[32m[     8.687][0m [34mINFO  [0m: [39m[0m[39m[pid=10][tid=10][id=7][SYS_POLL][0m
[32m[     8.688][0m [34mINFO  [0m: [39m[0m[39m[pid=11][tid=11][id=1][SYS_WRITE][0m
[32m[     8.689][0m [34mINFO  [0m: [39m[0m[39m[pid=11][tid=11][id=7][SYS_POLL][0m
[32m[     8.690][0m [34mINFO  [0m: [39m[0m[39m[pid=10][tid=10][id=0][SYS_READ][0m
[32m[     8.691][0m [34mINFO  [0m: [39m[0m[39m[pid=11][tid=11][id=0][SYS_READ][0m
[32m[     8.692][0m [34mINFO  [0m: [39m[0m[39m[pid=10][tid=10][id=1][SYS_WRITE][0m
s[32m[     8.693][0m [34mINFO  [0m: [39m[0m[39m[pid=11][tid=11][id=1][SYS_WRITE][0m
[32m[     8.694][0m [34mINFO  [0m: [39m[0m[39m[pid=10][tid=10][id=1][SYS_WRITE][0m
[32m[     8.695][0m [34mINFO  [0m: [39m[0m[39m[pid=11][tid=11][id=7][SYS_POLL][0m
[32m[     8.696][0m [34mINFO  [0m: [39m[0m[39m[pid=11][tid=11][id=0][SYS_READ][0m
[32m[     8.697][0m [34mINFO  [0m: [39m[0m[39m[pid=10][tid=10][id=7][SYS_POLL][0m
[32m[     8.698][0m [34mINFO  [0m: [39m[0m[39m[pid=10][tid=10][id=0][SYS_READ][0m
[32m[     8.699][0m [34mINFO  [0m: [39m[0m[39m[pid=11][tid=11][id=1][SYS_WRITE][0m
[32m[     8.700][0m [34mINFO  [0m: [39m[0m[39m[pid=11][tid=11][id=7][SYS_POLL][0m
[32m[     8.701][0m [34mINFO  [0m: [39m[0m[39m[pid=10][tid=10][id=1][SYS_WRITE][0m
;[32m[     8.702][0m [34mINFO  [0m: [39m[0m[39m[pid=10][tid=10][id=1][SYS_WRITE][0m
[32m[     8.703][0m [34mINFO  [0m: [39m[0m[39m[pid=11][tid=11][id=0][SYS_READ][0m
[32m[     8.704][0m [34mINFO  [0m: [39m[0m[39m[pid=10][tid=10][id=7][SYS_POLL][0m
[32m[     8.705][0m [34mINFO  [0m: [39m[0m[39m[pid=11][tid=11][id=1][SYS_WRITE][0m
[32m[     8.706][0m [34mINFO  [0m: [39m[0m[39m[pid=10][tid=10][id=0][SYS_READ][0m
[32m[     8.707][0m [34mINFO  [0m: [39m[0m[39m[pid=11][tid=11][id=7][SYS_POLL][0m
[32m[     8.708][0m [34mINFO  [0m: [39m[0m[39m[pid=11][tid=11][id=0][SYS_READ][0m
[32m[     8.709][0m [34mINFO  [0m: [39m[0m[39m[pid=10][tid=10][id=1][SYS_WRITE][0m
 t[32m[     8.710][0m [34mINFO  [0m: [39m[0m[39m[pid=11][tid=11][id=1][SYS_WRITE][0m
[32m[     8.711][0m [34mINFO  [0m: [39m[0m[39m[pid=10][tid=10][id=1][SYS_WRITE][0m
[32m[     8.712][0m [34mINFO  [0m: [39m[0m[39m[pid=10][tid=10][id=7][SYS_POLL][0m
[32m[     8.713][0m [34mINFO  [0m: [39m[0m[39m[pid=11][tid=11][id=7][SYS_POLL][0m
[32m[     8.714][0m [34mINFO  [0m: [39m[0m[39m[pid=10][tid=10][id=0][SYS_READ][0m
[32m[     8.715][0m [34mINFO  [0m: [39m[0m[39m[pid=11][tid=11][id=0][SYS_READ][0m
[32m[     8.716][0m [34mINFO  [0m: [39m[0m[39m[pid=10][tid=10][id=1][SYS_WRITE][0m
h[32m[     8.717][0m [34mINFO  [0m: [39m[0m[39m[pid=11][tid=11][id=1][SYS_WRITE][0m
[32m[     8.718][0m [34mINFO  [0m: [39m[0m[39m[pid=10][tid=10][id=1][SYS_WRITE][0m
[32m[     8.719][0m [34mINFO  [0m: [39m[0m[39m[pid=10][tid=10][id=7][SYS_POLL][0m
[32m[     8.720][0m [34mINFO  [0m: [39m[0m[39m[pid=11][tid=11][id=7][SYS_POLL][0m
[32m[     8.721][0m [34mINFO  [0m: [39m[0m[39m[pid=11][tid=11][id=0][SYS_READ][0m
[32m[     8.722][0m [34mINFO  [0m: [39m[0m[39m[pid=10][tid=10][id=0][SYS_READ][0m
[32m[     8.723][0m [34mINFO  [0m: [39m[0m[39m[pid=11][tid=11][id=1][SYS_WRITE][0m
[32m[     8.724][0m [34mINFO  [0m: [39m[0m[39m[pid=10][tid=10][id=1][SYS_WRITE][0m
e[32m[     8.725][0m [34mINFO  [0m: [39m[0m[39m[pid=11][tid=11][id=7][SYS_POLL][0m
[32m[     8.726][0m [34mINFO  [0m: [39m[0m[39m[pid=10][tid=10][id=1][SYS_WRITE][0m
[32m[     8.727][0m [34mINFO  [0m: [39m[0m[39m[pid=11][tid=11][id=0][SYS_READ][0m
[32m[     8.728][0m [34mINFO  [0m: [39m[0m[39m[pid=10][tid=10][id=7][SYS_POLL][0m
[32m[     8.729][0m [34mINFO  [0m: [39m[0m[39m[pid=11][tid=11][id=1][SYS_WRITE][0m
[32m[     8.730][0m [34mINFO  [0m: [39m[0m[39m[pid=10][tid=10][id=0][SYS_READ][0m
[32m[     8.731][0m [34mINFO  [0m: [39m[0m[39m[pid=11][tid=11][id=7][SYS_POLL][0m
[32m[     8.732][0m [34mINFO  [0m: [39m[0m[39m[pid=11][tid=11][id=0][SYS_READ][0m
[32m[     8.733][0m [34mINFO  [0m: [39m[0m[39m[pid=10][tid=10][id=1][SYS_WRITE][0m
n [32m[     8.734][0m [34mINFO  [0m: [39m[0m[39m[pid=11][tid=11][id=1][SYS_WRITE][0m
[32m[     8.735][0m [34mINFO  [0m: [39m[0m[39m[pid=10][tid=10][id=1][SYS_WRITE][0m
[32m[     8.736][0m [34mINFO  [0m: [39m[0m[39m[pid=11][tid=11][id=7][SYS_POLL][0m
[32m[     8.737][0m [34mINFO  [0m: [39m[0m[39m[pid=10][tid=10][id=7][SYS_POLL][0m
[32m[     8.738][0m [34mINFO  [0m: [39m[0m[39m[pid=11][tid=11][id=0][SYS_READ][0m
[32m[     8.739][0m [34mINFO  [0m: [39m[0m[39m[pid=10][tid=10][id=0][SYS_READ][0m
[32m[     8.740][0m [34mINFO  [0m: [39m[0m[39m[pid=10][tid=10][id=1][SYS_WRITE][0m
e[32m[     8.741][0m [34mINFO  [0m: [39m[0m[39m[pid=11][tid=11][id=1][SYS_WRITE][0m
[32m[     8.742][0m [34mINFO  [0m: [39m[0m[39m[pid=10][tid=10][id=1][SYS_WRITE][0m
[32m[     8.743][0m [34mINFO  [0m: [39m[0m[39m[pid=11][tid=11][id=7][SYS_POLL][0m
[32m[     8.744][0m [34mINFO  [0m: [39m[0m[39m[pid=10][tid=10][id=7][SYS_POLL][0m
[32m[     8.745][0m [34mINFO  [0m: [39m[0m[39m[pid=11][tid=11][id=0][SYS_READ][0m
[32m[     8.746][0m [34mINFO  [0m: [39m[0m[39m[pid=10][tid=10][id=0][SYS_READ][0m
[32m[     8.747][0m [34mINFO  [0m: [39m[0m[39m[pid=10][tid=10][id=1][SYS_WRITE][0m
x[32m[     8.748][0m [34mINFO  [0m: [39m[0m[39m[pid=11][tid=11][id=1][SYS_WRITE][0m
[32m[     8.749][0m [34mINFO  [0m: [39m[0m[39m[pid=11][tid=11][id=7][SYS_POLL][0m
[32m[     8.750][0m [34mINFO  [0m: [39m[0m[39m[pid=10][tid=10][id=1][SYS_WRITE][0m
[32m[     8.751][0m [34mINFO  [0m: [39m[0m[39m[pid=11][tid=11][id=0][SYS_READ][0m
[32m[     8.752][0m [34mINFO  [0m: [39m[0m[39m[pid=11][tid=11][id=1][SYS_WRITE][0m
[32m[     8.753][0m [34mINFO  [0m: [39m[0m[39m[pid=10][tid=10][id=7][SYS_POLL][0m
[32m[     8.754][0m [34mINFO  [0m: [39m[0m[39m[pid=10][tid=10][id=0][SYS_READ][0m
[32m[     8.755][0m [34mINFO  [0m: [39m[0m[39m[pid=11][tid=11][id=7][SYS_POLL][0m
[32m[     8.756][0m [34mINFO  [0m: [39m[0m[39m[pid=10][tid=10][id=1][SYS_WRITE][0m
it[32m[     8.757][0m [34mINFO  [0m: [39m[0m[39m[pid=11][tid=11][id=0][SYS_READ][0m
[32m[     8.758][0m [34mINFO  [0m: [39m[0m[39m[pid=10][tid=10][id=1][SYS_WRITE][0m
[32m[     8.759][0m [34mINFO  [0m: [39m[0m[39m[pid=11][tid=11][id=1][SYS_WRITE][0m
[32m[     8.760][0m [34mINFO  [0m: [39m[0m[39m[pid=10][tid=10][id=7][SYS_POLL][0m
[32m[     8.761][0m [34mINFO  [0m: [39m[0m[39m[pid=11][tid=11][id=7][SYS_POLL][0m
[32m[     8.762][0m [34mINFO  [0m: [39m[0m[39m[pid=10][tid=10][id=0][SYS_READ][0m
[32m[     8.763][0m [34mINFO  [0m: [39m[0m[39m[pid=11][tid=11][id=0][SYS_READ][0m
[32m[     8.764][0m [34mINFO  [0m: [39m[0m[39m[pid=10][tid=10][id=1][SYS_WRITE][0m
 [32m[     8.765][0m [34mINFO  [0m: [39m[0m[39m[pid=11][tid=11][id=1][SYS_WRITE][0m
[32m[     8.766][0m [34mINFO  [0m: [39m[0m[39m[pid=10][tid=10][id=1][SYS_WRITE][0m
[32m[     8.767][0m [34mINFO  [0m: [39m[0m[39m[pid=11][tid=11][id=7][SYS_POLL][0m
[32m[     8.768][0m [34mINFO  [0m: [39m[0m[39m[pid=11][tid=11][id=0][SYS_READ][0m
[32m[     8.769][0m [34mINFO  [0m: [39m[0m[39m[pid=10][tid=10][id=7][SYS_POLL][0m
[32m[     8.770][0m [34mINFO  [0m: [39m[0m[39m[pid=11][tid=11][id=1][SYS_WRITE][0m
[32m[     8.771][0m [34mINFO  [0m: [39m[0m[39m[pid=10][tid=10][id=0][SYS_READ][0m
[32m[     8.772][0m [34mINFO  [0m: [39m[0m[39m[pid=11][tid=11][id=7][SYS_POLL][0m
[32m[     8.773][0m [34mINFO  [0m: [39m[0m[39m[pid=10][tid=10][id=1][SYS_WRITE][0m
1;[32m[     8.774][0m [34mINFO  [0m: [39m[0m[39m[pid=11][tid=11][id=0][SYS_READ][0m
[32m[     8.775][0m [34mINFO  [0m: [39m[0m[39m[pid=10][tid=10][id=1][SYS_WRITE][0m
[32m[     8.776][0m [34mINFO  [0m: [39m[0m[39m[pid=11][tid=11][id=1][SYS_WRITE][0m
[32m[     8.777][0m [34mINFO  [0m: [39m[0m[39m[pid=10][tid=10][id=7][SYS_POLL][0m
[32m[     8.778][0m [34mINFO  [0m: [39m[0m[39m[pid=11][tid=11][id=7][SYS_POLL][0m
[32m[     8.779][0m [34mINFO  [0m: [39m[0m[39m[pid=10][tid=10][id=0][SYS_READ][0m
[32m[     8.780][0m [34mINFO  [0m: [39m[0m[39m[pid=11][tid=11][id=0][SYS_READ][0m
[32m[     8.781][0m [34mINFO  [0m: [39m[0m[39m[pid=10][tid=10][id=1][SYS_WRITE][0m
 [32m[     8.782][0m [34mINFO  [0m: [39m[0m[39m[pid=11][tid=11][id=1][SYS_WRITE][0m
[32m[     8.783][0m [34mINFO  [0m: [39m[0m[39m[pid=10][tid=10][id=1][SYS_WRITE][0m
[32m[     8.784][0m [34mINFO  [0m: [39m[0m[39m[pid=11][tid=11][id=7][SYS_POLL][0m
[32m[     8.785][0m [34mINFO  [0m: [39m[0m[39m[pid=10][tid=10][id=7][SYS_POLL][0m
[32m[     8.786][0m [34mINFO  [0m: [39m[0m[39m[pid=11][tid=11][id=0][SYS_READ][0m
[32m[     8.787][0m [34mINFO  [0m: [39m[0m[39m[pid=10][tid=10][id=0][SYS_READ][0m
[32m[     8.788][0m [34mINFO  [0m: [39m[0m[39m[pid=11][tid=11][id=1][SYS_WRITE][0m
[32m[     8.789][0m [34mINFO  [0m: [39m[0m[39m[pid=10][tid=10][id=1][SYS_WRITE][0m
e[32m[     8.790][0m [34mINFO  [0m: [39m[0m[39m[pid=10][tid=10][id=1][SYS_WRITE][0m
[32m[     8.791][0m [34mINFO  [0m: [39m[0m[39m[pid=11][tid=11][id=7][SYS_POLL][0m
[32m[     8.792][0m [34mINFO  [0m: [39m[0m[39m[pid=10][tid=10][id=7][SYS_POLL][0m
[32m[     8.793][0m [34mINFO  [0m: [39m[0m[39m[pid=11][tid=11][id=0][SYS_READ][0m
[32m[     8.794][0m [34mINFO  [0m: [39m[0m[39m[pid=11][tid=11][id=1][SYS_WRITE][0m
[32m[     8.795][0m [34mINFO  [0m: [39m[0m[39m[pid=10][tid=10][id=0][SYS_READ][0m
[32m[     8.796][0m [34mINFO  [0m: [39m[0m[39m[pid=11][tid=11][id=7][SYS_POLL][0m
[32m[     8.797][0m [34mINFO  [0m: [39m[0m[39m[pid=10][tid=10][id=1][SYS_WRITE][0m
ls[32m[     8.798][0m [34mINFO  [0m: [39m[0m[39m[pid=11][tid=11][id=0][SYS_READ][0m
[32m[     8.799][0m [34mINFO  [0m: [39m[0m[39m[pid=11][tid=11][id=1][SYS_WRITE][0m
[32m[     8.800][0m [34mINFO  [0m: [39m[0m[39m[pid=10][tid=10][id=1][SYS_WRITE][0m
[32m[     8.801][0m [34mINFO  [0m: [39m[0m[39m[pid=11][tid=11][id=7][SYS_POLL][0m
[32m[     8.802][0m [34mINFO  [0m: [39m[0m[39m[pid=10][tid=10][id=7][SYS_POLL][0m
[32m[     8.803][0m [34mINFO  [0m: [39m[0m[39m[pid=11][tid=11][id=0][SYS_READ][0m
[32m[     8.804][0m [34mINFO  [0m: [39m[0m[39m[pid=10][tid=10][id=0][SYS_READ][0m
[32m[     8.805][0m [34mINFO  [0m: [39m[0m[39m[pid=11][tid=11][id=1][SYS_WRITE][0m
[32m[     8.806][0m [34mINFO  [0m: [39m[0m[39m[pid=10][tid=10][id=1][SYS_WRITE][0m
e[32m[     8.807][0m [34mINFO  [0m: [39m[0m[39m[pid=11][tid=11][id=7][SYS_POLL][0m
[32m[     8.808][0m [34mINFO  [0m: [39m[0m[39m[pid=10][tid=10][id=1][SYS_WRITE][0m
[32m[     8.809][0m [34mINFO  [0m: [39m[0m[39m[pid=11][tid=11][id=0][SYS_READ][0m
[32m[     8.810][0m [34mINFO  [0m: [39m[0m[39m[pid=10][tid=10][id=7][SYS_POLL][0m
[32m[     8.811][0m [34mINFO  [0m: [39m[0m[39m[pid=11][tid=11][id=1][SYS_WRITE][0m
[32m[     8.812][0m [34mINFO  [0m: [39m[0m[39m[pid=10][tid=10][id=0][SYS_READ][0m
[32m[     8.813][0m [34mINFO  [0m: [39m[0m[39m[pid=11][tid=11][id=7][SYS_POLL][0m
[32m[     8.814][0m [34mINFO  [0m: [39m[0m[39m[pid=10][tid=10][id=1][SYS_WRITE][0m
 t[32m[     8.815][0m [34mINFO  [0m: [39m[0m[39m[pid=11][tid=11][id=0][SYS_READ][0m
[32m[     8.816][0m [34mINFO  [0m: [39m[0m[39m[pid=10][tid=10][id=1][SYS_WRITE][0m
[32m[     8.817][0m [34mINFO  [0m: [39m[0m[39m[pid=11][tid=11][id=1][SYS_WRITE][0m
[32m[     8.818][0m [34mINFO  [0m: [39m[0m[39m[pid=10][tid=10][id=7][SYS_POLL][0m
[32m[     8.819][0m [34mINFO  [0m: [39m[0m[39m[pid=11][tid=11][id=7][SYS_POLL][0m
[32m[     8.820][0m [34mINFO  [0m: [39m[0m[39m[pid=10][tid=10][id=0][SYS_READ][0m
[32m[     8.821][0m [34mINFO  [0m: [39m[0m[39m[pid=10][tid=10][id=1][SYS_WRITE][0m
e[32m[     8.822][0m [34mINFO  [0m: [39m[0m[39m[pid=11][tid=11][id=0][SYS_READ][0m
[32m[     8.823][0m [34mINFO  [0m: [39m[0m[39m[pid=10][tid=10][id=1][SYS_WRITE][0m
[32m[     8.824][0m [34mINFO  [0m: [39m[0m[39m[pid=10][tid=10][id=7][SYS_POLL][0m
[32m[     8.825][0m [34mINFO  [0m: [39m[0m[39m[pid=11][tid=11][id=1][SYS_WRITE][0m
[32m[     8.826][0m [34mINFO  [0m: [39m[0m[39m[pid=11][tid=11][id=7][SYS_POLL][0m
[32m[     8.827][0m [34mINFO  [0m: [39m[0m[39m[pid=10][tid=10][id=0][SYS_READ][0m
[32m[     8.828][0m [34mINFO  [0m: [39m[0m[39m[pid=11][tid=11][id=0][SYS_READ][0m
[32m[     8.829][0m [34mINFO  [0m: [39m[0m[39m[pid=10][tid=10][id=1][SYS_WRITE][0m
s[32m[     8.830][0m [34mINFO  [0m: [39m[0m[39m[pid=11][tid=11][id=1][SYS_WRITE][0m
[32m[     8.831][0m [34mINFO  [0m: [39m[0m[39m[pid=10][tid=10][id=1][SYS_WRITE][0m
[32m[     8.832][0m [34mINFO  [0m: [39m[0m[39m[pid=11][tid=11][id=7][SYS_POLL][0m
[32m[     8.833][0m [34mINFO  [0m: [39m[0m[39m[pid=10][tid=10][id=7][SYS_POLL][0m
[32m[     8.834][0m [34mINFO  [0m: [39m[0m[39m[pid=11][tid=11][id=0][SYS_READ][0m
[32m[     8.835][0m [34mINFO  [0m: [39m[0m[39m[pid=11][tid=11][id=1][SYS_WRITE][0m
[32m[     8.836][0m [34mINFO  [0m: [39m[0m[39m[pid=10][tid=10][id=0][SYS_READ][0m
[32m[     8.837][0m [34mINFO  [0m: [39m[0m[39m[pid=11][tid=11][id=7][SYS_POLL][0m
[32m[     8.838][0m [34mINFO  [0m: [39m[0m[39m[pid=10][tid=10][id=1][SYS_WRITE][0m
t [32m[     8.839][0m [34mINFO  [0m: [39m[0m[39m[pid=11][tid=11][id=0][SYS_READ][0m
[32m[     8.840][0m [34mINFO  [0m: [39m[0m[39m[pid=10][tid=10][id=1][SYS_WRITE][0m
[32m[     8.841][0m [34mINFO  [0m: [39m[0m[39m[pid=10][tid=10][id=7][SYS_POLL][0m
[32m[     8.842][0m [34mINFO  [0m: [39m[0m[39m[pid=11][tid=11][id=1][SYS_WRITE][0m
[32m[     8.843][0m [34mINFO  [0m: [39m[0m[39m[pid=11][tid=11][id=7][SYS_POLL][0m
[32m[     8.844][0m [34mINFO  [0m: [39m[0m[39m[pid=10][tid=10][id=0][SYS_READ][0m
[32m[     8.845][0m [34mINFO  [0m: [39m[0m[39m[pid=10][tid=10][id=1][SYS_WRITE][0m
"[32m[     8.846][0m [34mINFO  [0m: [39m[0m[39m[pid=11][tid=11][id=0][SYS_READ][0m
[32m[     8.847][0m [34mINFO  [0m: [39m[0m[39m[pid=10][tid=10][id=1][SYS_WRITE][0m
[32m[     8.848][0m [34mINFO  [0m: [39m[0m[39m[pid=11][tid=11][id=1][SYS_WRITE][0m
[32m[     8.849][0m [34mINFO  [0m: [39m[0m[39m[pid=10][tid=10][id=7][SYS_POLL][0m
[32m[     8.850][0m [34mINFO  [0m: [39m[0m[39m[pid=11][tid=11][id=7][SYS_POLL][0m
[32m[     8.851][0m [34mINFO  [0m: [39m[0m[39m[pid=10][tid=10][id=0][SYS_READ][0m
[32m[     8.852][0m [34mINFO  [0m: [39m[0m[39m[pid=11][tid=11][id=0][SYS_READ][0m
[32m[     8.853][0m [34mINFO  [0m: [39m[0m[39m[pid=10][tid=10][id=1][SYS_WRITE][0m
$[32m[     8.854][0m [34mINFO  [0m: [39m[0m[39m[pid=11][tid=11][id=1][SYS_WRITE][0m
[32m[     8.855][0m [34mINFO  [0m: [39m[0m[39m[pid=11][tid=11][id=7][SYS_POLL][0m
[32m[     8.856][0m [34mINFO  [0m: [39m[0m[39m[pid=10][tid=10][id=1][SYS_WRITE][0m
[32m[     8.857][0m [34mINFO  [0m: [39m[0m[39m[pid=11][tid=11][id=0][SYS_READ][0m
[32m[     8.858][0m [34mINFO  [0m: [39m[0m[39m[pid=10][tid=10][id=7][SYS_POLL][0m
[32m[     8.859][0m [34mINFO  [0m: [39m[0m[39m[pid=11][tid=11][id=1][SYS_WRITE][0m
[32m[     8.860][0m [34mINFO  [0m: [39m[0m[39m[pid=10][tid=10][id=0][SYS_READ][0m
[32m[     8.861][0m [34mINFO  [0m: [39m[0m[39m[pid=11][tid=11][id=7][SYS_POLL][0m
[32m[     8.862][0m [34mINFO  [0m: [39m[0m[39m[pid=10][tid=10][id=1][SYS_WRITE][0m
(c[32m[     8.863][0m [34mINFO  [0m: [39m[0m[39m[pid=11][tid=11][id=0][SYS_READ][0m
[32m[     8.864][0m [34mINFO  [0m: [39m[0m[39m[pid=10][tid=10][id=1][SYS_WRITE][0m
[32m[     8.865][0m [34mINFO  [0m: [39m[0m[39m[pid=11][tid=11][id=1][SYS_WRITE][0m
[32m[     8.866][0m [34mINFO  [0m: [39m[0m[39m[pid=10][tid=10][id=7][SYS_POLL][0m
[32m[     8.867][0m [34mINFO  [0m: [39m[0m[39m[pid=11][tid=11][id=7][SYS_POLL][0m
[32m[     8.868][0m [34mINFO  [0m: [39m[0m[39m[pid=10][tid=10][id=0][SYS_READ][0m
[32m[     8.869][0m [34mINFO  [0m: [39m[0m[39m[pid=11][tid=11][id=0][SYS_READ][0m
[32m[     8.870][0m [34mINFO  [0m: [39m[0m[39m[pid=10][tid=10][id=1][SYS_WRITE][0m
a[32m[     8.871][0m [34mINFO  [0m: [39m[0m[39m[pid=11][tid=11][id=1][SYS_WRITE][0m
[32m[     8.872][0m [34mINFO  [0m: [39m[0m[39m[pid=10][tid=10][id=1][SYS_WRITE][0m
[32m[     8.873][0m [34mINFO  [0m: [39m[0m[39m[pid=11][tid=11][id=7][SYS_POLL][0m
[32m[     8.874][0m [34mINFO  [0m: [39m[0m[39m[pid=10][tid=10][id=7][SYS_POLL][0m
[32m[     8.875][0m [34mINFO  [0m: [39m[0m[39m[pid=11][tid=11][id=0][SYS_READ][0m
[32m[     8.876][0m [34mINFO  [0m: [39m[0m[39m[pid=10][tid=10][id=0][SYS_READ][0m
[32m[     8.877][0m [34mINFO  [0m: [39m[0m[39m[pid=10][tid=10][id=1][SYS_WRITE][0m
t[32m[     8.878][0m [34mINFO  [0m: [39m[0m[39m[pid=11][tid=11][id=1][SYS_WRITE][0m
[32m[     8.879][0m [34mINFO  [0m: [39m[0m[39m[pid=11][tid=11][id=7][SYS_POLL][0m
[32m[     8.880][0m [34mINFO  [0m: [39m[0m[39m[pid=10][tid=10][id=1][SYS_WRITE][0m
[32m[     8.881][0m [34mINFO  [0m: [39m[0m[39m[pid=11][tid=11][id=0][SYS_READ][0m
[32m[     8.882][0m [34mINFO  [0m: [39m[0m[39m[pid=10][tid=10][id=7][SYS_POLL][0m
[32m[     8.883][0m [34mINFO  [0m: [39m[0m[39m[pid=11][tid=11][id=1][SYS_WRITE][0m
[32m[     8.884][0m [34mINFO  [0m: [39m[0m[39m[pid=11][tid=11][id=7][SYS_POLL][0m
[32m[     8.885][0m [34mINFO  [0m: [39m[0m[39m[pid=10][tid=10][id=0][SYS_READ][0m
[32m[     8.886][0m [34mINFO  [0m: [39m[0m[39m[pid=11][tid=11][id=0][SYS_READ][0m
[32m[     8.887][0m [34mINFO  [0m: [39m[0m[39m[pid=10][tid=10][id=1][SYS_WRITE][0m
 /[32m[     8.888][0m [34mINFO  [0m: [39m[0m[39m[pid=11][tid=11][id=1][SYS_WRITE][0m
[32m[     8.889][0m [34mINFO  [0m: [39m[0m[39m[pid=10][tid=10][id=1][SYS_WRITE][0m
[32m[     8.890][0m [34mINFO  [0m: [39m[0m[39m[pid=11][tid=11][id=7][SYS_POLL][0m
[32m[     8.891][0m [34mINFO  [0m: [39m[0m[39m[pid=10][tid=10][id=7][SYS_POLL][0m
[32m[     8.892][0m [34mINFO  [0m: [39m[0m[39m[pid=11][tid=11][id=0][SYS_READ][0m
[32m[     8.893][0m [34mINFO  [0m: [39m[0m[39m[pid=10][tid=10][id=0][SYS_READ][0m
[32m[     8.894][0m [34mINFO  [0m: [39m[0m[39m[pid=11][tid=11][id=1][SYS_WRITE][0m
[32m[     8.895][0m [34mINFO  [0m: [39m[0m[39m[pid=10][tid=10][id=1][SYS_WRITE][0m
s[32m[     8.896][0m [34mINFO  [0m: [39m[0m[39m[pid=11][tid=11][id=7][SYS_POLL][0m
[32m[     8.897][0m [34mINFO  [0m: [39m[0m[39m[pid=10][tid=10][id=1][SYS_WRITE][0m
[32m[     8.898][0m [34mINFO  [0m: [39m[0m[39m[pid=11][tid=11][id=0][SYS_READ][0m
[32m[     8.899][0m [34mINFO  [0m: [39m[0m[39m[pid=10][tid=10][id=7][SYS_POLL][0m
[32m[     8.900][0m [34mINFO  [0m: [39m[0m[39m[pid=11][tid=11][id=1][SYS_WRITE][0m
[32m[     8.901][0m [34mINFO  [0m: [39m[0m[39m[pid=10][tid=10][id=0][SYS_READ][0m
[32m[     8.902][0m [34mINFO  [0m: [39m[0m[39m[pid=11][tid=11][id=7][SYS_POLL][0m
[32m[     8.903][0m [34mINFO  [0m: [39m[0m[39m[pid=10][tid=10][id=1][SYS_WRITE][0m
ys[32m[     8.904][0m [34mINFO  [0m: [39m[0m[39m[pid=11][tid=11][id=0][SYS_READ][0m
[32m[     8.905][0m [34mINFO  [0m: [39m[0m[39m[pid=10][tid=10][id=1][SYS_WRITE][0m
[32m[     8.906][0m [34mINFO  [0m: [39m[0m[39m[pid=11][tid=11][id=1][SYS_WRITE][0m
[32m[     8.907][0m [34mINFO  [0m: [39m[0m[39m[pid=10][tid=10][id=7][SYS_POLL][0m
[32m[     8.908][0m [34mINFO  [0m: [39m[0m[39m[pid=11][tid=11][id=7][SYS_POLL][0m
[32m[     8.909][0m [34mINFO  [0m: [39m[0m[39m[pid=10][tid=10][id=0][SYS_READ][0m
[32m[     8.910][0m [34mINFO  [0m: [39m[0m[39m[pid=11][tid=11][id=0][SYS_READ][0m
[32m[     8.911][0m [34mINFO  [0m: [39m[0m[39m[pid=10][tid=10][id=1][SYS_WRITE][0m
/[32m[     8.912][0m [34mINFO  [0m: [39m[0m[39m[pid=11][tid=11][id=1][SYS_WRITE][0m
[32m[     8.913][0m [34mINFO  [0m: [39m[0m[39m[pid=10][tid=10][id=1][SYS_WRITE][0m
[32m[     8.914][0m [34mINFO  [0m: [39m[0m[39m[pid=11][tid=11][id=7][SYS_POLL][0m
[32m[     8.915][0m [34mINFO  [0m: [39m[0m[39m[pid=10][tid=10][id=7][SYS_POLL][0m
[32m[     8.916][0m [34mINFO  [0m: [39m[0m[39m[pid=11][tid=11][id=0][SYS_READ][0m
[32m[     8.917][0m [34mINFO  [0m: [39m[0m[39m[pid=10][tid=10][id=0][SYS_READ][0m
[32m[     8.918][0m [34mINFO  [0m: [39m[0m[39m[pid=10][tid=10][id=1][SYS_WRITE][0m
p
[32m[     8.919][0m [34mINFO  [0m: [39m[0m[39m[pid=11][tid=11][id=1][SYS_WRITE][0m
[32m[     8.920][0m [34mINFO  [0m: [39m[0m[39m[pid=10][tid=10][id=1][SYS_WRITE][0m
[32m[     8.921][0m [34mINFO  [0m: [39m[0m[39m[pid=11][tid=11][id=7][SYS_POLL][0m
[32m[     8.922][0m [34mINFO  [0m: [39m[0m[39m[pid=10][tid=10][id=7][SYS_POLL][0m
[32m[     8.923][0m [34mINFO  [0m: [39m[0m[39m[pid=11][tid=11][id=0][SYS_READ][0m
[32m[     8.924][0m [34mINFO  [0m: [39m[0m[39m[pid=10][tid=10][id=0][SYS_READ][0m
[32m[     8.925][0m [34mINFO  [0m: [39m[0m[39m[pid=11][tid=11][id=1][SYS_WRITE][0m
[32m[     8.926][0m [34mINFO  [0m: [39m[0m[39m[pid=10][tid=10][id=1][SYS_WRITE][0m
v[32m[     8.927][0m [34mINFO  [0m: [39m[0m[39m[pid=11][tid=11][id=7][SYS_POLL][0m
[32m[     8.928][0m [34mINFO  [0m: [39m[0m[39m[pid=11][tid=11][id=0][SYS_READ][0m
[32m[     8.929][0m [34mINFO  [0m: [39m[0m[39m[pid=10][tid=10][id=1][SYS_WRITE][0m
[32m[     8.930][0m [34mINFO  [0m: [39m[0m[39m[pid=11][tid=11][id=1][SYS_WRITE][0m
[32m[     8.931][0m [34mINFO  [0m: [39m[0m[39m[pid=10][tid=10][id=7][SYS_POLL][0m
[32m[     8.932][0m [34mINFO  [0m: [39m[0m[39m[pid=11][tid=11][id=7][SYS_POLL][0m
[32m[     8.933][0m [34mINFO  [0m: [39m[0m[39m[pid=10][tid=10][id=0][SYS_READ][0m
[32m[     8.934][0m [34mINFO  [0m: [39m[0m[39m[pid=11][tid=11][id=0][SYS_READ][0m
[32m[     8.935][0m [34mINFO  [0m: [39m[0m[39m[pid=10][tid=10][id=1][SYS_WRITE][0m
pa[32m[     8.936][0m [34mINFO  [0m: [39m[0m[39m[pid=10][tid=10][id=1][SYS_WRITE][0m
[32m[     8.937][0m [34mINFO  [0m: [39m[0m[39m[pid=11][tid=11][id=1][SYS_WRITE][0m
[32m[     8.938][0m [34mINFO  [0m: [39m[0m[39m[pid=11][tid=11][id=7][SYS_POLL][0m
[32m[     8.939][0m [34mINFO  [0m: [39m[0m[39m[pid=10][tid=10][id=7][SYS_POLL][0m
[32m[     8.940][0m [34mINFO  [0m: [39m[0m[39m[pid=11][tid=11][id=0][SYS_READ][0m
[32m[     8.941][0m [34mINFO  [0m: [39m[0m[39m[pid=10][tid=10][id=0][SYS_READ][0m
[32m[     8.942][0m [34mINFO  [0m: [39m[0m[39m[pid=10][tid=10][id=1][SYS_WRITE][0m
n[32m[     8.943][0m [34mINFO  [0m: [39m[0m[39m[pid=11][tid=11][id=1][SYS_WRITE][0m
[32m[     8.944][0m [34mINFO  [0m: [39m[0m[39m[pid=10][tid=10][id=1][SYS_WRITE][0m
[32m[     8.945][0m [34mINFO  [0m: [39m[0m[39m[pid=11][tid=11][id=7][SYS_POLL][0m
[32m[     8.946][0m [34mINFO  [0m: [39m[0m[39m[pid=11][tid=11][id=0][SYS_READ][0m
[32m[     8.947][0m [34mINFO  [0m: [39m[0m[39m[pid=10][tid=10][id=7][SYS_POLL][0m
[32m[     8.948][0m [34mINFO  [0m: [39m[0m[39m[pid=11][tid=11][id=1][SYS_WRITE][0m
[32m[     8.949][0m [34mINFO  [0m: [39m[0m[39m[pid=10][tid=10][id=0][SYS_READ][0m
[32m[     8.950][0m [34mINFO  [0m: [39m[0m[39m[pid=11][tid=11][id=7][SYS_POLL][0m
[32m[     8.951][0m [34mINFO  [0m: [39m[0m[39m[pid=10][tid=10][id=1][SYS_WRITE][0m
ic[32m[     8.952][0m [34mINFO  [0m: [39m[0m[39m[pid=11][tid=11][id=0][SYS_READ][0m
[32m[     8.953][0m [34mINFO  [0m: [39m[0m[39m[pid=10][tid=10][id=1][SYS_WRITE][0m
[32m[     8.954][0m [34mINFO  [0m: [39m[0m[39m[pid=11][tid=11][id=1][SYS_WRITE][0m
[32m[     8.955][0m [34mINFO  [0m: [39m[0m[39m[pid=10][tid=10][id=7][SYS_POLL][0m
[32m[     8.956][0m [34mINFO  [0m: [39m[0m[39m[pid=10][tid=10][id=0][SYS_READ][0m
[32m[     8.957][0m [34mINFO  [0m: [39m[0m[39m[pid=11][tid=11][id=7][SYS_POLL][0m
[32m[     8.958][0m [34mINFO  [0m: [39m[0m[39m[pid=10][tid=10][id=1][SYS_WRITE][0m
/[32m[     8.959][0m [34mINFO  [0m: [39m[0m[39m[pid=11][tid=11][id=0][SYS_READ][0m
[32m[     8.960][0m [34mINFO  [0m: [39m[0m[39m[pid=10][tid=10][id=1][SYS_WRITE][0m
[32m[     8.961][0m [34mINFO  [0m: [39m[0m[39m[pid=11][tid=11][id=1][SYS_WRITE][0m
[32m[     8.962][0m [34mINFO  [0m: [39m[0m[39m[pid=10][tid=10][id=7][SYS_POLL][0m
[32m[     8.963][0m [34mINFO  [0m: [39m[0m[39m[pid=11][tid=11][id=7][SYS_POLL][0m
[32m[     8.964][0m [34mINFO  [0m: [39m[0m[39m[pid=11][tid=11][id=0][SYS_READ][0m
[32m[     8.965][0m [34mINFO  [0m: [39m[0m[39m[pid=10][tid=10][id=0][SYS_READ][0m
[32m[     8.966][0m [34mINFO  [0m: [39m[0m[39m[pid=11][tid=11][id=1][SYS_WRITE][0m
[32m[     8.967][0m [34mINFO  [0m: [39m[0m[39m[pid=11][tid=11][id=7][SYS_POLL][0m
[32m[     8.968][0m [34mINFO  [0m: [39m[0m[39m[pid=10][tid=10][id=1][SYS_WRITE][0m
e[32m[     8.969][0m [34mINFO  [0m: [39m[0m[39m[pid=11][tid=11][id=0][SYS_READ][0m
[32m[     8.970][0m [34mINFO  [0m: [39m[0m[39m[pid=10][tid=10][id=1][SYS_WRITE][0m
[32m[     8.971][0m [34mINFO  [0m: [39m[0m[39m[pid=11][tid=11][id=1][SYS_WRITE][0m
[32m[     8.972][0m [34mINFO  [0m: [39m[0m[39m[pid=10][tid=10][id=7][SYS_POLL][0m
[32m[     8.973][0m [34mINFO  [0m: [39m[0m[39m[pid=11][tid=11][id=7][SYS_POLL][0m
[32m[     8.974][0m [34mINFO  [0m: [39m[0m[39m[pid=10][tid=10][id=0][SYS_READ][0m
[32m[     8.975][0m [34mINFO  [0m: [39m[0m[39m[pid=11][tid=11][id=0][SYS_READ][0m
[32m[     8.976][0m [34mINFO  [0m: [39m[0m[39m[pid=10][tid=10][id=1][SYS_WRITE][0m
ve[32m[     8.977][0m [34mINFO  [0m: [39m[0m[39m[pid=11][tid=11][id=1][SYS_WRITE][0m
[32m[     8.978][0m [34mINFO  [0m: [39m[0m[39m[pid=10][tid=10][id=1][SYS_WRITE][0m
[32m[     8.979][0m [34mINFO  [0m: [39m[0m[39m[pid=10][tid=10][id=7][SYS_POLL][0m
[32m[     8.980][0m [34mINFO  [0m: [39m[0m[39m[pid=11][tid=11][id=7][SYS_POLL][0m
[32m[     8.981][0m [34mINFO  [0m: [39m[0m[39m[pid=10][tid=10][id=0][SYS_READ][0m
[32m[     8.982][0m [34mINFO  [0m: [39m[0m[39m[pid=11][tid=11][id=0][SYS_READ][0m
[32m[     8.983][0m [34mINFO  [0m: [39m[0m[39m[pid=10][tid=10][id=1][SYS_WRITE][0m
n[32m[     8.984][0m [34mINFO  [0m: [39m[0m[39m[pid=11][tid=11][id=1][SYS_WRITE][0m
[32m[     8.985][0m [34mINFO  [0m: [39m[0m[39m[pid=10][tid=10][id=1][SYS_WRITE][0m
[32m[     8.986][0m [34mINFO  [0m: [39m[0m[39m[pid=11][tid=11][id=7][SYS_POLL][0m
[32m[     8.987][0m [34mINFO  [0m: [39m[0m[39m[pid=10][tid=10][id=7][SYS_POLL][0m
[32m[     8.988][0m [34mINFO  [0m: [39m[0m[39m[pid=11][tid=11][id=0][SYS_READ][0m
[32m[     8.989][0m [34mINFO  [0m: [39m[0m[39m[pid=11][tid=11][id=1][SYS_WRITE][0m
[32m[     8.990][0m [34mINFO  [0m: [39m[0m[39m[pid=10][tid=10][id=0][SYS_READ][0m
[32m[     8.991][0m [34mINFO  [0m: [39m[0m[39m[pid=11][tid=11][id=7][SYS_POLL][0m
[32m[     8.992][0m [34mINFO  [0m: [39m[0m[39m[pid=10][tid=10][id=1][SYS_WRITE][0m
ts[32m[     8.993][0m [34mINFO  [0m: [39m[0m[39m[pid=11][tid=11][id=0][SYS_READ][0m
[32m[     8.994][0m [34mINFO  [0m: [39m[0m[39m[pid=10][tid=10][id=1][SYS_WRITE][0m
[32m[     8.995][0m [34mINFO  [0m: [39m[0m[39m[pid=11][tid=11][id=1][SYS_WRITE][0m
[32m[     8.996][0m [34mINFO  [0m: [39m[0m[39m[pid=10][tid=10][id=7][SYS_POLL][0m
[32m[     8.997][0m [34mINFO  [0m: [39m[0m[39m[pid=11][tid=11][id=7][SYS_POLL][0m
[32m[     8.998][0m [34mINFO  [0m: [39m[0m[39m[pid=10][tid=10][id=0][SYS_READ][0m
[32m[     8.999][0m [34mINFO  [0m: [39m[0m[39m[pid=10][tid=10][id=1][SYS_WRITE][0m
)[32m[     9.000][0m [34mINFO  [0m: [39m[0m[39m[pid=11][tid=11][id=0][SYS_READ][0m
[32m[     9.001][0m [34mINFO  [0m: [39m[0m[39m[pid=10][tid=10][id=1][SYS_WRITE][0m
[32m[     9.002][0m [34mINFO  [0m: [39m[0m[39m[pid=11][tid=11][id=1][SYS_WRITE][0m
[32m[     9.003][0m [34mINFO  [0m: [39m[0m[39m[pid=10][tid=10][id=7][SYS_POLL][0m
[32m[     9.004][0m [34mINFO  [0m: [39m[0m[39m[pid=11][tid=11][id=7][SYS_POLL][0m
[32m[     9.005][0m [34mINFO  [0m: [39m[0m[39m[pid=10][tid=10][id=0][SYS_READ][0m
[32m[     9.006][0m [34mINFO  [0m: [39m[0m[39m[pid=11][tid=11][id=0][SYS_READ][0m
[32m[     9.007][0m [34mINFO  [0m: [39m[0m[39m[pid=10][tid=10][id=1][SYS_WRITE][0m
"[32m[     9.008][0m [34mINFO  [0m: [39m[0m[39m[pid=11][tid=11][id=1][SYS_WRITE][0m
[32m[     9.009][0m [34mINFO  [0m: [39m[0m[39m[pid=10][tid=10][id=1][SYS_WRITE][0m
[32m[     9.010][0m [34mINFO  [0m: [39m[0m[39m[pid=11][tid=11][id=7][SYS_POLL][0m
[32m[     9.011][0m [34mINFO  [0m: [39m[0m[39m[pid=10][tid=10][id=7][SYS_POLL][0m
[32m[     9.012][0m [34mINFO  [0m: [39m[0m[39m[pid=11][tid=11][id=0][SYS_READ][0m
[32m[     9.013][0m [34mINFO  [0m: [39m[0m[39m[pid=10][tid=10][id=0][SYS_READ][0m
[32m[     9.014][0m [34mINFO  [0m: [39m[0m[39m[pid=10][tid=10][id=1][SYS_WRITE][0m
 [32m[     9.015][0m [34mINFO  [0m: [39m[0m[39m[pid=11][tid=11][id=1][SYS_WRITE][0m
[32m[     9.016][0m [34mINFO  [0m: [39m[0m[39m[pid=10][tid=10][id=1][SYS_WRITE][0m
[32m[     9.017][0m [34mINFO  [0m: [39m[0m[39m[pid=11][tid=11][id=7][SYS_POLL][0m
[32m[     9.018][0m [34mINFO  [0m: [39m[0m[39m[pid=11][tid=11][id=0][SYS_READ][0m
[32m[     9.019][0m [34mINFO  [0m: [39m[0m[39m[pid=10][tid=10][id=7][SYS_POLL][0m
[32m[     9.020][0m [34mINFO  [0m: [39m[0m[39m[pid=11][tid=11][id=1][SYS_WRITE][0m
[32m[     9.021][0m [34mINFO  [0m: [39m[0m[39m[pid=10][tid=10][id=0][SYS_READ][0m
[32m[     9.022][0m [34mINFO  [0m: [39m[0m[39m[pid=10][tid=10][id=1][SYS_WRITE][0m
= [32m[     9.023][0m [34mINFO  [0m: [39m[0m[39m[pid=11][tid=11][id=7][SYS_POLL][0m
[32m[     9.024][0m [34mINFO  [0m: [39m[0m[39m[pid=10][tid=10][id=1][SYS_WRITE][0m
[32m[     9.025][0m [34mINFO  [0m: [39m[0m[39m[pid=11][tid=11][id=0][SYS_READ][0m
[32m[     9.026][0m [34mINFO  [0m: [39m[0m[39m[pid=10][tid=10][id=7][SYS_POLL][0m
[32m[     9.027][0m [34mINFO  [0m: [39m[0m[39m[pid=11][tid=11][id=1][SYS_WRITE][0m
[32m[     9.028][0m [34mINFO  [0m: [39m[0m[39m[pid=11][tid=11][id=7][SYS_POLL][0m
[32m[     9.029][0m [34mINFO  [0m: [39m[0m[39m[pid=10][tid=10][id=0][SYS_READ][0m
[32m[     9.030][0m [34mINFO  [0m: [39m[0m[39m[pid=11][tid=11][id=0][SYS_READ][0m
[32m[     9.031][0m [34mINFO  [0m: [39m[0m[39m[pid=10][tid=10][id=1][SYS_WRITE][0m
0[32m[     9.032][0m [34mINFO  [0m: [39m[0m[39m[pid=11][tid=11][id=1][SYS_WRITE][0m
[32m[     9.033][0m [34mINFO  [0m: [39m[0m[39m[pid=10][tid=10][id=1][SYS_WRITE][0m
[32m[     9.034][0m [34mINFO  [0m: [39m[0m[39m[pid=11][tid=11][id=7][SYS_POLL][0m
[32m[     9.035][0m [34mINFO  [0m: [39m[0m[39m[pid=10][tid=10][id=7][SYS_POLL][0m
[32m[     9.036][0m [34mINFO  [0m: [39m[0m[39m[pid=11][tid=11][id=0][SYS_READ][0m
[32m[     9.037][0m [34mINFO  [0m: [39m[0m[39m[pid=10][tid=10][id=0][SYS_READ][0m
[32m[     9.038][0m [34mINFO  [0m: [39m[0m[39m[pid=10][tid=10][id=1][SYS_WRITE][0m
5[32m[     9.039][0m [34mINFO  [0m: [39m[0m[39m[pid=11][tid=11][id=1][SYS_WRITE][0m
[32m[     9.040][0m [34mINFO  [0m: [39m[0m[39m[pid=10][tid=10][id=1][SYS_WRITE][0m
[32m[     9.041][0m [34mINFO  [0m: [39m[0m[39m[pid=11][tid=11][id=7][SYS_POLL][0m
[32m[     9.042][0m [34mINFO  [0m: [39m[0m[39m[pid=10][tid=10][id=7][SYS_POLL][0m
[32m[     9.043][0m [34mINFO  [0m: [39m[0m[39m[pid=11][tid=11][id=0][SYS_READ][0m
[32m[     9.044][0m [34mINFO  [0m: [39m[0m[39m[pid=10][tid=10][id=0][SYS_READ][0m
[32m[     9.045][0m [34mINFO  [0m: [39m[0m[39m[pid=11][tid=11][id=1][SYS_WRITE][0m
[32m[     9.046][0m [34mINFO  [0m: [39m[0m[39m[pid=11][tid=11][id=7][SYS_POLL][0m
[32m[     9.047][0m [34mINFO  [0m: [39m[0m[39m[pid=10][tid=10][id=1][SYS_WRITE][0m
;[32m[     9.048][0m [34mINFO  [0m: [39m[0m[39m[pid=11][tid=11][id=0][SYS_READ][0m
[32m[     9.049][0m [34mINFO  [0m: [39m[0m[39m[pid=10][tid=10][id=1][SYS_WRITE][0m
[32m[     9.050][0m [34mINFO  [0m: [39m[0m[39m[pid=11][tid=11][id=1][SYS_WRITE][0m
[32m[     9.051][0m [34mINFO  [0m: [39m[0m[39m[pid=10][tid=10][id=7][SYS_POLL][0m
[32m[     9.052][0m [34mINFO  [0m: [39m[0m[39m[pid=10][tid=10][id=0][SYS_READ][0m
[32m[     9.053][0m [34mINFO  [0m: [39m[0m[39m[pid=11][tid=11][id=7][SYS_POLL][0m
[32m[     9.054][0m [34mINFO  [0m: [39m[0m[39m[pid=10][tid=10][id=1][SYS_WRITE][0m
 f[32m[     9.055][0m [34mINFO  [0m: [39m[0m[39m[pid=10][tid=10][id=1][SYS_WRITE][0m
[32m[     9.056][0m [34mINFO  [0m: [39m[0m[39m[pid=11][tid=11][id=0][SYS_READ][0m
[32m[     9.057][0m [34mINFO  [0m: [39m[0m[39m[pid=10][tid=10][id=7][SYS_POLL][0m
[32m[     9.058][0m [34mINFO  [0m: [39m[0m[39m[pid=11][tid=11][id=1][SYS_WRITE][0m
[32m[     9.059][0m [34mINFO  [0m: [39m[0m[39m[pid=11][tid=11][id=7][SYS_POLL][0m
[32m[     9.060][0m [34mINFO  [0m: [39m[0m[39m[pid=10][tid=10][id=0][SYS_READ][0m
[32m[     9.061][0m [34mINFO  [0m: [39m[0m[39m[pid=10][tid=10][id=1][SYS_WRITE][0m
i[32m[     9.062][0m [34mINFO  [0m: [39m[0m[39m[pid=11][tid=11][id=0][SYS_READ][0m
[32m[     9.063][0m [34mINFO  [0m: [39m[0m[39m[pid=10][tid=10][id=1][SYS_WRITE][0m
[32m[     9.064][0m [34mINFO  [0m: [39m[0m[39m[pid=11][tid=11][id=1][SYS_WRITE][0m
[32m[     9.065][0m [34mINFO  [0m: [39m[0m[39m[pid=10][tid=10][id=7][SYS_POLL][0m
[32m[     9.066][0m [34mINFO  [0m: [39m[0m[39m[pid=11][tid=11][id=7][SYS_POLL][0m
[32m[     9.067][0m [34mINFO  [0m: [39m[0m[39m[pid=11][tid=11][id=0][SYS_READ][0m
[32m[     9.068][0m [34mINFO  [0m: [39m[0m[39m[pid=10][tid=10][id=0][SYS_READ][0m
[32m[     9.069][0m [34mINFO  [0m: [39m[0m[39m[pid=11][tid=11][id=1][SYS_WRITE][0m
[32m[     9.070][0m [34mINFO  [0m: [39m[0m[39m[pid=11][tid=11][id=7][SYS_POLL][0m
[32m[     9.071][0m [34mINFO  [0m: [39m[0m[39m[pid=10][tid=10][id=1][SYS_WRITE][0m
'[32m[     9.072][0m [34mINFO  [0m: [39m[0m[39m[pid=11][tid=11][id=0][SYS_READ][0m
[32m[     9.073][0m [34mINFO  [0m: [39m[0m[39m[pid=10][tid=10][id=1][SYS_WRITE][0m
[32m[     9.074][0m [34mINFO  [0m: [39m[0m[39m[pid=10][tid=10][id=7][SYS_POLL][0m
[32m[     9.075][0m [34mINFO  [0m: [39m[0m[39m[pid=11][tid=11][id=1][SYS_WRITE][0m
[32m[     9.076][0m [34mINFO  [0m: [39m[0m[39m[pid=10][tid=10][id=0][SYS_READ][0m
[32m[     9.077][0m [34mINFO  [0m: [39m[0m[39m[pid=11][tid=11][id=7][SYS_POLL][0m
[32m[     9.078][0m [34mINFO  [0m: [39m[0m[39m[pid=10][tid=10][id=1][SYS_WRITE][0m
; [32m[     9.079][0m [34mINFO  [0m: [39m[0m[39m[pid=11][tid=11][id=0][SYS_READ][0m
[32m[     9.080][0m [34mINFO  [0m: [39m[0m[39m[pid=10][tid=10][id=1][SYS_WRITE][0m
[32m[     9.081][0m [34mINFO  [0m: [39m[0m[39m[pid=11][tid=11][id=1][SYS_WRITE][0m
[32m[     9.082][0m [34mINFO  [0m: [39m[0m[39m[pid=10][tid=10][id=7][SYS_POLL][0m
[32m[     9.083][0m [34mINFO  [0m: [39m[0m[39m[pid=11][tid=11][id=7][SYS_POLL][0m
[32m[     9.084][0m [34mINFO  [0m: [39m[0m[39m[pid=11][tid=11][id=0][SYS_READ][0m
[32m[     9.085][0m [34mINFO  [0m: [39m[0m[39m[pid=10][tid=10][id=0][SYS_READ][0m
[32m[     9.086][0m [34mINFO  [0m: [39m[0m[39m[pid=11][tid=11][id=1][SYS_WRITE][0m
[32m[     9.087][0m [34mINFO  [0m: [39m[0m[39m[pid=10][tid=10][id=1][SYS_WRITE][0m
_[32m[     9.088][0m [34mINFO  [0m: [39m[0m[39m[pid=11][tid=11][id=7][SYS_POLL][0m
[32m[     9.089][0m [34mINFO  [0m: [39m[0m[39m[pid=11][tid=11][id=0][SYS_READ][0m
[32m[     9.090][0m [34mINFO  [0m: [39m[0m[39m[pid=10][tid=10][id=1][SYS_WRITE][0m
[32m[     9.091][0m [34mINFO  [0m: [39m[0m[39m[pid=11][tid=11][id=1][SYS_WRITE][0m
[32m[     9.092][0m [34mINFO  [0m: [39m[0m[39m[pid=10][tid=10][id=7][SYS_POLL][0m
[32m[     9.093][0m [34mINFO  [0m: [39m[0m[39m[pid=11][tid=11][id=7][SYS_POLL][0m
[32m[     9.094][0m [34mINFO  [0m: [39m[0m[39m[pid=10][tid=10][id=0][SYS_READ][0m
[32m[     9.095][0m [34mINFO  [0m: [39m[0m[39m[pid=11][tid=11][id=0][SYS_READ][0m
[32m[     9.096][0m [34mINFO  [0m: [39m[0m[39m[pid=10][tid=10][id=1][SYS_WRITE][0m
_d[32m[     9.097][0m [34mINFO  [0m: [39m[0m[39m[pid=11][tid=11][id=1][SYS_WRITE][0m
[32m[     9.098][0m [34mINFO  [0m: [39m[0m[39m[pid=10][tid=10][id=1][SYS_WRITE][0m
[32m[     9.099][0m [34mINFO  [0m: [39m[0m[39m[pid=10][tid=10][id=7][SYS_POLL][0m
[32m[     9.100][0m [34mINFO  [0m: [39m[0m[39m[pid=11][tid=11][id=7][SYS_POLL][0m
[32m[     9.101][0m [34mINFO  [0m: [39m[0m[39m[pid=10][tid=10][id=0][SYS_READ][0m
[32m[     9.102][0m [34mINFO  [0m: [39m[0m[39m[pid=10][tid=10][id=1][SYS_WRITE][0m
p[32m[     9.103][0m [34mINFO  [0m: [39m[0m[39m[pid=11][tid=11][id=0][SYS_READ][0m
[32m[     9.104][0m [34mINFO  [0m: [39m[0m[39m[pid=10][tid=10][id=1][SYS_WRITE][0m
[32m[     9.105][0m [34mINFO  [0m: [39m[0m[39m[pid=11][tid=11][id=1][SYS_WRITE][0m
[32m[     9.106][0m [34mINFO  [0m: [39m[0m[39m[pid=10][tid=10][id=7][SYS_POLL][0m
[32m[     9.107][0m [34mINFO  [0m: [39m[0m[39m[pid=11][tid=11][id=7][SYS_POLL][0m
[32m[     9.108][0m [34mINFO  [0m: [39m[0m[39m[pid=11][tid=11][id=0][SYS_READ][0m
[32m[     9.109][0m [34mINFO  [0m: [39m[0m[39m[pid=10][tid=10][id=0][SYS_READ][0m
[32m[     9.110][0m [34mINFO  [0m: [39m[0m[39m[pid=11][tid=11][id=1][SYS_WRITE][0m
[32m[     9.111][0m [34mINFO  [0m: [39m[0m[39m[pid=10][tid=10][id=1][SYS_WRITE][0m
f[32m[     9.112][0m [34mINFO  [0m: [39m[0m[39m[pid=11][tid=11][id=7][SYS_POLL][0m
[32m[     9.113][0m [34mINFO  [0m: [39m[0m[39m[pid=10][tid=10][id=1][SYS_WRITE][0m
[32m[     9.114][0m [34mINFO  [0m: [39m[0m[39m[pid=10][tid=10][id=7][SYS_POLL][0m
[32m[     9.115][0m [34mINFO  [0m: [39m[0m[39m[pid=11][tid=11][id=0][SYS_READ][0m
[32m[     9.116][0m [34mINFO  [0m: [39m[0m[39m[pid=10][tid=10][id=0][SYS_READ][0m
[32m[     9.117][0m [34mINFO  [0m: [39m[0m[39m[pid=11][tid=11][id=1][SYS_WRITE][0m
[32m[     9.118][0m [34mINFO  [0m: [39m[0m[39m[pid=10][tid=10][id=1][SYS_WRITE][0m
_[32m[     9.119][0m [34mINFO  [0m: [39m[0m[39m[pid=11][tid=11][id=7][SYS_POLL][0m
[32m[     9.120][0m [34mINFO  [0m: [39m[0m[39m[pid=10][tid=10][id=1][SYS_WRITE][0m
[32m[     9.121][0m [34mINFO  [0m: [39m[0m[39m[pid=11][tid=11][id=0][SYS_READ][0m
[32m[     9.122][0m [34mINFO  [0m: [39m[0m[39m[pid=10][tid=10][id=7][SYS_POLL][0m
[32m[     9.123][0m [34mINFO  [0m: [39m[0m[39m[pid=11][tid=11][id=1][SYS_WRITE][0m
[32m[     9.124][0m [34mINFO  [0m: [39m[0m[39m[pid=10][tid=10][id=0][SYS_READ][0m
[32m[     9.125][0m [34mINFO  [0m: [39m[0m[39m[pid=11][tid=11][id=7][SYS_POLL][0m
[32m[     9.126][0m [34mINFO  [0m: [39m[0m[39m[pid=10][tid=10][id=1][SYS_WRITE][0m
ex[32m[     9.127][0m [34mINFO  [0m: [39m[0m[39m[pid=10][tid=10][id=1][SYS_WRITE][0m
[32m[     9.128][0m [34mINFO  [0m: [39m[0m[39m[pid=11][tid=11][id=0][SYS_READ][0m
[32m[     9.129][0m [34mINFO  [0m: [39m[0m[39m[pid=10][tid=10][id=7][SYS_POLL][0m
[32m[     9.130][0m [34mINFO  [0m: [39m[0m[39m[pid=11][tid=11][id=1][SYS_WRITE][0m
[32m[     9.131][0m [34mINFO  [0m: [39m[0m[39m[pid=11][tid=11][id=7][SYS_POLL][0m
[32m[     9.132][0m [34mINFO  [0m: [39m[0m[39m[pid=10][tid=10][id=0][SYS_READ][0m
[32m[     9.133][0m [34mINFO  [0m: [39m[0m[39m[pid=11][tid=11][id=0][SYS_READ][0m
[32m[     9.134][0m [34mINFO  [0m: [39m[0m[39m[pid=10][tid=10][id=1][SYS_WRITE][0m
i[32m[     9.135][0m [34mINFO  [0m: [39m[0m[39m[pid=11][tid=11][id=1][SYS_WRITE][0m
[32m[     9.136][0m [34mINFO  [0m: [39m[0m[39m[pid=11][tid=11][id=7][SYS_POLL][0m
[32m[     9.137][0m [34mINFO  [0m: [39m[0m[39m[pid=10][tid=10][id=1][SYS_WRITE][0m
[32m[     9.138][0m [34mINFO  [0m: [39m[0m[39m[pid=11][tid=11][id=0][SYS_READ][0m
[32m[     9.139][0m [34mINFO  [0m: [39m[0m[39m[pid=10][tid=10][id=7][SYS_POLL][0m
[32m[     9.140][0m [34mINFO  [0m: [39m[0m[39m[pid=11][tid=11][id=1][SYS_WRITE][0m
[32m[     9.141][0m [34mINFO  [0m: [39m[0m[39m[pid=10][tid=10][id=0][SYS_READ][0m
[32m[     9.142][0m [34mINFO  [0m: [39m[0m[39m[pid=11][tid=11][id=7][SYS_POLL][0m
[32m[     9.143][0m [34mINFO  [0m: [39m[0m[39m[pid=10][tid=10][id=1][SYS_WRITE][0m
t=[32m[     9.144][0m [34mINFO  [0m: [39m[0m[39m[pid=10][tid=10][id=1][SYS_WRITE][0m
[32m[     9.145][0m [34mINFO  [0m: [39m[0m[39m[pid=11][tid=11][id=0][SYS_READ][0m
[32m[     9.146][0m [34mINFO  [0m: [39m[0m[39m[pid=10][tid=10][id=7][SYS_POLL][0m
[32m[     9.147][0m [34mINFO  [0m: [39m[0m[39m[pid=11][tid=11][id=1][SYS_WRITE][0m
[32m[     9.148][0m [34mINFO  [0m: [39m[0m[39m[pid=11][tid=11][id=7][SYS_POLL][0m
[32m[     9.149][0m [34mINFO  [0m: [39m[0m[39m[pid=10][tid=10][id=0][SYS_READ][0m
[32m[     9.150][0m [34mINFO  [0m: [39m[0m[39m[pid=10][tid=10][id=1][SYS_WRITE][0m
$[32m[     9.151][0m [34mINFO  [0m: [39m[0m[39m[pid=11][tid=11][id=0][SYS_READ][0m
[32m[     9.152][0m [34mINFO  [0m: [39m[0m[39m[pid=11][tid=11][id=1][SYS_WRITE][0m
[32m[     9.153][0m [34mINFO  [0m: [39m[0m[39m[pid=10][tid=10][id=1][SYS_WRITE][0m
[32m[     9.154][0m [34mINFO  [0m: [39m[0m[39m[pid=11][tid=11][id=7][SYS_POLL][0m
[32m[     9.155][0m [34mINFO  [0m: [39m[0m[39m[pid=10][tid=10][id=7][SYS_POLL][0m
[32m[     9.156][0m [34mINFO  [0m: [39m[0m[39m[pid=11][tid=11][id=0][SYS_READ][0m
[32m[     9.157][0m [34mINFO  [0m: [39m[0m[39m[pid=10][tid=10][id=0][SYS_READ][0m
[32m[     9.158][0m [34mINFO  [0m: [39m[0m[39m[pid=11][tid=11][id=1][SYS_WRITE][0m
[32m[     9.159][0m [34mINFO  [0m: [39m[0m[39m[pid=10][tid=10][id=1][SYS_WRITE][0m
?[32m[     9.160][0m [34mINFO  [0m: [39m[0m[39m[pid=11][tid=11][id=7][SYS_POLL][0m
[32m[     9.161][0m [34mINFO  [0m: [39m[0m[39m[pid=10][tid=10][id=1][SYS_WRITE][0m
[32m[     9.162][0m [34mINFO  [0m: [39m[0m[39m[pid=11][tid=11][id=0][SYS_READ][0m
[32m[     9.163][0m [34mINFO  [0m: [39m[0m[39m[pid=10][tid=10][id=7][SYS_POLL][0m
[32m[     9.164][0m [34mINFO  [0m: [39m[0m[39m[pid=11][tid=11][id=1][SYS_WRITE][0m
[32m[     9.165][0m [34mINFO  [0m: [39m[0m[39m[pid=10][tid=10][id=0][SYS_READ][0m
[32m[     9.166][0m [34mINFO  [0m: [39m[0m[39m[pid=10][tid=10][id=1][SYS_WRITE][0m
; [32m[     9.167][0m [34mINFO  [0m: [39m[0m[39m[pid=11][tid=11][id=7][SYS_POLL][0m
[32m[     9.168][0m [34mINFO  [0m: [39m[0m[39m[pid=11][tid=11][id=0][SYS_READ][0m
[32m[     9.169][0m [34mINFO  [0m: [39m[0m[39m[pid=10][tid=10][id=1][SYS_WRITE][0m
[32m[     9.170][0m [34mINFO  [0m: [39m[0m[39m[pid=10][tid=10][id=7][SYS_POLL][0m
[32m[     9.171][0m [34mINFO  [0m: [39m[0m[39m[pid=11][tid=11][id=1][SYS_WRITE][0m
[32m[     9.172][0m [34mINFO  [0m: [39m[0m[39m[pid=11][tid=11][id=7][SYS_POLL][0m
[32m[     9.173][0m [34mINFO  [0m: [39m[0m[39m[pid=10][tid=10][id=0][SYS_READ][0m
[32m[     9.174][0m [34mINFO  [0m: [39m[0m[39m[pid=11][tid=11][id=0][SYS_READ][0m
[32m[     9.175][0m [34mINFO  [0m: [39m[0m[39m[pid=10][tid=10][id=1][SYS_WRITE][0m
p[32m[     9.176][0m [34mINFO  [0m: [39m[0m[39m[pid=10][tid=10][id=1][SYS_WRITE][0m
[32m[     9.177][0m [34mINFO  [0m: [39m[0m[39m[pid=11][tid=11][id=1][SYS_WRITE][0m
[32m[     9.178][0m [34mINFO  [0m: [39m[0m[39m[pid=10][tid=10][id=7][SYS_POLL][0m
[32m[     9.179][0m [34mINFO  [0m: [39m[0m[39m[pid=11][tid=11][id=7][SYS_POLL][0m
[32m[     9.180][0m [34mINFO  [0m: [39m[0m[39m[pid=10][tid=10][id=0][SYS_READ][0m
[32m[     9.181][0m [34mINFO  [0m: [39m[0m[39m[pid=11][tid=11][id=0][SYS_READ][0m
[32m[     9.182][0m [34mINFO  [0m: [39m[0m[39m[pid=10][tid=10][id=1][SYS_WRITE][0m
r[32m[     9.183][0m [34mINFO  [0m: [39m[0m[39m[pid=11][tid=11][id=1][SYS_WRITE][0m
[32m[     9.184][0m [34mINFO  [0m: [39m[0m[39m[pid=10][tid=10][id=1][SYS_WRITE][0m
[32m[     9.185][0m [34mINFO  [0m: [39m[0m[39m[pid=11][tid=11][id=7][SYS_POLL][0m
[32m[     9.186][0m [34mINFO  [0m: [39m[0m[39m[pid=10][tid=10][id=7][SYS_POLL][0m
[32m[     9.187][0m [34mINFO  [0m: [39m[0m[39m[pid=11][tid=11][id=0][SYS_READ][0m
[32m[     9.188][0m [34mINFO  [0m: [39m[0m[39m[pid=10][tid=10][id=0][SYS_READ][0m
[32m[     9.189][0m [34mINFO  [0m: [39m[0m[39m[pid=11][tid=11][id=1][SYS_WRITE][0m
[32m[     9.190][0m [34mINFO  [0m: [39m[0m[39m[pid=10][tid=10][id=1][SYS_WRITE][0m
i[32m[     9.191][0m [34mINFO  [0m: [39m[0m[39m[pid=11][tid=11][id=7][SYS_POLL][0m
[32m[     9.192][0m [34mINFO  [0m: [39m[0m[39m[pid=10][tid=10][id=1][SYS_WRITE][0m
[32m[     9.193][0m [34mINFO  [0m: [39m[0m[39m[pid=11][tid=11][id=0][SYS_READ][0m
[32m[     9.194][0m [34mINFO  [0m: [39m[0m[39m[pid=10][tid=10][id=7][SYS_POLL][0m
[32m[     9.195][0m [34mINFO  [0m: [39m[0m[39m[pid=11][tid=11][id=1][SYS_WRITE][0m
[32m[     9.196][0m [34mINFO  [0m: [39m[0m[39m[pid=10][tid=10][id=0][SYS_READ][0m
[32m[     9.197][0m [34mINFO  [0m: [39m[0m[39m[pid=11][tid=11][id=7][SYS_POLL][0m
[32m[     9.198][0m [34mINFO  [0m: [39m[0m[39m[pid=10][tid=10][id=1][SYS_WRITE][0m
nt[32m[     9.199][0m [34mINFO  [0m: [39m[0m[39m[pid=11][tid=11][id=0][SYS_READ][0m
[32m[     9.200][0m [34mINFO  [0m: [39m[0m[39m[pid=10][tid=10][id=1][SYS_WRITE][0m
[32m[     9.201][0m [34mINFO  [0m: [39m[0m[39m[pid=11][tid=11][id=1][SYS_WRITE][0m
[32m[     9.202][0m [34mINFO  [0m: [39m[0m[39m[pid=10][tid=10][id=7][SYS_POLL][0m
[32m[     9.203][0m [34mINFO  [0m: [39m[0m[39m[pid=10][tid=10][id=0][SYS_READ][0m
[32m[     9.204][0m [34mINFO  [0m: [39m[0m[39m[pid=11][tid=11][id=7][SYS_POLL][0m
[32m[     9.205][0m [34mINFO  [0m: [39m[0m[39m[pid=10][tid=10][id=1][SYS_WRITE][0m
f[32m[     9.206][0m [34mINFO  [0m: [39m[0m[39m[pid=11][tid=11][id=0][SYS_READ][0m
[32m[     9.207][0m [34mINFO  [0m: [39m[0m[39m[pid=10][tid=10][id=1][SYS_WRITE][0m
[32m[     9.208][0m [34mINFO  [0m: [39m[0m[39m[pid=11][tid=11][id=1][SYS_WRITE][0m
[32m[     9.209][0m [34mINFO  [0m: [39m[0m[39m[pid=10][tid=10][id=7][SYS_POLL][0m
[32m[     9.210][0m [34mINFO  [0m: [39m[0m[39m[pid=11][tid=11][id=7][SYS_POLL][0m
[32m[     9.211][0m [34mINFO  [0m: [39m[0m[39m[pid=11][tid=11][id=0][SYS_READ][0m
[32m[     9.212][0m [34mINFO  [0m: [39m[0m[39m[pid=10][tid=10][id=0][SYS_READ][0m
[32m[     9.213][0m [34mINFO  [0m: [39m[0m[39m[pid=11][tid=11][id=1][SYS_WRITE][0m
[32m[     9.214][0m [34mINFO  [0m: [39m[0m[39m[pid=10][tid=10][id=1][SYS_WRITE][0m
 [32m[     9.215][0m [34mINFO  [0m: [39m[0m[39m[pid=11][tid=11][id=7][SYS_POLL][0m
[32m[     9.216][0m [34mINFO  [0m: [39m[0m[39m[pid=11][tid=11][id=0][SYS_READ][0m
[32m[     9.217][0m [34mINFO  [0m: [39m[0m[39m[pid=10][tid=10][id=1][SYS_WRITE][0m
[32m[     9.218][0m [34mINFO  [0m: [39m[0m[39m[pid=11][tid=11][id=1][SYS_WRITE][0m
[32m[     9.219][0m [34mINFO  [0m: [39m[0m[39m[pid=10][tid=10][id=7][SYS_POLL][0m
[32m[     9.220][0m [34mINFO  [0m: [39m[0m[39m[pid=11][tid=11][id=7][SYS_POLL][0m
[32m[     9.221][0m [34mINFO  [0m: [39m[0m[39m[pid=10][tid=10][id=0][SYS_READ][0m
[32m[     9.222][0m [34mINFO  [0m: [39m[0m[39m[pid=11][tid=11][id=0][SYS_READ][0m
[32m[     9.223][0m [34mINFO  [0m: [39m[0m[39m[pid=10][tid=10][id=1][SYS_WRITE][0m
'\[32m[     9.224][0m [34mINFO  [0m: [39m[0m[39m[pid=10][tid=10][id=1][SYS_WRITE][0m
[32m[     9.225][0m [34mINFO  [0m: [39m[0m[39m[pid=11][tid=11][id=1][SYS_WRITE][0m
[32m[     9.226][0m [34mINFO  [0m: [39m[0m[39m[pid=10][tid=10][id=7][SYS_POLL][0m
[32m[     9.227][0m [34mINFO  [0m: [39m[0m[39m[pid=11][tid=11][id=7][SYS_POLL][0m
[32m[     9.228][0m [34mINFO  [0m: [39m[0m[39m[pid=10][tid=10][id=0][SYS_READ][0m
[32m[     9.229][0m [34mINFO  [0m: [39m[0m[39m[pid=11][tid=11][id=0][SYS_READ][0m
[32m[     9.230][0m [34mINFO  [0m: [39m[0m[39m[pid=10][tid=10][id=1][SYS_WRITE][0m
n[32m[     9.231][0m [34mINFO  [0m: [39m[0m[39m[pid=11][tid=11][id=1][SYS_WRITE][0m
[32m[     9.232][0m [34mINFO  [0m: [39m[0m[39m[pid=11][tid=11][id=7][SYS_POLL][0m
[32m[     9.233][0m [34mINFO  [0m: [39m[0m[39m[pid=10][tid=10][id=1][SYS_WRITE][0m
[32m[     9.234][0m [34mINFO  [0m: [39m[0m[39m[pid=11][tid=11][id=0][SYS_READ][0m
[32m[     9.235][0m [34mINFO  [0m: [39m[0m[39m[pid=10][tid=10][id=7][SYS_POLL][0m
[32m[     9.236][0m [34mINFO  [0m: [39m[0m[39m[pid=10][tid=10][id=0][SYS_READ][0m
[32m[     9.237][0m [34mINFO  [0m: [39m[0m[39m[pid=11][tid=11][id=1][SYS_WRITE][0m
[32m[     9.238][0m [34mINFO  [0m: [39m[0m[39m[pid=10][tid=10][id=1][SYS_WRITE][0m
D[32m[     9.239][0m [34mINFO  [0m: [39m[0m[39m[pid=11][tid=11][id=7][SYS_POLL][0m
[32m[     9.240][0m [34mINFO  [0m: [39m[0m[39m[pid=10][tid=10][id=1][SYS_WRITE][0m
[32m[     9.241][0m [34mINFO  [0m: [39m[0m[39m[pid=11][tid=11][id=0][SYS_READ][0m
[32m[     9.242][0m [34mINFO  [0m: [39m[0m[39m[pid=10][tid=10][id=7][SYS_POLL][0m
[32m[     9.243][0m [34mINFO  [0m: [39m[0m[39m[pid=11][tid=11][id=1][SYS_WRITE][0m
[32m[     9.244][0m [34mINFO  [0m: [39m[0m[39m[pid=10][tid=10][id=0][SYS_READ][0m
[32m[     9.245][0m [34mINFO  [0m: [39m[0m[39m[pid=11][tid=11][id=7][SYS_POLL][0m
[32m[     9.246][0m [34mINFO  [0m: [39m[0m[39m[pid=11][tid=11][id=0][SYS_READ][0m
[32m[     9.247][0m [34mINFO  [0m: [39m[0m[39m[pid=10][tid=10][id=1][SYS_WRITE][0m
PF[32m[     9.248][0m [34mINFO  [0m: [39m[0m[39m[pid=11][tid=11][id=1][SYS_WRITE][0m
[32m[     9.249][0m [34mINFO  [0m: [39m[0m[39m[pid=10][tid=10][id=1][SYS_WRITE][0m
[32m[     9.250][0m [34mINFO  [0m: [39m[0m[39m[pid=10][tid=10][id=7][SYS_POLL][0m
[32m[     9.251][0m [34mINFO  [0m: [39m[0m[39m[pid=11][tid=11][id=7][SYS_POLL][0m
[32m[     9.252][0m [34mINFO  [0m: [39m[0m[39m[pid=11][tid=11][id=0][SYS_READ][0m
[32m[     9.253][0m [34mINFO  [0m: [39m[0m[39m[pid=10][tid=10][id=0][SYS_READ][0m
[32m[     9.254][0m [34mINFO  [0m: [39m[0m[39m[pid=11][tid=11][id=1][SYS_WRITE][0m
[32m[     9.255][0m [34mINFO  [0m: [39m[0m[39m[pid=10][tid=10][id=1][SYS_WRITE][0m
_[32m[     9.256][0m [34mINFO  [0m: [39m[0m[39m[pid=11][tid=11][id=7][SYS_POLL][0m
[32m[     9.257][0m [34mINFO  [0m: [39m[0m[39m[pid=10][tid=10][id=1][SYS_WRITE][0m
[32m[     9.258][0m [34mINFO  [0m: [39m[0m[39m[pid=11][tid=11][id=0][SYS_READ][0m
[32m[     9.259][0m [34mINFO  [0m: [39m[0m[39m[pid=10][tid=10][id=7][SYS_POLL][0m
[32m[     9.260][0m [34mINFO  [0m: [39m[0m[39m[pid=11][tid=11][id=1][SYS_WRITE][0m
[32m[     9.261][0m [34mINFO  [0m: [39m[0m[39m[pid=10][tid=10][id=0][SYS_READ][0m
[32m[     9.262][0m [34mINFO  [0m: [39m[0m[39m[pid=11][tid=11][id=7][SYS_POLL][0m
[32m[     9.263][0m [34mINFO  [0m: [39m[0m[39m[pid=10][tid=10][id=1][SYS_WRITE][0m
CH[32m[     9.264][0m [34mINFO  [0m: [39m[0m[39m[pid=11][tid=11][id=0][SYS_READ][0m
[32m[     9.265][0m [34mINFO  [0m: [39m[0m[39m[pid=11][tid=11][id=1][SYS_WRITE][0m
[32m[     9.266][0m [34mINFO  [0m: [39m[0m[39m[pid=10][tid=10][id=1][SYS_WRITE][0m
[32m[     9.267][0m [34mINFO  [0m: [39m[0m[39m[pid=10][tid=10][id=7][SYS_POLL][0m
[32m[     9.268][0m [34mINFO  [0m: [39m[0m[39m[pid=11][tid=11][id=7][SYS_POLL][0m
[32m[     9.269][0m [34mINFO  [0m: [39m[0m[39m[pid=10][tid=10][id=0][SYS_READ][0m
[32m[     9.270][0m [34mINFO  [0m: [39m[0m[39m[pid=11][tid=11][id=0][SYS_READ][0m
[32m[     9.271][0m [34mINFO  [0m: [39m[0m[39m[pid=10][tid=10][id=1][SYS_WRITE][0m
E[32m[     9.272][0m [34mINFO  [0m: [39m[0m[39m[pid=11][tid=11][id=1][SYS_WRITE][0m
[32m[     9.273][0m [34mINFO  [0m: [39m[0m[39m[pid=10][tid=10][id=1][SYS_WRITE][0m
[32m[     9.274][0m [34mINFO  [0m: [39m[0m[39m[pid=11][tid=11][id=7][SYS_POLL][0m
[32m[     9.275][0m [34mINFO  [0m: [39m[0m[39m[pid=11][tid=11][id=0][SYS_READ][0m
[32m[     9.276][0m [34mINFO  [0m: [39m[0m[39m[pid=10][tid=10][id=7][SYS_POLL][0m
[32m[     9.277][0m [34mINFO  [0m: [39m[0m[39m[pid=11][tid=11][id=1][SYS_WRITE][0m
[32m[     9.278][0m [34mINFO  [0m: [39m[0m[39m[pid=10][tid=10][id=0][SYS_READ][0m
[32m[     9.279][0m [34mINFO  [0m: [39m[0m[39m[pid=11][tid=11][id=7][SYS_POLL][0m
[32m[     9.280][0m [34mINFO  [0m: [39m[0m[39m[pid=10][tid=10][id=1][SYS_WRITE][0m
CK[32m[     9.281][0m [34mINFO  [0m: [39m[0m[39m[pid=11][tid=11][id=0][SYS_READ][0m
[32m[     9.282][0m [34mINFO  [0m: [39m[0m[39m[pid=10][tid=10][id=1][SYS_WRITE][0m
[32m[     9.283][0m [34mINFO  [0m: [39m[0m[39m[pid=11][tid=11][id=1][SYS_WRITE][0m
[32m[     9.284][0m [34mINFO  [0m: [39m[0m[39m[pid=10][tid=10][id=7][SYS_POLL][0m
[32m[     9.285][0m [34mINFO  [0m: [39m[0m[39m[pid=11][tid=11][id=7][SYS_POLL][0m
[32m[     9.286][0m [34mINFO  [0m: [39m[0m[39m[pid=10][tid=10][id=0][SYS_READ][0m
[32m[     9.287][0m [34mINFO  [0m: [39m[0m[39m[pid=11][tid=11][id=0][SYS_READ][0m
[32m[     9.288][0m [34mINFO  [0m: [39m[0m[39m[pid=10][tid=10][id=1][SYS_WRITE][0m
_[32m[     9.289][0m [34mINFO  [0m: [39m[0m[39m[pid=11][tid=11][id=1][SYS_WRITE][0m
[32m[     9.290][0m [34mINFO  [0m: [39m[0m[39m[pid=10][tid=10][id=1][SYS_WRITE][0m
[32m[     9.291][0m [34mINFO  [0m: [39m[0m[39m[pid=10][tid=10][id=7][SYS_POLL][0m
[32m[     9.292][0m [34mINFO  [0m: [39m[0m[39m[pid=11][tid=11][id=7][SYS_POLL][0m
[32m[     9.293][0m [34mINFO  [0m: [39m[0m[39m[pid=10][tid=10][id=0][SYS_READ][0m
[32m[     9.294][0m [34mINFO  [0m: [39m[0m[39m[pid=11][tid=11][id=0][SYS_READ][0m
[32m[     9.295][0m [34mINFO  [0m: [39m[0m[39m[pid=10][tid=10][id=1][SYS_WRITE][0m
%[32m[     9.296][0m [34mINFO  [0m: [39m[0m[39m[pid=11][tid=11][id=1][SYS_WRITE][0m
[32m[     9.297][0m [34mINFO  [0m: [39m[0m[39m[pid=10][tid=10][id=1][SYS_WRITE][0m
[32m[     9.298][0m [34mINFO  [0m: [39m[0m[39m[pid=11][tid=11][id=7][SYS_POLL][0m
[32m[     9.299][0m [34mINFO  [0m: [39m[0m[39m[pid=10][tid=10][id=7][SYS_POLL][0m
[32m[     9.300][0m [34mINFO  [0m: [39m[0m[39m[pid=11][tid=11][id=0][SYS_READ][0m
[32m[     9.301][0m [34mINFO  [0m: [39m[0m[39m[pid=10][tid=10][id=0][SYS_READ][0m
[32m[     9.302][0m [34mINFO  [0m: [39m[0m[39m[pid=11][tid=11][id=1][SYS_WRITE][0m
[32m[     9.303][0m [34mINFO  [0m: [39m[0m[39m[pid=10][tid=10][id=1][SYS_WRITE][0m
s[32m[     9.304][0m [34mINFO  [0m: [39m[0m[39m[pid=11][tid=11][id=7][SYS_POLL][0m
[32m[     9.305][0m [34mINFO  [0m: [39m[0m[39m[pid=10][tid=10][id=1][SYS_WRITE][0m
[32m[     9.306][0m [34mINFO  [0m: [39m[0m[39m[pid=10][tid=10][id=7][SYS_POLL][0m
[32m[     9.307][0m [34mINFO  [0m: [39m[0m[39m[pid=11][tid=11][id=0][SYS_READ][0m
[32m[     9.308][0m [34mINFO  [0m: [39m[0m[39m[pid=10][tid=10][id=0][SYS_READ][0m
[32m[     9.309][0m [34mINFO  [0m: [39m[0m[39m[pid=11][tid=11][id=1][SYS_WRITE][0m
[32m[     9.310][0m [34mINFO  [0m: [39m[0m[39m[pid=10][tid=10][id=1][SYS_WRITE][0m
:[32m[     9.311][0m [34mINFO  [0m: [39m[0m[39m[pid=10][tid=10][id=1][SYS_WRITE][0m
[32m[     9.312][0m [34mINFO  [0m: [39m[0m[39m[pid=11][tid=11][id=7][SYS_POLL][0m
[32m[     9.313][0m [34mINFO  [0m: [39m[0m[39m[pid=11][tid=11][id=0][SYS_READ][0m
[32m[     9.314][0m [34mINFO  [0m: [39m[0m[39m[pid=10][tid=10][id=7][SYS_POLL][0m
[32m[     9.315][0m [34mINFO  [0m: [39m[0m[39m[pid=11][tid=11][id=1][SYS_WRITE][0m
[32m[     9.316][0m [34mINFO  [0m: [39m[0m[39m[pid=10][tid=10][id=0][SYS_READ][0m
[32m[     9.317][0m [34mINFO  [0m: [39m[0m[39m[pid=11][tid=11][id=7][SYS_POLL][0m
[32m[     9.318][0m [34mINFO  [0m: [39m[0m[39m[pid=10][tid=10][id=1][SYS_WRITE][0m
%s[32m[     9.319][0m [34mINFO  [0m: [39m[0m[39m[pid=11][tid=11][id=0][SYS_READ][0m
[32m[     9.320][0m [34mINFO  [0m: [39m[0m[39m[pid=10][tid=10][id=1][SYS_WRITE][0m
[32m[     9.321][0m [34mINFO  [0m: [39m[0m[39m[pid=11][tid=11][id=1][SYS_WRITE][0m
[32m[     9.322][0m [34mINFO  [0m: [39m[0m[39m[pid=10][tid=10][id=7][SYS_POLL][0m
[32m[     9.323][0m [34mINFO  [0m: [39m[0m[39m[pid=10][tid=10][id=0][SYS_READ][0m
[32m[     9.324][0m [34mINFO  [0m: [39m[0m[39m[pid=11][tid=11][id=7][SYS_POLL][0m
[32m[     9.325][0m [34mINFO  [0m: [39m[0m[39m[pid=10][tid=10][id=1][SYS_WRITE][0m
\[32m[     9.326][0m [34mINFO  [0m: [39m[0m[39m[pid=11][tid=11][id=0][SYS_READ][0m
[32m[     9.327][0m [34mINFO  [0m: [39m[0m[39m[pid=10][tid=10][id=1][SYS_WRITE][0m
[32m[     9.328][0m [34mINFO  [0m: [39m[0m[39m[pid=11][tid=11][id=1][SYS_WRITE][0m
[32m[     9.329][0m [34mINFO  [0m: [39m[0m[39m[pid=10][tid=10][id=7][SYS_POLL][0m
[32m[     9.330][0m [34mINFO  [0m: [39m[0m[39m[pid=11][tid=11][id=7][SYS_POLL][0m
[32m[     9.331][0m [34mINFO  [0m: [39m[0m[39m[pid=10][tid=10][id=0][SYS_READ][0m
[32m[     9.332][0m [34mINFO  [0m: [39m[0m[39m[pid=11][tid=11][id=0][SYS_READ][0m
[32m[     9.333][0m [34mINFO  [0m: [39m[0m[39m[pid=10][tid=10][id=1][SYS_WRITE][0m
n[32m[     9.334][0m [34mINFO  [0m: [39m[0m[39m[pid=11][tid=11][id=1][SYS_WRITE][0m
[32m[     9.335][0m [34mINFO  [0m: [39m[0m[39m[pid=10][tid=10][id=1][SYS_WRITE][0m
[32m[     9.336][0m [34mINFO  [0m: [39m[0m[39m[pid=11][tid=11][id=7][SYS_POLL][0m
[32m[     9.337][0m [34mINFO  [0m: [39m[0m[39m[pid=10][tid=10][id=7][SYS_POLL][0m
[32m[     9.338][0m [34mINFO  [0m: [39m[0m[39m[pid=10][tid=10][id=0][SYS_READ][0m
[32m[     9.339][0m [34mINFO  [0m: [39m[0m[39m[pid=11][tid=11][id=0][SYS_READ][0m
[32m[     9.340][0m [34mINFO  [0m: [39m[0m[39m[pid=10][tid=10][id=1][SYS_WRITE][0m
'[32m[     9.341][0m [34mINFO  [0m: [39m[0m[39m[pid=11][tid=11][id=1][SYS_WRITE][0m
[32m[     9.342][0m [34mINFO  [0m: [39m[0m[39m[pid=10][tid=10][id=1][SYS_WRITE][0m
[32m[     9.343][0m [34mINFO  [0m: [39m[0m[39m[pid=11][tid=11][id=7][SYS_POLL][0m
[32m[     9.344][0m [34mINFO  [0m: [39m[0m[39m[pid=11][tid=11][id=0][SYS_READ][0m
[32m[     9.345][0m [34mINFO  [0m: [39m[0m[39m[pid=10][tid=10][id=7][SYS_POLL][0m
[32m[     9.346][0m [34mINFO  [0m: [39m[0m[39m[pid=11][tid=11][id=1][SYS_WRITE][0m
[32m[     9.347][0m [34mINFO  [0m: [39m[0m[39m[pid=10][tid=10][id=0][SYS_READ][0m
[32m[     9.348][0m [34mINFO  [0m: [39m[0m[39m[pid=10][tid=10][id=1][SYS_WRITE][0m
 1[32m[     9.349][0m [34mINFO  [0m: [39m[0m[39m[pid=11][tid=11][id=7][SYS_POLL][0m
[32m[     9.350][0m [34mINFO  [0m: [39m[0m[39m[pid=11][tid=11][id=0][SYS_READ][0m
[32m[     9.351][0m [34mINFO  [0m: [39m[0m[39m[pid=10][tid=10][id=1][SYS_WRITE][0m
[32m[     9.352][0m [34mINFO  [0m: [39m[0m[39m[pid=11][tid=11][id=1][SYS_WRITE][0m
[32m[     9.353][0m [34mINFO  [0m: [39m[0m[39m[pid=10][tid=10][id=7][SYS_POLL][0m
[32m[     9.354][0m [34mINFO  [0m: [39m[0m[39m[pid=11][tid=11][id=7][SYS_POLL][0m
[32m[     9.355][0m [34mINFO  [0m: [39m[0m[39m[pid=10][tid=10][id=0][SYS_READ][0m
[32m[     9.356][0m [34mINFO  [0m: [39m[0m[39m[pid=11][tid=11][id=0][SYS_READ][0m
[32m[     9.357][0m [34mINFO  [0m: [39m[0m[39m[pid=11][tid=11][id=1][SYS_WRITE][0m
[32m[     9.358][0m [34mINFO  [0m: [39m[0m[39m[pid=10][tid=10][id=1][SYS_WRITE][0m
7[32m[     9.359][0m [34mINFO  [0m: [39m[0m[39m[pid=10][tid=10][id=1][SYS_WRITE][0m
[32m[     9.360][0m [34mINFO  [0m: [39m[0m[39m[pid=11][tid=11][id=7][SYS_POLL][0m
[32m[     9.361][0m [34mINFO  [0m: [39m[0m[39m[pid=10][tid=10][id=7][SYS_POLL][0m
[32m[     9.362][0m [34mINFO  [0m: [39m[0m[39m[pid=11][tid=11][id=0][SYS_READ][0m
[32m[     9.363][0m [34mINFO  [0m: [39m[0m[39m[pid=11][tid=11][id=1][SYS_WRITE][0m
[32m[     9.364][0m [34mINFO  [0m: [39m[0m[39m[pid=10][tid=10][id=0][SYS_READ][0m
[32m[     9.365][0m [34mINFO  [0m: [39m[0m[39m[pid=11][tid=11][id=7][SYS_POLL][0m
[32m[     9.366][0m [34mINFO  [0m: [39m[0m[39m[pid=10][tid=10][id=1][SYS_WRITE][0m
3f[32m[     9.367][0m [34mINFO  [0m: [39m[0m[39m[pid=11][tid=11][id=0][SYS_READ][0m
[32m[     9.368][0m [34mINFO  [0m: [39m[0m[39m[pid=10][tid=10][id=1][SYS_WRITE][0m
[32m[     9.369][0m [34mINFO  [0m: [39m[0m[39m[pid=11][tid=11][id=1][SYS_WRITE][0m
[32m[     9.370][0m [34mINFO  [0m: [39m[0m[39m[pid=10][tid=10][id=7][SYS_POLL][0m
[32m[     9.371][0m [34mINFO  [0m: [39m[0m[39m[pid=11][tid=11][id=7][SYS_POLL][0m
[32m[     9.372][0m [34mINFO  [0m: [39m[0m[39m[pid=10][tid=10][id=0][SYS_READ][0m
[32m[     9.373][0m [34mINFO  [0m: [39m[0m[39m[pid=11][tid=11][id=0][SYS_READ][0m
[32m[     9.374][0m [34mINFO  [0m: [39m[0m[39m[pid=10][tid=10][id=1][SYS_WRITE][0m
6[32m[     9.375][0m [34mINFO  [0m: [39m[0m[39m[pid=11][tid=11][id=1][SYS_WRITE][0m
[32m[     9.376][0m [34mINFO  [0m: [39m[0m[39m[pid=10][tid=10][id=1][SYS_WRITE][0m
[32m[     9.377][0m [34mINFO  [0m: [39m[0m[39m[pid=11][tid=11][id=7][SYS_POLL][0m
[32m[     9.378][0m [34mINFO  [0m: [39m[0m[39m[pid=10][tid=10][id=7][SYS_POLL][0m
[32m[     9.379][0m [34mINFO  [0m: [39m[0m[39m[pid=10][tid=10][id=0][SYS_READ][0m
[32m[     9.380][0m [34mINFO  [0m: [39m[0m[39m[pid=11][tid=11][id=0][SYS_READ][0m
[32m[     9.381][0m [34mINFO  [0m: [39m[0m[39m[pid=10][tid=10][id=1][SYS_WRITE][0m
5[32m[     9.382][0m [34mINFO  [0m: [39m[0m[39m[pid=11][tid=11][id=1][SYS_WRITE][0m
[32m[     9.383][0m [34mINFO  [0m: [39m[0m[39m[pid=10][tid=10][id=1][SYS_WRITE][0m
[32m[     9.384][0m [34mINFO  [0m: [39m[0m[39m[pid=11][tid=11][id=7][SYS_POLL][0m
[32m[     9.385][0m [34mINFO  [0m: [39m[0m[39m[pid=10][tid=10][id=7][SYS_POLL][0m
[32m[     9.386][0m [34mINFO  [0m: [39m[0m[39m[pid=10][tid=10][id=0][SYS_READ][0m
[32m[     9.387][0m [34mINFO  [0m: [39m[0m[39m[pid=11][tid=11][id=0][SYS_READ][0m
[32m[     9.388][0m [34mINFO  [0m: [39m[0m[39m[pid=10][tid=10][id=1][SYS_WRITE][0m
f[32m[     9.389][0m [34mINFO  [0m: [39m[0m[39m[pid=11][tid=11][id=1][SYS_WRITE][0m
[32m[     9.390][0m [34mINFO  [0m: [39m[0m[39m[pid=10][tid=10][id=1][SYS_WRITE][0m
[32m[     9.391][0m [34mINFO  [0m: [39m[0m[39m[pid=11][tid=11][id=7][SYS_POLL][0m
[32m[     9.392][0m [34mINFO  [0m: [39m[0m[39m[pid=10][tid=10][id=7][SYS_POLL][0m
[32m[     9.393][0m [34mINFO  [0m: [39m[0m[39m[pid=11][tid=11][id=0][SYS_READ][0m
[32m[     9.394][0m [34mINFO  [0m: [39m[0m[39m[pid=10][tid=10][id=0][SYS_READ][0m
[32m[     9.395][0m [34mINFO  [0m: [39m[0m[39m[pid=11][tid=11][id=1][SYS_WRITE][0m
[32m[     9.396][0m [34mINFO  [0m: [39m[0m[39m[pid=10][tid=10][id=1][SYS_WRITE][0m
f[32m[     9.397][0m [34mINFO  [0m: [39m[0m[39m[pid=11][tid=11][id=7][SYS_POLL][0m
[32m[     9.398][0m [34mINFO  [0m: [39m[0m[39m[pid=11][tid=11][id=0][SYS_READ][0m
[32m[     9.399][0m [34mINFO  [0m: [39m[0m[39m[pid=10][tid=10][id=1][SYS_WRITE][0m
[32m[     9.400][0m [34mINFO  [0m: [39m[0m[39m[pid=11][tid=11][id=1][SYS_WRITE][0m
[32m[     9.401][0m [34mINFO  [0m: [39m[0m[39m[pid=10][tid=10][id=7][SYS_POLL][0m
[32m[     9.402][0m [34mINFO  [0m: [39m[0m[39m[pid=11][tid=11][id=7][SYS_POLL][0m
[32m[     9.403][0m [34mINFO  [0m: [39m[0m[39m[pid=10][tid=10][id=0][SYS_READ][0m
[32m[     9.404][0m [34mINFO  [0m: [39m[0m[39m[pid=11][tid=11][id=0][SYS_READ][0m
[32m[     9.405][0m [34mINFO  [0m: [39m[0m[39m[pid=10][tid=10][id=1][SYS_WRITE][0m
2
a[32m[     9.406][0m [34mINFO  [0m: [39m[0m[39m[pid=11][tid=11][id=1][SYS_WRITE][0m
[32m[     9.407][0m [34mINFO  [0m: [39m[0m[39m[pid=10][tid=10][id=1][SYS_WRITE][0m
[32m[     9.408][0m [34mINFO  [0m: [39m[0m[39m[pid=10][tid=10][id=7][SYS_POLL][0m
[32m[     9.409][0m [34mINFO  [0m: [39m[0m[39m[pid=11][tid=11][id=7][SYS_POLL][0m
[32m[     9.410][0m [34mINFO  [0m: [39m[0m[39m[pid=10][tid=10][id=0][SYS_READ][0m
[32m[     9.411][0m [34mINFO  [0m: [39m[0m[39m[pid=11][tid=11][id=0][SYS_READ][0m
[32m[     9.412][0m [34mINFO  [0m: [39m[0m[39m[pid=10][tid=10][id=1][SYS_WRITE][0m
b[32m[     9.413][0m [34mINFO  [0m: [39m[0m[39m[pid=11][tid=11][id=1][SYS_WRITE][0m
[32m[     9.414][0m [34mINFO  [0m: [39m[0m[39m[pid=10][tid=10][id=1][SYS_WRITE][0m
[32m[     9.415][0m [34mINFO  [0m: [39m[0m[39m[pid=11][tid=11][id=7][SYS_POLL][0m
[32m[     9.416][0m [34mINFO  [0m: [39m[0m[39m[pid=10][tid=10][id=7][SYS_POLL][0m
[32m[     9.417][0m [34mINFO  [0m: [39m[0m[39m[pid=11][tid=11][id=0][SYS_READ][0m
[32m[     9.418][0m [34mINFO  [0m: [39m[0m[39m[pid=11][tid=11][id=1][SYS_WRITE][0m
[32m[     9.419][0m [34mINFO  [0m: [39m[0m[39m[pid=10][tid=10][id=0][SYS_READ][0m
[32m[     9.420][0m [34mINFO  [0m: [39m[0m[39m[pid=11][tid=11][id=7][SYS_POLL][0m
[32m[     9.421][0m [34mINFO  [0m: [39m[0m[39m[pid=10][tid=10][id=1][SYS_WRITE][0m
44[32m[     9.422][0m [34mINFO  [0m: [39m[0m[39m[pid=11][tid=11][id=0][SYS_READ][0m
[32m[     9.423][0m [34mINFO  [0m: [39m[0m[39m[pid=10][tid=10][id=1][SYS_WRITE][0m
[32m[     9.424][0m [34mINFO  [0m: [39m[0m[39m[pid=11][tid=11][id=1][SYS_WRITE][0m
[32m[     9.425][0m [34mINFO  [0m: [39m[0m[39m[pid=10][tid=10][id=7][SYS_POLL][0m
[32m[     9.426][0m [34mINFO  [0m: [39m[0m[39m[pid=10][tid=10][id=0][SYS_READ][0m
[32m[     9.427][0m [34mINFO  [0m: [39m[0m[39m[pid=11][tid=11][id=7][SYS_POLL][0m
[32m[     9.428][0m [34mINFO  [0m: [39m[0m[39m[pid=10][tid=10][id=1][SYS_WRITE][0m
5[32m[     9.429][0m [34mINFO  [0m: [39m[0m[39m[pid=11][tid=11][id=0][SYS_READ][0m
[32m[     9.430][0m [34mINFO  [0m: [39m[0m[39m[pid=10][tid=10][id=1][SYS_WRITE][0m
[32m[     9.431][0m [34mINFO  [0m: [39m[0m[39m[pid=11][tid=11][id=1][SYS_WRITE][0m
[32m[     9.432][0m [34mINFO  [0m: [39m[0m[39m[pid=10][tid=10][id=7][SYS_POLL][0m
[32m[     9.433][0m [34mINFO  [0m: [39m[0m[39m[pid=11][tid=11][id=7][SYS_POLL][0m
[32m[     9.434][0m [34mINFO  [0m: [39m[0m[39m[pid=10][tid=10][id=0][SYS_READ][0m
[32m[     9.435][0m [34mINFO  [0m: [39m[0m[39m[pid=11][tid=11][id=0][SYS_READ][0m
[32m[     9.436][0m [34mINFO  [0m: [39m[0m[39m[pid=11][tid=11][id=1][SYS_WRITE][0m
[32m[     9.437][0m [34mINFO  [0m: [39m[0m[39m[pid=10][tid=10][id=1][SYS_WRITE][0m
8[32m[     9.438][0m [34mINFO  [0m: [39m[0m[39m[pid=11][tid=11][id=7][SYS_POLL][0m
[32m[     9.439][0m [34mINFO  [0m: [39m[0m[39m[pid=10][tid=10][id=1][SYS_WRITE][0m
[32m[     9.440][0m [34mINFO  [0m: [39m[0m[39m[pid=11][tid=11][id=0][SYS_READ][0m
[32m[     9.441][0m [34mINFO  [0m: [39m[0m[39m[pid=10][tid=10][id=7][SYS_POLL][0m
[32m[     9.442][0m [34mINFO  [0m: [39m[0m[39m[pid=11][tid=11][id=1][SYS_WRITE][0m
[32m[     9.443][0m [34mINFO  [0m: [39m[0m[39m[pid=10][tid=10][id=0][SYS_READ][0m
[32m[     9.444][0m [34mINFO  [0m: [39m[0m[39m[pid=11][tid=11][id=7][SYS_POLL][0m
[32m[     9.445][0m [34mINFO  [0m: [39m[0m[39m[pid=10][tid=10][id=1][SYS_WRITE][0m
78[32m[     9.446][0m [34mINFO  [0m: [39m[0m[39m[pid=10][tid=10][id=1][SYS_WRITE][0m
[32m[     9.447][0m [34mINFO  [0m: [39m[0m[39m[pid=11][tid=11][id=0][SYS_READ][0m
[32m[     9.448][0m [34mINFO  [0m: [39m[0m[39m[pid=10][tid=10][id=7][SYS_POLL][0m
[32m[     9.449][0m [34mINFO  [0m: [39m[0m[39m[pid=11][tid=11][id=1][SYS_WRITE][0m
[32m[     9.450][0m [34mINFO  [0m: [39m[0m[39m[pid=11][tid=11][id=7][SYS_POLL][0m
[32m[     9.451][0m [34mINFO  [0m: [39m[0m[39m[pid=10][tid=10][id=0][SYS_READ][0m
[32m[     9.452][0m [34mINFO  [0m: [39m[0m[39m[pid=11][tid=11][id=0][SYS_READ][0m
[32m[     9.453][0m [34mINFO  [0m: [39m[0m[39m[pid=10][tid=10][id=1][SYS_WRITE][0m
8[32m[     9.454][0m [34mINFO  [0m: [39m[0m[39m[pid=11][tid=11][id=1][SYS_WRITE][0m
[32m[     9.455][0m [34mINFO  [0m: [39m[0m[39m[pid=10][tid=10][id=1][SYS_WRITE][0m
[32m[     9.456][0m [34mINFO  [0m: [39m[0m[39m[pid=11][tid=11][id=7][SYS_POLL][0m
[32m[     9.457][0m [34mINFO  [0m: [39m[0m[39m[pid=10][tid=10][id=7][SYS_POLL][0m
[32m[     9.458][0m [34mINFO  [0m: [39m[0m[39m[pid=11][tid=11][id=0][SYS_READ][0m
[32m[     9.459][0m [34mINFO  [0m: [39m[0m[39m[pid=10][tid=10][id=0][SYS_READ][0m
[32m[     9.460][0m [34mINFO  [0m: [39m[0m[39m[pid=11][tid=11][id=1][SYS_WRITE][0m
[32m[     9.461][0m [34mINFO  [0m: [39m[0m[39m[pid=10][tid=10][id=1][SYS_WRITE][0m
2[32m[     9.462][0m [34mINFO  [0m: [39m[0m[39m[pid=11][tid=11][id=7][SYS_POLL][0m
[32m[     9.463][0m [34mINFO  [0m: [39m[0m[39m[pid=10][tid=10][id=1][SYS_WRITE][0m
[32m[     9.464][0m [34mINFO  [0m: [39m[0m[39m[pid=11][tid=11][id=0][SYS_READ][0m
[32m[     9.465][0m [34mINFO  [0m: [39m[0m[39m[pid=10][tid=10][id=7][SYS_POLL][0m
[32m[     9.466][0m [34mINFO  [0m: [39m[0m[39m[pid=11][tid=11][id=1][SYS_WRITE][0m
[32m[     9.467][0m [34mINFO  [0m: [39m[0m[39m[pid=10][tid=10][id=0][SYS_READ][0m
[32m[     9.468][0m [34mINFO  [0m: [39m[0m[39m[pid=11][tid=11][id=7][SYS_POLL][0m
[32m[     9.469][0m [34mINFO  [0m: [39m[0m[39m[pid=10][tid=10][id=1][SYS_WRITE][0m
79[32m[     9.470][0m [34mINFO  [0m: [39m[0m[39m[pid=11][tid=11][id=0][SYS_READ][0m
[32m[     9.471][0m [34mINFO  [0m: [39m[0m[39m[pid=10][tid=10][id=1][SYS_WRITE][0m
[32m[     9.472][0m [34mINFO  [0m: [39m[0m[39m[pid=11][tid=11][id=1][SYS_WRITE][0m
[32m[     9.473][0m [34mINFO  [0m: [39m[0m[39m[pid=10][tid=10][id=7][SYS_POLL][0m
[32m[     9.474][0m [34mINFO  [0m: [39m[0m[39m[pid=11][tid=11][id=7][SYS_POLL][0m
[32m[     9.475][0m [34mINFO  [0m: [39m[0m[39m[pid=10][tid=10][id=0][SYS_READ][0m
[32m[     9.476][0m [34mINFO  [0m: [39m[0m[39m[pid=10][tid=10][id=1][SYS_WRITE][0m
d[32m[     9.477][0m [34mINFO  [0m: [39m[0m[39m[pid=11][tid=11][id=0][SYS_READ][0m
[32m[     9.478][0m [34mINFO  [0m: [39m[0m[39m[pid=10][tid=10][id=1][SYS_WRITE][0m
[32m[     9.479][0m [34mINFO  [0m: [39m[0m[39m[pid=11][tid=11][id=1][SYS_WRITE][0m
[32m[     9.480][0m [34mINFO  [0m: [39m[0m[39m[pid=10][tid=10][id=7][SYS_POLL][0m
[32m[     9.481][0m [34mINFO  [0m: [39m[0m[39m[pid=11][tid=11][id=7][SYS_POLL][0m
[32m[     9.482][0m [34mINFO  [0m: [39m[0m[39m[pid=10][tid=10][id=0][SYS_READ][0m
[32m[     9.483][0m [34mINFO  [0m: [39m[0m[39m[pid=11][tid=11][id=0][SYS_READ][0m
[32m[     9.484][0m [34mINFO  [0m: [39m[0m[39m[pid=10][tid=10][id=1][SYS_WRITE][0m
1[32m[     9.485][0m [34mINFO  [0m: [39m[0m[39m[pid=11][tid=11][id=1][SYS_WRITE][0m
[32m[     9.486][0m [34mINFO  [0m: [39m[0m[39m[pid=10][tid=10][id=1][SYS_WRITE][0m
[32m[     9.487][0m [34mINFO  [0m: [39m[0m[39m[pid=11][tid=11][id=7][SYS_POLL][0m
[32m[     9.488][0m [34mINFO  [0m: [39m[0m[39m[pid=10][tid=10][id=7][SYS_POLL][0m
[32m[     9.489][0m [34mINFO  [0m: [39m[0m[39m[pid=11][tid=11][id=0][SYS_READ][0m
[32m[     9.490][0m [34mINFO  [0m: [39m[0m[39m[pid=10][tid=10][id=0][SYS_READ][0m
[32m[     9.491][0m [34mINFO  [0m: [39m[0m[39m[pid=11][tid=11][id=1][SYS_WRITE][0m
[32m[     9.492][0m [34mINFO  [0m: [39m[0m[39m[pid=10][tid=10][id=1][SYS_WRITE][0m
b[32m[     9.493][0m [34mINFO  [0m: [39m[0m[39m[pid=11][tid=11][id=7][SYS_POLL][0m
[32m[     9.494][0m [34mINFO  [0m: [39m[0m[39m[pid=10][tid=10][id=1][SYS_WRITE][0m
[32m[     9.495][0m [34mINFO  [0m: [39m[0m[39m[pid=11][tid=11][id=0][SYS_READ][0m
[32m[     9.496][0m [34mINFO  [0m: [39m[0m[39m[pid=10][tid=10][id=7][SYS_POLL][0m
[32m[     9.497][0m [34mINFO  [0m: [39m[0m[39m[pid=11][tid=11][id=1][SYS_WRITE][0m
[32m[     9.498][0m [34mINFO  [0m: [39m[0m[39m[pid=10][tid=10][id=0][SYS_READ][0m
[32m[     9.499][0m [34mINFO  [0m: [39m[0m[39m[pid=11][tid=11][id=7][SYS_POLL][0m
[32m[     9.500][0m [34mINFO  [0m: [39m[0m[39m[pid=11][tid=11][id=0][SYS_READ][0m
[32m[     9.501][0m [34mINFO  [0m: [39m[0m[39m[pid=10][tid=10][id=1][SYS_WRITE][0m
68[32m[     9.502][0m [34mINFO  [0m: [39m[0m[39m[pid=10][tid=10][id=1][SYS_WRITE][0m
[32m[     9.503][0m [34mINFO  [0m: [39m[0m[39m[pid=11][tid=11][id=1][SYS_WRITE][0m
[32m[     9.504][0m [34mINFO  [0m: [39m[0m[39m[pid=10][tid=10][id=7][SYS_POLL][0m
[32m[     9.505][0m [34mINFO  [0m: [39m[0m[39m[pid=11][tid=11][id=7][SYS_POLL][0m
[32m[     9.506][0m [34mINFO  [0m: [39m[0m[39m[pid=10][tid=10][id=0][SYS_READ][0m
[32m[     9.507][0m [34mINFO  [0m: [39m[0m[39m[pid=11][tid=11][id=0][SYS_READ][0m
[32m[     9.508][0m [34mINFO  [0m: [39m[0m[39m[pid=10][tid=10][id=1][SYS_WRITE][0m
0[32m[     9.509][0m [34mINFO  [0m: [39m[0m[39m[pid=11][tid=11][id=1][SYS_WRITE][0m
[32m[     9.510][0m [34mINFO  [0m: [39m[0m[39m[pid=11][tid=11][id=7][SYS_POLL][0m
[32m[     9.511][0m [34mINFO  [0m: [39m[0m[39m[pid=10][tid=10][id=1][SYS_WRITE][0m
[32m[     9.512][0m [34mINFO  [0m: [39m[0m[39m[pid=10][tid=10][id=7][SYS_POLL][0m
[32m[     9.513][0m [34mINFO  [0m: [39m[0m[39m[pid=11][tid=11][id=0][SYS_READ][0m
[32m[     9.514][0m [34mINFO  [0m: [39m[0m[39m[pid=10][tid=10][id=0][SYS_READ][0m
[32m[     9.515][0m [34mINFO  [0m: [39m[0m[39m[pid=11][tid=11][id=1][SYS_WRITE][0m
[32m[     9.516][0m [34mINFO  [0m: [39m[0m[39m[pid=10][tid=10][id=1][SYS_WRITE][0m
5[32m[     9.517][0m [34mINFO  [0m: [39m[0m[39m[pid=11][tid=11][id=7][SYS_POLL][0m
[32m[     9.518][0m [34mINFO  [0m: [39m[0m[39m[pid=10][tid=10][id=1][SYS_WRITE][0m
[32m[     9.519][0m [34mINFO  [0m: [39m[0m[39m[pid=11][tid=11][id=0][SYS_READ][0m
[32m[     9.520][0m [34mINFO  [0m: [39m[0m[39m[pid=10][tid=10][id=7][SYS_POLL][0m
[32m[     9.521][0m [34mINFO  [0m: [39m[0m[39m[pid=11][tid=11][id=1][SYS_WRITE][0m
[32m[     9.522][0m [34mINFO  [0m: [39m[0m[39m[pid=11][tid=11][id=7][SYS_POLL][0m
[32m[     9.523][0m [34mINFO  [0m: [39m[0m[39m[pid=10][tid=10][id=0][SYS_READ][0m
[32m[     9.524][0m [34mINFO  [0m: [39m[0m[39m[pid=11][tid=11][id=0][SYS_READ][0m
[32m[     9.525][0m [34mINFO  [0m: [39m[0m[39m[pid=10][tid=10][id=1][SYS_WRITE][0m
1d[32m[     9.526][0m [34mINFO  [0m: [39m[0m[39m[pid=10][tid=10][id=1][SYS_WRITE][0m
[32m[     9.527][0m [34mINFO  [0m: [39m[0m[39m[pid=11][tid=11][id=1][SYS_WRITE][0m
[32m[     9.528][0m [34mINFO  [0m: [39m[0m[39m[pid=11][tid=11][id=7][SYS_POLL][0m
[32m[     9.529][0m [34mINFO  [0m: [39m[0m[39m[pid=10][tid=10][id=7][SYS_POLL][0m
[32m[     9.530][0m [34mINFO  [0m: [39m[0m[39m[pid=11][tid=11][id=0][SYS_READ][0m
[32m[     9.531][0m [34mINFO  [0m: [39m[0m[39m[pid=10][tid=10][id=0][SYS_READ][0m
[32m[     9.532][0m [34mINFO  [0m: [39m[0m[39m[pid=11][tid=11][id=1][SYS_WRITE][0m
[32m[     9.533][0m [34mINFO  [0m: [39m[0m[39m[pid=10][tid=10][id=1][SYS_WRITE][0m
a[32m[     9.534][0m [34mINFO  [0m: [39m[0m[39m[pid=11][tid=11][id=7][SYS_POLL][0m
[32m[     9.535][0m [34mINFO  [0m: [39m[0m[39m[pid=10][tid=10][id=1][SYS_WRITE][0m
[32m[     9.536][0m [34mINFO  [0m: [39m[0m[39m[pid=11][tid=11][id=0][SYS_READ][0m
[32m[     9.537][0m [34mINFO  [0m: [39m[0m[39m[pid=10][tid=10][id=7][SYS_POLL][0m
[32m[     9.538][0m [34mINFO  [0m: [39m[0m[39m[pid=11][tid=11][id=1][SYS_WRITE][0m
[32m[     9.539][0m [34mINFO  [0m: [39m[0m[39m[pid=10][tid=10][id=0][SYS_READ][0m
[32m[     9.540][0m [34mINFO  [0m: [39m[0m[39m[pid=11][tid=11][id=7][SYS_POLL][0m
[32m[     9.541][0m [34mINFO  [0m: [39m[0m[39m[pid=10][tid=10][id=1][SYS_WRITE][0m
f [32m[     9.542][0m [34mINFO  [0m: [39m[0m[39m[pid=11][tid=11][id=0][SYS_READ][0m
[32m[     9.543][0m [34mINFO  [0m: [39m[0m[39m[pid=10][tid=10][id=1][SYS_WRITE][0m
[32m[     9.544][0m [34mINFO  [0m: [39m[0m[39m[pid=10][tid=10][id=7][SYS_POLL][0m
[32m[     9.545][0m [34mINFO  [0m: [39m[0m[39m[pid=11][tid=11][id=1][SYS_WRITE][0m
[32m[     9.546][0m [34mINFO  [0m: [39m[0m[39m[pid=11][tid=11][id=7][SYS_POLL][0m
[32m[     9.547][0m [34mINFO  [0m: [39m[0m[39m[pid=10][tid=10][id=0][SYS_READ][0m
[32m[     9.548][0m [34mINFO  [0m: [39m[0m[39m[pid=11][tid=11][id=0][SYS_READ][0m
[32m[     9.549][0m [34mINFO  [0m: [39m[0m[39m[pid=11][tid=11][id=1][SYS_WRITE][0m
[32m[     9.550][0m [34mINFO  [0m: [39m[0m[39m[pid=10][tid=10][id=1][SYS_WRITE][0m
"[32m[     9.551][0m [34mINFO  [0m: [39m[0m[39m[pid=11][tid=11][id=7][SYS_POLL][0m
[32m[     9.552][0m [34mINFO  [0m: [39m[0m[39m[pid=10][tid=10][id=1][SYS_WRITE][0m
[32m[     9.553][0m [34mINFO  [0m: [39m[0m[39m[pid=11][tid=11][id=0][SYS_READ][0m
[32m[     9.554][0m [34mINFO  [0m: [39m[0m[39m[pid=10][tid=10][id=7][SYS_POLL][0m
[32m[     9.555][0m [34mINFO  [0m: [39m[0m[39m[pid=11][tid=11][id=1][SYS_WRITE][0m
[32m[     9.556][0m [34mINFO  [0m: [39m[0m[39m[pid=10][tid=10][id=0][SYS_READ][0m
[32m[     9.557][0m [34mINFO  [0m: [39m[0m[39m[pid=10][tid=10][id=1][SYS_WRITE][0m
$_[32m[     9.558][0m [34mINFO  [0m: [39m[0m[39m[pid=11][tid=11][id=7][SYS_POLL][0m
[32m[     9.559][0m [34mINFO  [0m: [39m[0m[39m[pid=10][tid=10][id=1][SYS_WRITE][0m
[32m[     9.560][0m [34mINFO  [0m: [39m[0m[39m[pid=11][tid=11][id=0][SYS_READ][0m
[32m[     9.561][0m [34mINFO  [0m: [39m[0m[39m[pid=10][tid=10][id=7][SYS_POLL][0m
[32m[     9.562][0m [34mINFO  [0m: [39m[0m[39m[pid=11][tid=11][id=1][SYS_WRITE][0m
[32m[     9.563][0m [34mINFO  [0m: [39m[0m[39m[pid=11][tid=11][id=7][SYS_POLL][0m
[32m[     9.564][0m [34mINFO  [0m: [39m[0m[39m[pid=10][tid=10][id=0][SYS_READ][0m
[32m[     9.565][0m [34mINFO  [0m: [39m[0m[39m[pid=11][tid=11][id=0][SYS_READ][0m
[32m[     9.566][0m [34mINFO  [0m: [39m[0m[39m[pid=10][tid=10][id=1][SYS_WRITE][0m
_[32m[     9.567][0m [34mINFO  [0m: [39m[0m[39m[pid=11][tid=11][id=1][SYS_WRITE][0m
[32m[     9.568][0m [34mINFO  [0m: [39m[0m[39m[pid=10][tid=10][id=1][SYS_WRITE][0m
[32m[     9.569][0m [34mINFO  [0m: [39m[0m[39m[pid=11][tid=11][id=7][SYS_POLL][0m
[32m[     9.570][0m [34mINFO  [0m: [39m[0m[39m[pid=10][tid=10][id=7][SYS_POLL][0m
[32m[     9.571][0m [34mINFO  [0m: [39m[0m[39m[pid=11][tid=11][id=0][SYS_READ][0m
[32m[     9.572][0m [34mINFO  [0m: [39m[0m[39m[pid=10][tid=10][id=0][SYS_READ][0m
[32m[     9.573][0m [34mINFO  [0m: [39m[0m[39m[pid=11][tid=11][id=1][SYS_WRITE][0m
[32m[     9.574][0m [34mINFO  [0m: [39m[0m[39m[pid=10][tid=10][id=1][SYS_WRITE][0m
d[32m[     9.575][0m [34mINFO  [0m: [39m[0m[39m[pid=11][tid=11][id=7][SYS_POLL][0m
[32m[     9.576][0m [34mINFO  [0m: [39m[0m[39m[pid=10][tid=10][id=1][SYS_WRITE][0m
[32m[     9.577][0m [34mINFO  [0m: [39m[0m[39m[pid=11][tid=11][id=0][SYS_READ][0m
[32m[     9.578][0m [34mINFO  [0m: [39m[0m[39m[pid=10][tid=10][id=7][SYS_POLL][0m
[32m[     9.579][0m [34mINFO  [0m: [39m[0m[39m[pid=11][tid=11][id=1][SYS_WRITE][0m
[32m[     9.580][0m [34mINFO  [0m: [39m[0m[39m[pid=10][tid=10][id=0][SYS_READ][0m
[32m[     9.581][0m [34mINFO  [0m: [39m[0m[39m[pid=11][tid=11][id=7][SYS_POLL][0m
[32m[     9.582][0m [34mINFO  [0m: [39m[0m[39m[pid=10][tid=10][id=1][SYS_WRITE][0m
pf[32m[     9.583][0m [34mINFO  [0m: [39m[0m[39m[pid=11][tid=11][id=0][SYS_READ][0m
[32m[     9.584][0m [34mINFO  [0m: [39m[0m[39m[pid=10][tid=10][id=1][SYS_WRITE][0m
[32m[     9.585][0m [34mINFO  [0m: [39m[0m[39m[pid=11][tid=11][id=1][SYS_WRITE][0m
[32m[     9.586][0m [34mINFO  [0m: [39m[0m[39m[pid=10][tid=10][id=7][SYS_POLL][0m
[32m[     9.587][0m [34mINFO  [0m: [39m[0m[39m[pid=11][tid=11][id=7][SYS_POLL][0m
[32m[     9.588][0m [34mINFO  [0m: [39m[0m[39m[pid=10][tid=10][id=0][SYS_READ][0m
[32m[     9.589][0m [34mINFO  [0m: [39m[0m[39m[pid=11][tid=11][id=0][SYS_READ][0m
[32m[     9.590][0m [34mINFO  [0m: [39m[0m[39m[pid=11][tid=11][id=1][SYS_WRITE][0m
[32m[     9.591][0m [34mINFO  [0m: [39m[0m[39m[pid=10][tid=10][id=1][SYS_WRITE][0m
_[32m[     9.592][0m [34mINFO  [0m: [39m[0m[39m[pid=11][tid=11][id=7][SYS_POLL][0m
[32m[     9.593][0m [34mINFO  [0m: [39m[0m[39m[pid=10][tid=10][id=1][SYS_WRITE][0m
[32m[     9.594][0m [34mINFO  [0m: [39m[0m[39m[pid=10][tid=10][id=7][SYS_POLL][0m
[32m[     9.595][0m [34mINFO  [0m: [39m[0m[39m[pid=11][tid=11][id=0][SYS_READ][0m
[32m[     9.596][0m [34mINFO  [0m: [39m[0m[39m[pid=10][tid=10][id=0][SYS_READ][0m
[32m[     9.597][0m [34mINFO  [0m: [39m[0m[39m[pid=11][tid=11][id=1][SYS_WRITE][0m
[32m[     9.598][0m [34mINFO  [0m: [39m[0m[39m[pid=10][tid=10][id=1][SYS_WRITE][0m
e[32m[     9.599][0m [34mINFO  [0m: [39m[0m[39m[pid=10][tid=10][id=1][SYS_WRITE][0m
[32m[     9.600][0m [34mINFO  [0m: [39m[0m[39m[pid=11][tid=11][id=7][SYS_POLL][0m
[32m[     9.601][0m [34mINFO  [0m: [39m[0m[39m[pid=10][tid=10][id=7][SYS_POLL][0m
[32m[     9.602][0m [34mINFO  [0m: [39m[0m[39m[pid=11][tid=11][id=0][SYS_READ][0m
[32m[     9.603][0m [34mINFO  [0m: [39m[0m[39m[pid=10][tid=10][id=0][SYS_READ][0m
[32m[     9.604][0m [34mINFO  [0m: [39m[0m[39m[pid=11][tid=11][id=1][SYS_WRITE][0m
[32m[     9.605][0m [34mINFO  [0m: [39m[0m[39m[pid=10][tid=10][id=1][SYS_WRITE][0m
x[32m[     9.606][0m [34mINFO  [0m: [39m[0m[39m[pid=11][tid=11][id=7][SYS_POLL][0m
[32m[     9.607][0m [34mINFO  [0m: [39m[0m[39m[pid=10][tid=10][id=1][SYS_WRITE][0m
[32m[     9.608][0m [34mINFO  [0m: [39m[0m[39m[pid=11][tid=11][id=0][SYS_READ][0m
[32m[     9.609][0m [34mINFO  [0m: [39m[0m[39m[pid=10][tid=10][id=7][SYS_POLL][0m
[32m[     9.610][0m [34mINFO  [0m: [39m[0m[39m[pid=11][tid=11][id=1][SYS_WRITE][0m
[32m[     9.611][0m [34mINFO  [0m: [39m[0m[39m[pid=10][tid=10][id=0][SYS_READ][0m
[32m[     9.612][0m [34mINFO  [0m: [39m[0m[39m[pid=11][tid=11][id=7][SYS_POLL][0m
[32m[     9.613][0m [34mINFO  [0m: [39m[0m[39m[pid=10][tid=10][id=1][SYS_WRITE][0m
it[32m[     9.614][0m [34mINFO  [0m: [39m[0m[39m[pid=11][tid=11][id=0][SYS_READ][0m
[32m[     9.615][0m [34mINFO  [0m: [39m[0m[39m[pid=10][tid=10][id=1][SYS_WRITE][0m
[32m[     9.616][0m [34mINFO  [0m: [39m[0m[39m[pid=11][tid=11][id=1][SYS_WRITE][0m
[32m[     9.617][0m [34mINFO  [0m: [39m[0m[39m[pid=10][tid=10][id=7][SYS_POLL][0m
[32m[     9.618][0m [34mINFO  [0m: [39m[0m[39m[pid=11][tid=11][id=7][SYS_POLL][0m
[32m[     9.619][0m [34mINFO  [0m: [39m[0m[39m[pid=10][tid=10][id=0][SYS_READ][0m
[32m[     9.620][0m [34mINFO  [0m: [39m[0m[39m[pid=11][tid=11][id=0][SYS_READ][0m
[32m[     9.621][0m [34mINFO  [0m: [39m[0m[39m[pid=10][tid=10][id=1][SYS_WRITE][0m
"[32m[     9.622][0m [34mINFO  [0m: [39m[0m[39m[pid=11][tid=11][id=1][SYS_WRITE][0m
[32m[     9.623][0m [34mINFO  [0m: [39m[0m[39m[pid=10][tid=10][id=1][SYS_WRITE][0m
[32m[     9.624][0m [34mINFO  [0m: [39m[0m[39m[pid=11][tid=11][id=257][SYS_OPENAT][0m
[32m[     9.625][0m [34mINFO  [0m: [39m[0m[39m[pid=10][tid=10][id=7][SYS_POLL][0m
[32m[     9.626][0m [34mINFO  [0m: [39m[0m[39m[pid=10][tid=10][id=0][SYS_READ][0m
[32m[     9.627][0m [34mINFO  [0m: [39m[0m[39m[pid=11][tid=11][id=8][SYS_LSEEK][0m
[32m[     9.628][0m [34mINFO  [0m: [39m[0m[39m[pid=10][tid=10][id=1][SYS_WRITE][0m

[32m[     9.629][0m [34mINFO  [0m: [39m[0m[39m[pid=11][tid=11][id=1][SYS_WRITE][0m
[32m[     9.630][0m [34mINFO  [0m: [39m[0m[39m[pid=10][tid=10][id=1][SYS_WRITE][0m
[32m[     9.631][0m [34mINFO  [0m: [39m[0m[39m[pid=11][tid=11][id=3][SYS_CLOSE][0m
[32m[     9.632][0m [34mINFO  [0m: [39m[0m[39m[pid=11][tid=11][id=16][SYS_IOCTL][0m
[32m[     9.633][0m [34mINFO  [0m: [39m[0m[39m[pid=10][tid=10][id=7][SYS_POLL][0m
[32m[     9.634][0m [34mINFO  [0m: [39m[0m[39m[pid=11][tid=11][id=13][SYS_RT_SIGACTION][0m
[32m[     9.635][0m [34mINFO  [0m: [39m[0m[39m[pid=11][tid=11][id=56][SYS_CLONE][0m
[32m[     9.639][0m [34mINFO  [0m: [39m[0m[39m[pid=11][tid=11][id=109][SYS_SETPGID][0m
[32m[     9.640][0m [34mINFO  [0m: [39m[0m[39m[pid=17][tid=17][id=273][SYS_SET_ROBUST_LIST][0m
[32m[     9.641][0m [34mINFO  [0m: [39m[0m[39m[pid=11][tid=11][id=61][SYS_WAIT4][0m
[32m[     9.642][0m [34mINFO  [0m: [39m[0m[39m[pid=17][tid=17][id=39][SYS_GETPID][0m
[32m[     9.643][0m [34mINFO  [0m: [39m[0m[39m[pid=17][tid=17][id=109][SYS_SETPGID][0m
[32m[     9.644][0m [34mINFO  [0m: [39m[0m[39m[pid=17][tid=17][id=16][SYS_IOCTL][0m
[32m[     9.645][0m [34mINFO  [0m: [39m[0m[39m[pid=17][tid=17][id=13][SYS_RT_SIGACTION][0m
[32m[     9.646][0m [34mINFO  [0m: [39m[0m[39m[pid=17][tid=17][id=13][SYS_RT_SIGACTION][0m
[32m[     9.647][0m [34mINFO  [0m: [39m[0m[39m[pid=17][tid=17][id=13][SYS_RT_SIGACTION][0m
[32m[     9.648][0m [34mINFO  [0m: [39m[0m[39m[pid=17][tid=17][id=13][SYS_RT_SIGACTION][0m
[32m[     9.649][0m [34mINFO  [0m: [39m[0m[39m[pid=17][tid=17][id=13][SYS_RT_SIGACTION][0m
[32m[     9.650][0m [34mINFO  [0m: [39m[0m[39m[pid=17][tid=17][id=59][SYS_EXECVE][0m
[32m[     9.653][0m [34mINFO  [0m: [39m[0m[39m[pid=17][tid=17][id=12][SYS_BRK][0m
[32m[     9.654][0m [34mINFO  [0m: [39m[0m[39m[pid=17][tid=17][id=9][SYS_MMAP][0m
[32m[     9.655][0m [34mINFO  [0m: [39m[0m[39m[pid=17][tid=17][id=21][SYS_ACCESS][0m
[32m[     9.656][0m [34mINFO  [0m: [39m[0m[39m[pid=17][tid=17][id=257][SYS_OPENAT][0m
[32m[     9.657][0m [34mINFO  [0m: [39m[0m[39m[pid=17][tid=17][id=262][SYS_FSTATAT][0m
[32m[     9.658][0m [34mINFO  [0m: [39m[0m[39m[pid=17][tid=17][id=257][SYS_OPENAT][0m
[32m[     9.659][0m [34mINFO  [0m: [39m[0m[39m[pid=17][tid=17][id=262][SYS_FSTATAT][0m
[32m[     9.660][0m [34mINFO  [0m: [39m[0m[39m[pid=17][tid=17][id=257][SYS_OPENAT][0m
[32m[     9.661][0m [34mINFO  [0m: [39m[0m[39m[pid=17][tid=17][id=0][SYS_READ][0m
[32m[     9.662][0m [34mINFO  [0m: [39m[0m[39m[pid=17][tid=17][id=5][SYS_FSTAT][0m
[32m[     9.663][0m [34mINFO  [0m: [39m[0m[39m[pid=17][tid=17][id=9][SYS_MMAP][0m
[32m[     9.664][0m [34mINFO  [0m: [39m[0m[39m[pid=17][tid=17][id=9][SYS_MMAP][0m
[32m[     9.665][0m [34mINFO  [0m: [39m[0m[39m[pid=17][tid=17][id=9][SYS_MMAP][0m
[32m[     9.666][0m [34mINFO  [0m: [39m[0m[39m[pid=17][tid=17][id=9][SYS_MMAP][0m
[32m[     9.667][0m [34mINFO  [0m: [39m[0m[39m[pid=17][tid=17][id=3][SYS_CLOSE][0m
[32m[     9.668][0m [34mINFO  [0m: [39m[0m[39m[pid=17][tid=17][id=257][SYS_OPENAT][0m
[32m[     9.669][0m [34mINFO  [0m: [39m[0m[39m[pid=17][tid=17][id=0][SYS_READ][0m
[32m[     9.670][0m [34mINFO  [0m: [39m[0m[39m[pid=17][tid=17][id=5][SYS_FSTAT][0m
[32m[     9.671][0m [34mINFO  [0m: [39m[0m[39m[pid=17][tid=17][id=9][SYS_MMAP][0m
[32m[     9.672][0m [34mINFO  [0m: [39m[0m[39m[pid=17][tid=17][id=9][SYS_MMAP][0m
[32m[     9.673][0m [34mINFO  [0m: [39m[0m[39m[pid=17][tid=17][id=9][SYS_MMAP][0m
[32m[     9.674][0m [34mINFO  [0m: [39m[0m[39m[pid=17][tid=17][id=9][SYS_MMAP][0m
[32m[     9.675][0m [34mINFO  [0m: [39m[0m[39m[pid=17][tid=17][id=9][SYS_MMAP][0m
[32m[     9.676][0m [34mINFO  [0m: [39m[0m[39m[pid=17][tid=17][id=3][SYS_CLOSE][0m
[32m[     9.677][0m [34mINFO  [0m: [39m[0m[39m[pid=17][tid=17][id=257][SYS_OPENAT][0m
[32m[     9.678][0m [34mINFO  [0m: [39m[0m[39m[pid=17][tid=17][id=0][SYS_READ][0m
[32m[     9.679][0m [34mINFO  [0m: [39m[0m[39m[pid=17][tid=17][id=17][SYS_PREAD64][0m
[32m[     9.680][0m [34mINFO  [0m: [39m[0m[39m[pid=17][tid=17][id=5][SYS_FSTAT][0m
[32m[     9.681][0m [34mINFO  [0m: [39m[0m[39m[pid=17][tid=17][id=17][SYS_PREAD64][0m
[32m[     9.682][0m [34mINFO  [0m: [39m[0m[39m[pid=17][tid=17][id=9][SYS_MMAP][0m
[32m[     9.683][0m [34mINFO  [0m: [39m[0m[39m[pid=17][tid=17][id=9][SYS_MMAP][0m
[32m[     9.684][0m [34mINFO  [0m: [39m[0m[39m[pid=17][tid=17][id=9][SYS_MMAP][0m
[32m[     9.685][0m [34mINFO  [0m: [39m[0m[39m[pid=17][tid=17][id=9][SYS_MMAP][0m
[32m[     9.686][0m [34mINFO  [0m: [39m[0m[39m[pid=17][tid=17][id=9][SYS_MMAP][0m
[32m[     9.687][0m [34mINFO  [0m: [39m[0m[39m[pid=17][tid=17][id=3][SYS_CLOSE][0m
[32m[     9.688][0m [34mINFO  [0m: [39m[0m[39m[pid=17][tid=17][id=9][SYS_MMAP][0m
[32m[     9.689][0m [34mINFO  [0m: [39m[0m[39m[pid=17][tid=17][id=158][SYS_ARCH_PRCTL][0m
[32m[     9.690][0m [34mINFO  [0m: [39m[0m[39m[pid=17][tid=17][id=218][SYS_SET_TID_ADDRESS][0m
[32m[     9.691][0m [34mINFO  [0m: [39m[0m[39m[pid=17][tid=17][id=273][SYS_SET_ROBUST_LIST][0m
[32m[     9.692][0m [93mWARN  [0m: [39m[0m[39mUnimplemented syscall number: 334[0m
[32m[     9.693][0m [34mINFO  [0m: [39m[0m[39m[pid=17][tid=17][id=10][SYS_MPROTECT][0m
[32m[     9.694][0m [34mINFO  [0m: [39m[0m[39m[pid=17][tid=17][id=10][SYS_MPROTECT][0m
[32m[     9.695][0m [34mINFO  [0m: [39m[0m[39m[pid=17][tid=17][id=10][SYS_MPROTECT][0m
[32m[     9.696][0m [34mINFO  [0m: [39m[0m[39m[pid=17][tid=17][id=10][SYS_MPROTECT][0m
[32m[     9.697][0m [34mINFO  [0m: [39m[0m[39m[pid=17][tid=17][id=10][SYS_MPROTECT][0m
[32m[     9.698][0m [34mINFO  [0m: [39m[0m[39m[pid=17][tid=17][id=302][SYS_PRLIMIT64][0m
[32m[     9.699][0m [34mINFO  [0m: [39m[0m[39m[pid=17][tid=17][id=318][SYS_GETRANDOM][0m
[32m[     9.700][0m [34mINFO  [0m: [39m[0m[39m[pid=17][tid=17][id=102][SYS_GETUID][0m
[32m[     9.701][0m [34mINFO  [0m: [39m[0m[39m[pid=17][tid=17][id=12][SYS_BRK][0m
[32m[     9.702][0m [34mINFO  [0m: [39m[0m[39m[pid=17][tid=17][id=12][SYS_BRK][0m
[32m[     9.703][0m [34mINFO  [0m: [39m[0m[39m[pid=17][tid=17][id=39][SYS_GETPID][0m
[32m[     9.704][0m [34mINFO  [0m: [39m[0m[39m[pid=17][tid=17][id=13][SYS_RT_SIGACTION][0m
[32m[     9.705][0m [34mINFO  [0m: [39m[0m[39m[pid=17][tid=17][id=110][SYS_GETPPID][0m
[32m[     9.706][0m [34mINFO  [0m: [39m[0m[39m[pid=17][tid=17][id=63][SYS_UNAME][0m
[32m[     9.707][0m [34mINFO  [0m: [39m[0m[39m[pid=17][tid=17][id=262][SYS_FSTATAT][0m
[32m[     9.708][0m [34mINFO  [0m: [39m[0m[39m[pid=17][tid=17][id=262][SYS_FSTATAT][0m
[32m[     9.709][0m [34mINFO  [0m: [39m[0m[39m[pid=17][tid=17][id=13][SYS_RT_SIGACTION][0m
[32m[     9.710][0m [34mINFO  [0m: [39m[0m[39m[pid=17][tid=17][id=13][SYS_RT_SIGACTION][0m
[32m[     9.711][0m [34mINFO  [0m: [39m[0m[39m[pid=17][tid=17][id=13][SYS_RT_SIGACTION][0m
[32m[     9.712][0m [34mINFO  [0m: [39m[0m[39m[pid=17][tid=17][id=13][SYS_RT_SIGACTION][0m
[32m[     9.713][0m [34mINFO  [0m: [39m[0m[39m[pid=17][tid=17][id=257][SYS_OPENAT][0m
[32m[     9.714][0m [34mINFO  [0m: [39m[0m[39m[pid=17][tid=17][id=72][SYS_FCNTL][0m
[32m[     9.715][0m [34mINFO  [0m: [39m[0m[39m[pid=17][tid=17][id=33][SYS_DUP2][0m
[32m[     9.716][0m [34mINFO  [0m: [39m[0m[39m[pid=17][tid=17][id=3][SYS_CLOSE][0m
[32m[     9.717][0m [34mINFO  [0m: [39m[0m[39m[pid=17][tid=17][id=1][SYS_WRITE][0m
[32m[     9.718][0m [34mINFO  [0m: [39m[0m[39m[pid=17][tid=17][id=1][SYS_WRITE][0m
[32m[     9.719][0m [34mINFO  [0m: [39m[0m[39m[pid=17][tid=17][id=33][SYS_DUP2][0m
[32m[     9.720][0m [34mINFO  [0m: [39m[0m[39m[pid=10][tid=10][id=0][SYS_READ][0m
[32m[     9.721][0m [34mINFO  [0m: [39m[0m[39m[pid=17][tid=17][id=3][SYS_CLOSE][0m
[32m[     9.722][0m [34mINFO  [0m: [39m[0m[39m[pid=10][tid=10][id=1][SYS_WRITE][0m
sh: write error: Invalid argument
[32m[     9.724][0m [34mINFO  [0m: [39m[0m[39m[pid=17][tid=17][id=293][SYS_PIPE2][0m
[32m[     9.725][0m [34mINFO  [0m: [39m[0m[39m[pid=10][tid=10][id=1][SYS_WRITE][0m
[32m[     9.726][0m [34mINFO  [0m: [39m[0m[39m[pid=17][tid=17][id=56][SYS_CLONE][0m
[32m[     9.730][0m [34mINFO  [0m: [39m[0m[39m[pid=10][tid=10][id=7][SYS_POLL][0m
[32m[     9.731][0m [34mINFO  [0m: [39m[0m[39m[pid=18][tid=18][id=273][SYS_SET_ROBUST_LIST][0m
[32m[     9.732][0m [34mINFO  [0m: [39m[0m[39m[pid=17][tid=17][id=3][SYS_CLOSE][0m
[32m[     9.733][0m [34mINFO  [0m: [39m[0m[39m[pid=18][tid=18][id=13][SYS_RT_SIGACTION][0m
[32m[     9.734][0m [34mINFO  [0m: [39m[0m[39m[pid=17][tid=17][id=0][SYS_READ][0m
[32m[     9.735][0m [34mINFO  [0m: [39m[0m[39m[pid=18][tid=18][id=3][SYS_CLOSE][0m
[32m[     9.736][0m [34mINFO  [0m: [39m[0m[39m[pid=18][tid=18][id=33][SYS_DUP2][0m
[32m[     9.737][0m [34mINFO  [0m: [39m[0m[39m[pid=18][tid=18][id=3][SYS_CLOSE][0m
[32m[     9.738][0m [34mINFO  [0m: [39m[0m[39m[pid=18][tid=18][id=262][SYS_FSTATAT][0m
[32m[     9.739][0m [34mINFO  [0m: [39m[0m[39m[pid=18][tid=18][id=59][SYS_EXECVE][0m
[32m[     9.742][0m [34mINFO  [0m: [39m[0m[39m[pid=18][tid=18][id=12][SYS_BRK][0m
[32m[     9.743][0m [34mINFO  [0m: [39m[0m[39m[pid=18][tid=18][id=9][SYS_MMAP][0m
[32m[     9.744][0m [34mINFO  [0m: [39m[0m[39m[pid=18][tid=18][id=21][SYS_ACCESS][0m
[32m[     9.745][0m [34mINFO  [0m: [39m[0m[39m[pid=18][tid=18][id=257][SYS_OPENAT][0m
[32m[     9.746][0m [34mINFO  [0m: [39m[0m[39m[pid=18][tid=18][id=262][SYS_FSTATAT][0m
[32m[     9.747][0m [34mINFO  [0m: [39m[0m[39m[pid=18][tid=18][id=257][SYS_OPENAT][0m
[32m[     9.748][0m [34mINFO  [0m: [39m[0m[39m[pid=18][tid=18][id=262][SYS_FSTATAT][0m
[32m[     9.749][0m [34mINFO  [0m: [39m[0m[39m[pid=18][tid=18][id=257][SYS_OPENAT][0m
[32m[     9.750][0m [34mINFO  [0m: [39m[0m[39m[pid=18][tid=18][id=0][SYS_READ][0m
[32m[     9.751][0m [34mINFO  [0m: [39m[0m[39m[pid=18][tid=18][id=5][SYS_FSTAT][0m
[32m[     9.752][0m [34mINFO  [0m: [39m[0m[39m[pid=18][tid=18][id=9][SYS_MMAP][0m
[32m[     9.753][0m [34mINFO  [0m: [39m[0m[39m[pid=18][tid=18][id=9][SYS_MMAP][0m
[32m[     9.754][0m [34mINFO  [0m: [39m[0m[39m[pid=18][tid=18][id=9][SYS_MMAP][0m
[32m[     9.755][0m [34mINFO  [0m: [39m[0m[39m[pid=18][tid=18][id=9][SYS_MMAP][0m
[32m[     9.756][0m [34mINFO  [0m: [39m[0m[39m[pid=18][tid=18][id=3][SYS_CLOSE][0m
[32m[     9.757][0m [34mINFO  [0m: [39m[0m[39m[pid=18][tid=18][id=257][SYS_OPENAT][0m
[32m[     9.758][0m [34mINFO  [0m: [39m[0m[39m[pid=18][tid=18][id=0][SYS_READ][0m
[32m[     9.759][0m [34mINFO  [0m: [39m[0m[39m[pid=18][tid=18][id=5][SYS_FSTAT][0m
[32m[     9.760][0m [34mINFO  [0m: [39m[0m[39m[pid=18][tid=18][id=9][SYS_MMAP][0m
[32m[     9.761][0m [34mINFO  [0m: [39m[0m[39m[pid=18][tid=18][id=9][SYS_MMAP][0m
[32m[     9.762][0m [34mINFO  [0m: [39m[0m[39m[pid=18][tid=18][id=9][SYS_MMAP][0m
[32m[     9.763][0m [34mINFO  [0m: [39m[0m[39m[pid=18][tid=18][id=9][SYS_MMAP][0m
[32m[     9.764][0m [34mINFO  [0m: [39m[0m[39m[pid=18][tid=18][id=9][SYS_MMAP][0m
[32m[     9.765][0m [34mINFO  [0m: [39m[0m[39m[pid=18][tid=18][id=3][SYS_CLOSE][0m
[32m[     9.766][0m [34mINFO  [0m: [39m[0m[39m[pid=18][tid=18][id=257][SYS_OPENAT][0m
[32m[     9.767][0m [34mINFO  [0m: [39m[0m[39m[pid=18][tid=18][id=0][SYS_READ][0m
[32m[     9.768][0m [34mINFO  [0m: [39m[0m[39m[pid=18][tid=18][id=17][SYS_PREAD64][0m
[32m[     9.769][0m [34mINFO  [0m: [39m[0m[39m[pid=18][tid=18][id=5][SYS_FSTAT][0m
[32m[     9.770][0m [34mINFO  [0m: [39m[0m[39m[pid=18][tid=18][id=17][SYS_PREAD64][0m
[32m[     9.771][0m [34mINFO  [0m: [39m[0m[39m[pid=18][tid=18][id=9][SYS_MMAP][0m
[32m[     9.772][0m [34mINFO  [0m: [39m[0m[39m[pid=18][tid=18][id=9][SYS_MMAP][0m
[32m[     9.773][0m [34mINFO  [0m: [39m[0m[39m[pid=18][tid=18][id=9][SYS_MMAP][0m
[32m[     9.774][0m [34mINFO  [0m: [39m[0m[39m[pid=18][tid=18][id=9][SYS_MMAP][0m
[32m[     9.775][0m [34mINFO  [0m: [39m[0m[39m[pid=18][tid=18][id=9][SYS_MMAP][0m
[32m[     9.776][0m [34mINFO  [0m: [39m[0m[39m[pid=18][tid=18][id=3][SYS_CLOSE][0m
[32m[     9.777][0m [34mINFO  [0m: [39m[0m[39m[pid=18][tid=18][id=9][SYS_MMAP][0m
[32m[     9.778][0m [34mINFO  [0m: [39m[0m[39m[pid=18][tid=18][id=158][SYS_ARCH_PRCTL][0m
[32m[     9.779][0m [34mINFO  [0m: [39m[0m[39m[pid=18][tid=18][id=218][SYS_SET_TID_ADDRESS][0m
[32m[     9.780][0m [34mINFO  [0m: [39m[0m[39m[pid=18][tid=18][id=273][SYS_SET_ROBUST_LIST][0m
[32m[     9.781][0m [93mWARN  [0m: [39m[0m[39mUnimplemented syscall number: 334[0m
[32m[     9.782][0m [34mINFO  [0m: [39m[0m[39m[pid=18][tid=18][id=10][SYS_MPROTECT][0m
[32m[     9.783][0m [34mINFO  [0m: [39m[0m[39m[pid=18][tid=18][id=10][SYS_MPROTECT][0m
[32m[     9.784][0m [34mINFO  [0m: [39m[0m[39m[pid=18][tid=18][id=10][SYS_MPROTECT][0m
[32m[     9.785][0m [34mINFO  [0m: [39m[0m[39m[pid=18][tid=18][id=10][SYS_MPROTECT][0m
[32m[     9.786][0m [34mINFO  [0m: [39m[0m[39m[pid=18][tid=18][id=10][SYS_MPROTECT][0m
[32m[     9.787][0m [34mINFO  [0m: [39m[0m[39m[pid=18][tid=18][id=302][SYS_PRLIMIT64][0m
[32m[     9.788][0m [34mINFO  [0m: [39m[0m[39m[pid=18][tid=18][id=318][SYS_GETRANDOM][0m
[32m[     9.789][0m [34mINFO  [0m: [39m[0m[39m[pid=18][tid=18][id=102][SYS_GETUID][0m
[32m[     9.790][0m [34mINFO  [0m: [39m[0m[39m[pid=18][tid=18][id=257][SYS_OPENAT][0m
[32m[     9.791][0m [34mINFO  [0m: [39m[0m[39m[pid=18][tid=18][id=40][SYS_SENDFILE][0m
[32m[     9.792][0m [34mINFO  [0m: [39m[0m[39m[pid=18][tid=18][id=40][SYS_SENDFILE][0m
[32m[     9.793][0m [34mINFO  [0m: [39m[0m[39m[pid=17][tid=17][id=0][SYS_READ][0m
[32m[     9.794][0m [34mINFO  [0m: [39m[0m[39m[pid=18][tid=18][id=3][SYS_CLOSE][0m
[32m[     9.795][0m [34mINFO  [0m: [39m[0m[39m[pid=18][tid=18][id=231][SYS_EXIT_GROUP][0m
[32m[     9.797][0m [34mINFO  [0m: [39m[0m[39m[pid=17][tid=17][id=15][SYS_RT_SIGRETURN][0m
[32m[     9.798][0m [34mINFO  [0m: [39m[0m[39m[pid=17][tid=17][id=0][SYS_READ][0m
[32m[     9.799][0m [34mINFO  [0m: [39m[0m[39m[pid=17][tid=17][id=3][SYS_CLOSE][0m
[32m[     9.800][0m [34mINFO  [0m: [39m[0m[39m[pid=17][tid=17][id=61][SYS_WAIT4][0m
[32m[     9.801][0m [34mINFO  [0m: [39m[0m[39m[pid=17][tid=17][id=61][SYS_WAIT4][0m
[32m[     9.802][0m [34mINFO  [0m: [39m[0m[39m[pid=17][tid=17][id=231][SYS_EXIT_GROUP][0m
[32m[     9.805][0m [34mINFO  [0m: [39m[0m[39m[pid=11][tid=11][id=15][SYS_RT_SIGRETURN][0m
[32m[     9.806][0m [34mINFO  [0m: [39m[0m[39m[pid=11][tid=11][id=61][SYS_WAIT4][0m
[32m[     9.807][0m [34mINFO  [0m: [39m[0m[39m[pid=11][tid=11][id=16][SYS_IOCTL][0m
[32m[     9.808][0m [34mINFO  [0m: [39m[0m[39m[pid=11][tid=11][id=72][SYS_FCNTL][0m
[32m[     9.809][0m [34mINFO  [0m: [39m[0m[39m[pid=11][tid=11][id=1][SYS_WRITE][0m
[32m[     9.810][0m [34mINFO  [0m: [39m[0m[39m[pid=11][tid=11][id=1][SYS_WRITE][0m
[32m[     9.811][0m [34mINFO  [0m: [39m[0m[39m[pid=10][tid=10][id=0][SYS_READ][0m
[32m[     9.812][0m [34mINFO  [0m: [39m[0m[39m[pid=11][tid=11][id=262][SYS_FSTATAT][0m
[32m[     9.813][0m [34mINFO  [0m: [39m[0m[39m[pid=10][tid=10][id=1][SYS_WRITE][0m

DPF_CHECK_173f65ff2ab4458788279d1b68051daf:0
[32m[ 