UP036 Version block is outdated for minimum Python version
  --> scripts/costs.py:11:4
   |
10 | ROOT = Path(__file__).resolve().parents[1]
11 | if sys.version_info < (3, 11):
   |    ^^^^^^^^^^^^^^^^^^^^^^^^^^
12 |     # The host image may still provide Python 3.8 while DPF requires 3.11.
13 |     # Re-exec before importing DPF so running this file directly is as safe as
   |
help: Remove outdated version block

I001 [*] Import block is un-sorted or un-formatted
  --> scripts/costs.py:21:1
   |
19 |   sys.path.insert(0, str(ROOT / "src"))
20 |
21 | / from driver_port_factory.composition import open_project  # noqa: E402
22 | | from driver_port_factory.control.statistics import cost_text  # noqa: E402
23 | | from driver_port_factory.control.statistics import project_statistics  # noqa: E402
24 | | from driver_port_factory.control.runtime import controller_status  # noqa: E402
   | |_________________________________________________________________^
help: Organize imports
   |
21 | from driver_port_factory.composition import open_project  # noqa: E402
   - from driver_port_factory.control.statistics import cost_text  # noqa: E402
   - from driver_port_factory.control.statistics import project_statistics  # noqa: E402
22 | from driver_port_factory.control.runtime import controller_status  # noqa: E402
23 + from driver_port_factory.control.statistics import (
24 +     cost_text,  # noqa: E402
25 +     project_statistics,  # noqa: E402
26 + )
27 |
   |

RUF100 [*] Unused `noqa` directive (non-enabled: `E402`)
  --> scripts/costs.py:21:59
   |
19 | sys.path.insert(0, str(ROOT / "src"))
20 |
21 | from driver_port_factory.composition import open_project  # noqa: E402
   |                                                           ^^^^^^^^^^^^
22 | from driver_port_factory.control.statistics import cost_text  # noqa: E402
23 | from driver_port_factory.control.statistics import project_statistics  # noqa: E402
   |
help: Remove unused `noqa` directive
   |
20 |
   - from driver_port_factory.composition import open_project  # noqa: E402
21 + from driver_port_factory.composition import open_project
22 | from driver_port_factory.control.statistics import cost_text  # noqa: E402
   |

RUF100 [*] Unused `noqa` directive (non-enabled: `E402`)
  --> scripts/costs.py:22:63
   |
21 | from driver_port_factory.composition import open_project  # noqa: E402
22 | from driver_port_factory.control.statistics import cost_text  # noqa: E402
   |                                                               ^^^^^^^^^^^^
23 | from driver_port_factory.control.statistics import project_statistics  # noqa: E402
24 | from driver_port_factory.control.runtime import controller_status  # noqa: E402
   |
help: Remove unused `noqa` directive
   |
21 | from driver_port_factory.composition import open_project  # noqa: E402
   - from driver_port_factory.control.statistics import cost_text  # noqa: E402
22 + from driver_port_factory.control.statistics import cost_text
23 | from driver_port_factory.control.statistics import project_statistics  # noqa: E402
   |

RUF100 [*] Unused `noqa` directive (non-enabled: `E402`)
  --> scripts/costs.py:23:72
   |
21 | from driver_port_factory.composition import open_project  # noqa: E402
22 | from driver_port_factory.control.statistics import cost_text  # noqa: E402
23 | from driver_port_factory.control.statistics import project_statistics  # noqa: E402
   |                                                                        ^^^^^^^^^^^^
24 | from driver_port_factory.control.runtime import controller_status  # noqa: E402
   |
help: Remove unused `noqa` directive
   |
22 | from driver_port_factory.control.statistics import cost_text  # noqa: E402
   - from driver_port_factory.control.statistics import project_statistics  # noqa: E402
23 + from driver_port_factory.control.statistics import project_statistics
24 | from driver_port_factory.control.runtime import controller_status  # noqa: E402
   |

RUF100 [*] Unused `noqa` directive (non-enabled: `E402`)
  --> scripts/costs.py:24:68
   |
22 | from driver_port_factory.control.statistics import cost_text  # noqa: E402
23 | from driver_port_factory.control.statistics import project_statistics  # noqa: E402
24 | from driver_port_factory.control.runtime import controller_status  # noqa: E402
   |                                                                    ^^^^^^^^^^^^
help: Remove unused `noqa` directive
   |
23 | from driver_port_factory.control.statistics import project_statistics  # noqa: E402
   - from driver_port_factory.control.runtime import controller_status  # noqa: E402
24 + from driver_port_factory.control.runtime import controller_status
25 |
   |

FURB162 Unnecessary timezone replacement with zero offset
  --> scripts/run-log-audit.py:34:39
   |
32 | def record_time(record):
33 |     try:
34 |         return datetime.fromisoformat(record.get("timestamp", "").replace("Z", "+00:00"))
   |                                       ^^^^^^^^^^^^^^^^^^^^^^^^^^^^^^^^^^^^^^^^^^^^^^^^^^
35 |     except (TypeError, ValueError):
36 |         return None
   |
help: Remove `.replace()` call

FURB162 Unnecessary timezone replacement with zero offset
  --> scripts/run-log-audit.py:79:41
   |
77 | def native_audit(path, start, end):
78 |     """Use the same outer-call metrics for a bounded standalone Skill session."""
79 |     start_time = datetime.fromisoformat(start.replace("Z", "+00:00"))
   |                                         ^^^^^^^^^^^^^^^^^^^^^^^^^^^^
80 |     end_time = datetime.fromisoformat(end.replace("Z", "+00:00"))
81 |     if not start_time.tzinfo or not end_time.tzinfo or start_time > end_time:
   |
help: Remove `.replace()` call

FURB162 Unnecessary timezone replacement with zero offset
  --> scripts/run-log-audit.py:80:39
   |
78 |     """Use the same outer-call metrics for a bounded standalone Skill session."""
79 |     start_time = datetime.fromisoformat(start.replace("Z", "+00:00"))
80 |     end_time = datetime.fromisoformat(end.replace("Z", "+00:00"))
   |                                       ^^^^^^^^^^^^^^^^^^^^^^^^^^
81 |     if not start_time.tzinfo or not end_time.tzinfo or start_time > end_time:
82 |         raise ValueError("start/end must be ordered timestamps with timezones")
   |
help: Remove `.replace()` call

ISC004 Unparenthesized implicit string concatenation in collection
   --> scripts/run-log-audit.py:117:29
    |
115 |               "interactions": interactions, "compactions": compactions,
116 |               "invalid_lines": invalid_lines,
117 |               "limitations": ["Outer calls only, using the same metrics as factory sidecar intervals. "
    |  _____________________________^
118 | |                 "Output characters are not tokens or costs. Short requested waits are not measured "
119 | |                 "waste. Hidden reasoning and message contents are not inspected or exported. "
120 | |                 "This interval does not remove the benefit of preexisting session context."]}
    | |___________________________________________________________________________________________^
help: Did you forget a comma?
help: Wrap implicitly concatenated strings in parentheses

E501 Line too long (101 > 100)
   --> scripts/run-log-audit.py:117:101
    |
115 |             "interactions": interactions, "compactions": compactions,
116 |             "invalid_lines": invalid_lines,
117 |             "limitations": ["Outer calls only, using the same metrics as factory sidecar intervals. "
    |                                                                                                     ^
118 |                 "Output characters are not tokens or costs. Short requested waits are not measured "
119 |                 "waste. Hidden reasoning and message contents are not inspected or exported. "
    |

I001 [*] Import block is un-sorted or un-formatted
  --> skill/open-kernel-driver-port/scripts/kb.py:4:1
   |
 2 |   """Minimal provenance-checked local text/source knowledge-base CLI."""
 3 |
 4 | / from __future__ import annotations
 5 | |
 6 | | import argparse
 7 | | import hashlib
 8 | | import json
 9 | | import re
10 | | import sys
11 | | from collections import Counter
12 | | from pathlib import Path
13 | | from typing import Any, Iterable
   | |________________________________^
help: Organize imports
   |
14 |
   -
15 | MANIFEST = Path("knowledge/manifests/materials.jsonl")
   |

UP035 [*] Import from `collections.abc` instead: `Iterable`
  --> skill/open-kernel-driver-port/scripts/kb.py:13:1
   |
11 | from collections import Counter
12 | from pathlib import Path
13 | from typing import Any, Iterable
   | ^^^^^^^^^^^^^^^^^^^^^^^^^^^^^^^^
help: Import from `collections.abc`
   |
12 | from pathlib import Path
   - from typing import Any, Iterable
13 + from typing import Any
14 + from collections.abc import Iterable
15 |
   |

E501 Line too long (112 > 100)
   --> skill/open-kernel-driver-port/scripts/kb.py:113:101
    |
113 | def make_chunks(workspace: Path, record: dict[str, Any], line_count: int, overlap: int) -> list[dict[str, Any]]:
    |                                                                                                     ^^^^^^^^^^^^
114 |     path = controlled_path(workspace, str(record["path"]))
115 |     try:
    |

E501 Line too long (115 > 100)
   --> skill/open-kernel-driver-port/scripts/kb.py:139:101
    |
137 |             "text": "\n".join(selected),
138 |         }
139 |         for optional in ("category", "derived_from", "original_path", "page_map", "authority", "document_version"):
    |                                                                                                     ^^^^^^^^^^^^^^^
140 |             if optional in record:
141 |                 chunk[optional] = record[optional]
    |

E501 Line too long (109 > 100)
   --> skill/open-kernel-driver-port/scripts/kb.py:149:101
    |
148 | def write_json(path: Path, value: Any) -> None:
149 |     path.write_text(json.dumps(value, indent=2, sort_keys=True, ensure_ascii=False) + "\n", encoding="utf-8")
    |                                                                                                     ^^^^^^^^^

E501 Line too long (107 > 100)
   --> skill/open-kernel-driver-port/scripts/kb.py:172:101
    |
170 |         "indexed_record_count": sum(1 for record in records if is_text(record)),
171 |         "chunk_count": len(chunks),
172 |         "domain_record_counts": dict(sorted(Counter(str(record["domain"]) for record in records).items())),
    |                                                                                                     ^^^^^^^
173 |         "domain_chunk_counts": dict(sorted(Counter(str(chunk["domain"]) for chunk in chunks).items())),
174 |         "chunk_sha256": digest(workspace / CHUNKS),
    |

E501 Line too long (103 > 100)
   --> skill/open-kernel-driver-port/scripts/kb.py:173:101
    |
171 |         "chunk_count": len(chunks),
172 |         "domain_record_counts": dict(sorted(Counter(str(record["domain"]) for record in records).items())),
173 |         "domain_chunk_counts": dict(sorted(Counter(str(chunk["domain"]) for chunk in chunks).items())),
    |                                                                                                     ^^^
174 |         "chunk_sha256": digest(workspace / CHUNKS),
175 |         "line_count": args.lines,
    |

E501 Line too long (111 > 100)
   --> skill/open-kernel-driver-port/scripts/kb.py:230:101
    |
228 | def load_chunks(workspace: Path) -> list[dict[str, Any]]:
229 |     current_state(workspace)
230 |     return [json.loads(line) for line in (workspace / CHUNKS).read_text(encoding="utf-8").splitlines() if line]
    |                                                                                                     ^^^^^^^^^^^

E501 Line too long (103 > 100)
   --> skill/open-kernel-driver-port/scripts/kb.py:331:101
    |
329 |         if getattr(args, "lines", 1) < 1:
330 |             raise KBError("--lines must be positive")
331 |         if getattr(args, "overlap", 0) < 0 or getattr(args, "overlap", 0) >= getattr(args, "lines", 1):
    |                                                                                                     ^^^
332 |             raise KBError("--overlap must be non-negative and smaller than --lines")
333 |         if getattr(args, "limit", 1) < 1:
    |

E501 Line too long (102 > 100)
   --> skill/open-kernel-driver-port/scripts/kb.py:338:101
    |
336 |         return 0
337 |     except (KBError, OSError, ValueError, json.JSONDecodeError) as exc:
338 |         print(json.dumps({"status": "ERROR", "error": str(exc)}, ensure_ascii=False), file=sys.stderr)
    |                                                                                                     ^^
339 |         return 2
    |

I001 [*] Import block is un-sorted or un-formatted
  --> skill/open-kernel-driver-port/scripts/state.py:4:1
   |
 2 |   """Small deterministic checkpoint/state helper for the driver-port workflow."""
 3 |
 4 | / from __future__ import annotations
 5 | |
 6 | | import argparse
 7 | | import json
 8 | | import sys
 9 | | from datetime import datetime, timezone
10 | | from pathlib import Path
11 | | from typing import Any
   | |______________________^
help: Organize imports
   |
12 |
   -
13 | PHASES = [
   |

UP017 [*] Use `datetime.UTC` alias
  --> skill/open-kernel-driver-port/scripts/state.py:40:40
   |
38 | def save(path: Path, value: dict[str, Any]) -> None:
39 |     path.parent.mkdir(parents=True, exist_ok=True)
40 |     value["updated_at"] = datetime.now(timezone.utc).isoformat()
   |                                        ^^^^^^^^^^^^
41 |     temporary = path.with_suffix(".tmp")
42 |     temporary.write_text(
   |
help: Convert to `datetime.UTC` alias
   |
8  | import sys
   - from datetime import datetime, timezone
9  + from datetime import datetime, timezone, UTC
10 | from pathlib import Path
--------------------------------------------------------------------------------
39 |     path.parent.mkdir(parents=True, exist_ok=True)
   -     value["updated_at"] = datetime.now(timezone.utc).isoformat()
40 +     value["updated_at"] = datetime.now(UTC).isoformat()
41 |     temporary = path.with_suffix(".tmp")
   |

C901 `main` is too complex (13 > 12)
  --> skill/open-kernel-driver-port/scripts/state.py:49:5
   |
49 | def main() -> int:
   |     ^^^^
50 |     parser = argparse.ArgumentParser(description=__doc__)
51 |     parser.add_argument("--workspace", required=True)
   |

E501 Line too long (102 > 100)
   --> skill/open-kernel-driver-port/scripts/state.py:109:101
    |
107 |         return 0
108 |     except (OSError, ValueError, json.JSONDecodeError) as exc:
109 |         print(json.dumps({"status": "ERROR", "error": str(exc)}, ensure_ascii=False), file=sys.stderr)
    |                                                                                                     ^^
110 |         return 2
    |

I001 [*] Import block is un-sorted or un-formatted
 --> src/driver_port_factory/acquisition/authority.py:1:1
  |
1 | / from __future__ import annotations
2 | |
3 | | from dataclasses import dataclass
4 | | from enum import StrEnum
5 | | from typing import TypeAlias
6 | |
7 | | from ..core.models import WorkflowError
8 | | from .parsing import byte_limit, exact_object, http_url, relative_path, sha256, nonempty
9 | | from .repository_role import RepositoryRole
  | |___________________________________________^
help: Organize imports
  |
7 | from ..core.models import WorkflowError
  - from .parsing import byte_limit, exact_object, http_url, relative_path, sha256, nonempty
8 + from .parsing import byte_limit, exact_object, http_url, nonempty, relative_path, sha256
9 | from .repository_role import RepositoryRole
  |

E501 Line too long (111 > 100)
  --> src/driver_port_factory/acquisition/authority.py:87:101
   |
87 | AuthorityBasis: TypeAlias = RepositoryEndorsementAuthority | CorroboratedAuthority | OriginalPublisherAuthority
   |                                                                                                     ^^^^^^^^^^^

E501 Line too long (103 > 100)
  --> src/driver_port_factory/acquisition/authority.py:94:101
   |
92 |         value,
93 |         required={"kind"},
94 |         optional={"repository", "path", "line_start", "line_end", "sources", "publisher_url", "basis"},
   |                                                                                                     ^^^
95 |         label="external evidence authority",
96 |     )
   |

E501 Line too long (104 > 100)
   --> src/driver_port_factory/acquisition/authority.py:104:101
    |
102 |         return _corroborated(candidate)
103 |     if kind is AuthorityBasisKind.ORIGINAL_PUBLISHER:
104 |         exact_object(candidate, required={"kind", "publisher_url", "basis"}, label="original publisher")
    |                                                                                                     ^^^^
105 |         return OriginalPublisherAuthority(http_url(candidate["publisher_url"], "publisher URL"),
106 |                                           nonempty(candidate["basis"], "publisher evidence"))
    |

I001 [*] Import block is un-sorted or un-formatted
  --> src/driver_port_factory/acquisition/authority_verification.py:1:1
   |
 1 | / from __future__ import annotations
 2 | |
 3 | | import urllib.parse
 4 | | from dataclasses import dataclass
 5 | | from functools import singledispatchmethod
 6 | | from pathlib import Path
 7 | |
 8 | | from ..core.execution import CommandRunner
 9 | | from .authority import (
10 | |     AuthorityBasis,
11 | |     CorroboratedAuthority,
12 | |     EvidenceAuthority,
13 | |     RepositoryEndorsementAuthority,
14 | |     OriginalPublisherAuthority,
15 | | )
16 | | from .facets import RetrievalOutcome
17 | | from .http_content import EvidenceHttpContentRecorder, RecordedHttpContent
18 | | from .locators import ExternalUrlLocator
19 | | from .material import EvidenceContentRef, HttpResponseRecord
20 | | from .repository_manifest import RepositoryAcquisition
21 | | from .retrieval_result import RetrievalFailure
   | |______________________________________________^
help: Organize imports
   |
12 |     EvidenceAuthority,
13 +     OriginalPublisherAuthority,
14 |     RepositoryEndorsementAuthority,
   -     OriginalPublisherAuthority,
15 | )
   |

E501 Line too long (112 > 100)
   --> src/driver_port_factory/acquisition/authority_verification.py:168:101
    |
166 |     @verify.register
167 |     def _original_publisher(self, authority: OriginalPublisherAuthority,
168 |                             locator: ExternalUrlLocator, primary: RecordedHttpContent) -> AuthorityVerification:
    |                                                                                                     ^^^^^^^^^^^^
169 |         verify_publisher(authority, primary.response.resolved_url)
170 |         return AuthorityVerification(EvidenceAuthority.PRIMARY, (), (primary.response.content_ref,))
    |

I001 [*] Import block is un-sorted or un-formatted
  --> src/driver_port_factory/acquisition/document_binding.py:2:1
   |
 1 |   """Freeze a public document from semantic URL choices, without model-written hashes."""
 2 | / from __future__ import annotations
 3 | |
 4 | | from .authority import CorroboratedAuthority, CorroborationLocator, OriginalPublisherAuthority
 5 | | from .authority_verification import PublisherIdentity, verify_publisher
 6 | | from .facets import MaterialRedistribution
 7 | | from .http_content import EvidenceHttpContentRecorder
 8 | | from .locators import ExternalUrlLocator, MaterialPolicy
 9 | | from .parsing import exact_object, http_url, nonempty
10 | | from .retrieval_result import RetrievalFailure
11 | | from ..core.models import WorkflowError
12 | | from ..core.project import Project
   | |__________________________________^
help: Organize imports
   |
3  |
4  + from ..core.models import WorkflowError
5  + from ..core.project import Project
6  | from .authority import CorroboratedAuthority, CorroborationLocator, OriginalPublisherAuthority
--------------------------------------------------------------------------------
12 | from .retrieval_result import RetrievalFailure
   - from ..core.models import WorkflowError
   - from ..core.project import Project
13 |
   |

E501 Line too long (105 > 100)
  --> src/driver_port_factory/acquisition/document_binding.py:28:101
   |
26 |             if "corroboration_urls" in candidate:
27 |                 raise WorkflowError("choose original publisher or corroborated mirror, not both")
28 |             authority = OriginalPublisherAuthority(http_url(candidate["publisher_url"], "publisher URL"),
   |                                                                                                     ^^^^^
29 |                                                    nonempty(candidate.get("basis"), "publisher evidence"))
30 |             primary = self.content.retrieve(url, expected_sha256=None, max_bytes=limit)
   |

E501 Line too long (106 > 100)
  --> src/driver_port_factory/acquisition/document_binding.py:29:101
   |
27 |                 raise WorkflowError("choose original publisher or corroborated mirror, not both")
28 |             authority = OriginalPublisherAuthority(http_url(candidate["publisher_url"], "publisher URL"),
29 |                                                    nonempty(candidate.get("basis"), "publisher evidence"))
   |                                                                                                     ^^^^^^
30 |             primary = self.content.retrieve(url, expected_sha256=None, max_bytes=limit)
31 |             verify_publisher(authority, primary.response.resolved_url)
   |

E501 Line too long (111 > 100)
  --> src/driver_port_factory/acquisition/document_binding.py:37:101
   |
35 |         others = candidate.get("corroboration_urls")
36 |         if not isinstance(others, list) or not others:
37 |             raise WorkflowError("external document needs an independently published copy of the same original")
   |                                                                                                     ^^^^^^^^^^^
38 |         urls = tuple(http_url(item, "corroboration URL") for item in others)
39 |         try:
   |

E501 Line too long (128 > 100)
  --> src/driver_port_factory/acquisition/document_binding.py:44:101
   |
42 |                                            max_bytes=limit) for other in urls]
43 |         except RetrievalFailure as error:
44 |             raise WorkflowError(f"external document retrieval failed: {error.detail}; correct URLs or declare a gap") from error
   |                                                                                                     ^^^^^^^^^^^^^^^^^^^^^^^^^^^^
45 |         publisher = PublisherIdentity.from_url(primary.response.resolved_url)
46 |         if not any(PublisherIdentity.from_url(copy.response.resolved_url) != publisher for copy in copies):
   |

E501 Line too long (107 > 100)
  --> src/driver_port_factory/acquisition/document_binding.py:46:101
   |
44 |             raise WorkflowError(f"external document retrieval failed: {error.detail}; correct URLs or declare a gap") from error
45 |         publisher = PublisherIdentity.from_url(primary.response.resolved_url)
46 |         if not any(PublisherIdentity.from_url(copy.response.resolved_url) != publisher for copy in copies):
   |                                                                                                     ^^^^^^^
47 |             raise WorkflowError("document copies resolve to the same publisher; do not claim independent corroboration")
48 |         authority = CorroboratedAuthority(tuple(
   |

E501 Line too long (120 > 100)
  --> src/driver_port_factory/acquisition/document_binding.py:47:101
   |
45 |         publisher = PublisherIdentity.from_url(primary.response.resolved_url)
46 |         if not any(PublisherIdentity.from_url(copy.response.resolved_url) != publisher for copy in copies):
47 |             raise WorkflowError("document copies resolve to the same publisher; do not claim independent corroboration")
   |                                                                                                     ^^^^^^^^^^^^^^^^^^^^
48 |         authority = CorroboratedAuthority(tuple(
49 |             CorroborationLocator(copy.response.requested_url, copy.response.sha256, limit)
   |

I001 [*] Import block is un-sorted or un-formatted
 --> src/driver_port_factory/acquisition/failure_summary.py:2:1
  |
1 | """Visible partial retrieval failures, without introducing an all-downloads gate."""
2 | from .contracts import AcquisitionArtifact as A, AcquisitionStage as S
  | ^^^^^^^^^^^^^^^^^^^^^^^^^^^^^^^^^^^^^^^^^^^^^^^^^^^^^^^^^^^^^^^^^^^^^^
help: Organize imports
  |
1 | """Visible partial retrieval failures, without introducing an all-downloads gate."""
  - from .contracts import AcquisitionArtifact as A, AcquisitionStage as S
2 + from .contracts import AcquisitionArtifact as A
3 + from .contracts import AcquisitionStage as S
4 |
  |

E501 Line too long (101 > 100)
  --> src/driver_port_factory/acquisition/failure_summary.py:15:101
   |
13 |                          for attempt in failed[:8]],
14 |             'instruction': 'CONTROLLED means available material, not every locator succeeded. '
15 |             'Inspect failures relevant to required obligations; irrelevant missing documents do not '
   |                                                                                                     ^
16 |             'require retry. Use the full ledger for details.'}
   |

I001 [*] Import block is un-sorted or un-formatted
  --> src/driver_port_factory/acquisition/git_execution.py:1:1
   |
 1 | / from __future__ import annotations
 2 | |
 3 | | from dataclasses import dataclass
 4 | | from pathlib import Path
 5 | | import re
 6 | |
 7 | | from ..core.execution import CommandRunner
 8 | | from ..core.models import WorkflowError
 9 | | from .commands import RepositoryCommandKind, RepositoryCommandRecord
10 | | from .repository_role import RepositoryRole
   | |___________________________________________^
help: Organize imports
  |
2 |
3 + import re
4 | from dataclasses import dataclass
5 | from pathlib import Path
  - import re
6 |
  |

E501 Line too long (117 > 100)
  --> src/driver_port_factory/acquisition/git_execution.py:55:101
   |
53 |         if result.exit_code != 0:
54 |             stderr = Path(result.stderr_path).read_text(encoding="utf-8", errors="replace")
55 |             error_type = RepositoryFetchError if operation is RepositoryCommandKind.BASELINE_FETCH else WorkflowError
   |                                                                                                     ^^^^^^^^^^^^^^^^^
56 |             if (operation is RepositoryCommandKind.BASELINE_FETCH
57 |                     and not result.timed_out and result.launched
   |

E501 Line too long (106 > 100)
  --> src/driver_port_factory/acquisition/git_execution.py:72:101
   |
70 |                     cwd=cwd or self.project_root, timeout_seconds=60,
71 |                 )
72 |                 if (probe.exit_code == 2 or full_commit and probe.exit_code == 0) and not probe.timed_out:
   |                                                                                                     ^^^^^^
73 |                     error_type = RepositorySelectionError
74 |             raise error_type(
   |

I001 [*] Import block is un-sorted or un-formatted
  --> src/driver_port_factory/acquisition/http_content.py:1:1
   |
 1 | / from __future__ import annotations
 2 | |
 3 | | from dataclasses import dataclass
 4 | | import hashlib
 5 | | import json
 6 | | from pathlib import Path
 7 | |
 8 | | from ..core.models import GeneratedArtifact, utc_now
 9 | | from ..core.project import Project
10 | | from .contracts import AcquisitionArtifact, AcquisitionStage
11 | | from .facets import RetrievalOutcome
12 | | from .http_transport import DownloadedHttpContent, HttpTransport
13 | | from .material import EvidenceContentRef, HttpResponseRecord
14 | | from .retrieval_result import RetrievalFailure
   | |______________________________________________^
help: Organize imports
  |
2 |
  - from dataclasses import dataclass
3 | import hashlib
4 | import json
5 + from dataclasses import dataclass
6 | from pathlib import Path
  |

I001 [*] Import block is un-sorted or un-formatted
  --> src/driver_port_factory/acquisition/material_integrity_validation.py:1:1
   |
 1 | / from __future__ import annotations
 2 | |
 3 | | import hashlib
 4 | | from pathlib import Path
 5 | |
 6 | | from ..core.models import WorkflowError
 7 | | from .accounting import RetrievalAttempt
 8 | | from .authority import CorroboratedAuthority, RepositoryEndorsementAuthority, OriginalPublisherAuthority
 9 | | from .facet_policy import external_authority_is_allowed, repository_is_authoritative
10 | | from .git_material_validation import validate_git_material_identity
11 | | from .locators import ExternalUrlLocator, GitBlobLocator
12 | | from .material import ExternalUrlOrigin, GitBlobOrigin, MaterialRecord
13 | | from .repository_endorsement_validation import validate_repository_endorsement
14 | | from .repository_filesystem import workspace_file
15 | | from .repository_manifest import RepositoryAcquisition
16 | | from .retrieval import material_identifier
   | |__________________________________________^
help: Organize imports
   |
7  | from .accounting import RetrievalAttempt
   - from .authority import CorroboratedAuthority, RepositoryEndorsementAuthority, OriginalPublisherAuthority
8  + from .authority import (
9  +     CorroboratedAuthority,
10 +     OriginalPublisherAuthority,
11 +     RepositoryEndorsementAuthority,
12 + )
13 | from .facet_policy import external_authority_is_allowed, repository_is_authoritative
   |

E501 Line too long (104 > 100)
  --> src/driver_port_factory/acquisition/material_integrity_validation.py:8:101
   |
 6 | from ..core.models import WorkflowError
 7 | from .accounting import RetrievalAttempt
 8 | from .authority import CorroboratedAuthority, RepositoryEndorsementAuthority, OriginalPublisherAuthority
   |                                                                                                     ^^^^
 9 | from .facet_policy import external_authority_is_allowed, repository_is_authoritative
10 | from .git_material_validation import validate_git_material_identity
   |

I001 [*] Import block is un-sorted or un-formatted
  --> src/driver_port_factory/acquisition/repository.py:1:1
   |
 1 | / from __future__ import annotations
 2 | |
 3 | | import json
 4 | | import hashlib
 5 | | from contextlib import suppress
 6 | | from types import MappingProxyType
 7 | |
 8 | | from ..core.models import ActorRole, GeneratedArtifact, StageStatus, WorkflowError, utc_now
 9 | | from ..core.project import Project
10 | | from ..intake.contracts import IntakeArtifact, IntakeStage
11 | | from .baseline import BaselineRepositoryAcquirer
12 | | from .contracts import (
13 | |     AcquisitionArtifact,
14 | |     AcquisitionStage,
15 | |     RepositoryAcquisitionAttemptOutcome,
16 | | )
17 | | from .git_execution import RepositoryGit
18 | | from .repository_manifest import RepositoryAcquisition
19 | | from .repository_role import RepositoryRole
20 | | from .repository_spec import RepositorySpec
21 | | from .revision_manifest import RepositoryPlan
22 | | from .revision_manifest import RevisionManifest
23 | | from .revision_proposal import load_revision_proposal
24 | | from .job import ArtifactOccurrence
25 | | from ..intake.catalog import normalize_name
26 | | from .source_identity import SourceIdentityVerifier
27 | | from .target_worktree import TargetWorktreeManager
   | |__________________________________________________^
help: Organize imports
   |
2  |
3  + import hashlib
4  | import json
   - import hashlib
5  | from contextlib import suppress
--------------------------------------------------------------------------------
9  | from ..core.project import Project
10 + from ..intake.catalog import normalize_name
11 | from ..intake.contracts import IntakeArtifact, IntakeStage
--------------------------------------------------------------------------------
18 | from .git_execution import RepositoryGit
19 + from .job import ArtifactOccurrence
20 | from .repository_manifest import RepositoryAcquisition
21 | from .repository_role import RepositoryRole
22 | from .repository_spec import RepositorySpec
   - from .revision_manifest import RepositoryPlan
   - from .revision_manifest import RevisionManifest
23 + from .revision_manifest import RepositoryPlan, RevisionManifest
24 | from .revision_proposal import load_revision_proposal
   - from .job import ArtifactOccurrence
   - from ..intake.catalog import normalize_name
25 | from .source_identity import SourceIdentityVerifier
   |

E501 Line too long (112 > 100)
  --> src/driver_port_factory/acquisition/repository.py:40:101
   |
38 |     )
39 |
40 |     def acquire(self, project: Project, *, proposal: ArtifactOccurrence | None = None) -> RepositoryAcquisition:
   |                                                                                                     ^^^^^^^^^^^^
41 |         project.ensure_role(*self.ROLES)
42 |         stage = project.stage(AcquisitionStage.REPOSITORY_ACQUISITION)
   |

E501 Line too long (111 > 100)
  --> src/driver_port_factory/acquisition/repository.py:53:101
   |
51 |         try:
52 |             if proposal is None:
53 |                 refs = [r for r in project.current_artifact_refs(stage=AcquisitionStage.REPOSITORY_ACQUISITION)
   |                                                                                                     ^^^^^^^^^^^
54 |                         if r.kind == AcquisitionArtifact.REVISION_SELECTION_PROPOSAL.value]
55 |                 if not refs:
   |

E501 Line too long (103 > 100)
  --> src/driver_port_factory/acquisition/repository.py:95:101
   |
93 |         )
94 |         expected = {RepositoryRole.SOURCE: project.config.source_platform,
95 |                     RepositoryRole.TARGET: project.config.target_platform, RepositoryRole.QEMU: "qemu"}
   |                                                                                                     ^^^
96 |         for candidate in selection.proposal.repositories:
97 |             if normalize_name(candidate.platform) != normalize_name(expected[candidate.role]):
   |

E501 Line too long (111 > 100)
   --> src/driver_port_factory/acquisition/repository.py:100:101
    |
 98 |                 raise WorkflowError("repository platform differs from frozen scope")
 99 |         checkouts = tuple(
100 |             baselines.acquire(spec, self.CHECKOUT_NAMES[spec.role]) for spec in selection.proposal.repositories
    |                                                                                                     ^^^^^^^^^^^
101 |         )
102 |         repositories = tuple(RepositorySpec(c.role, c.platform, c.url, c.requested_ref,
    |

E501 Line too long (109 > 100)
   --> src/driver_port_factory/acquisition/repository.py:104:101
    |
102 |         repositories = tuple(RepositorySpec(c.role, c.platform, c.url, c.requested_ref,
103 |                              checkout.resolved_commit, c.selection_rule)
104 |                              for c, checkout in zip(selection.proposal.repositories, checkouts, strict=True))
    |                                                                                                     ^^^^^^^^^
105 |         plan = RepositoryPlan(1, repositories, proposal, selection.job_result,
106 |                               envelope_ref.digest, utc_now())
    |

E501 Line too long (115 > 100)
   --> src/driver_port_factory/acquisition/repository.py:137:101
    |
135 |                 plan_artifact,
136 |                 self._artifact(AcquisitionArtifact.REVISION_MANIFEST,
137 |                     RevisionManifest(envelope_ref.digest, proposal, selection.job_result, repositories).to_dict()),
    |                                                                                                     ^^^^^^^^^^^^^^^
138 |                 self._artifact(
139 |                     AcquisitionArtifact.REPOSITORY_MANIFEST,
    |

E501 Line too long (103 > 100)
  --> src/driver_port_factory/build_cache.py:26:101
   |
24 |     data = json.loads(profile.read_text())
25 |     required = {'architecture', 'toolchain', 'configuration'}
26 |     if not isinstance(data, dict) or not required <= data.keys() or any(not data[k] for k in required):
   |                                                                                                     ^^^
27 |         raise WorkflowError('Cache profile requires architecture, toolchain and configuration identities')
28 |     bound = binding(project, data)
   |

E501 Line too long (106 > 100)
  --> src/driver_port_factory/build_cache.py:27:101
   |
25 |     required = {'architecture', 'toolchain', 'configuration'}
26 |     if not isinstance(data, dict) or not required <= data.keys() or any(not data[k] for k in required):
27 |         raise WorkflowError('Cache profile requires architecture, toolchain and configuration identities')
   |                                                                                                     ^^^^^^
28 |     bound = binding(project, data)
29 |     key = hashlib.sha256(json.dumps(bound, sort_keys=True).encode()).hexdigest()
   |

E501 Line too long (102 > 100)
  --> src/driver_port_factory/build_cache.py:42:101
   |
40 |     return {'namespace': str(namespace), 'kind': 'ccache compiler objects',
41 |             'instruction': 'Use ccache gcc/clang or existing ccache compiler wrappers. '
42 |             'No Cargo target/runtime/test verdict reuse; actual hit rates depend on compiler inputs.'}
   |                                                                                                     ^^

E501 Line too long (101 > 100)
  --> src/driver_port_factory/build_cache.py:75:101
   |
73 |     if not env:
74 |         return {'enabled': False, 'configured': (project.control / 'build-cache.json').is_file(),
75 |                 'instruction': 'No valid applicable cache environment; continue normal compilation.'}
   |                                                                                                     ^
76 |     import os
77 |     try:
   |

PLW1510 `subprocess.run` without explicit `check` argument
  --> src/driver_port_factory/build_cache.py:78:18
   |
76 |     import os
77 |     try:
78 |         result = subprocess.run(['ccache', '--print-stats'], env={**os.environ, **env},
   |                  ^^^^^^^^^^^^^^
79 |                                 capture_output=True, text=True, timeout=10)
80 |         counters = {k: int(v) for k, v in (line.split() for line in result.stdout.splitlines())}
   |
help: Add explicit `check=False`

E501 Line too long (104 > 100)
  --> src/driver_port_factory/build_cache.py:82:101
   |
80 |         counters = {k: int(v) for k, v in (line.split() for line in result.stdout.splitlines())}
81 |         return {'enabled': True, 'environment': env, 'counters': counters,
82 |                 'exit_code': result.returncode, 'scope': 'shared namespace totals, not per-run savings'}
   |                                                                                                     ^^^^
83 |     except (OSError, ValueError, subprocess.SubprocessError) as error:
84 |         return {'enabled': True, 'environment': env, 'stats_unavailable': str(error)}
   |

I001 [*] Import block is un-sorted or un-formatted
  --> src/driver_port_factory/checkpoints.py:2:1
   |
 1 |   """Local Git-backed experiment inputs, not a clone of live controller/session state."""
 2 | / from contextlib import contextmanager, suppress
 3 | | import fcntl
 4 | | import hashlib
 5 | | import json
 6 | | import os
 7 | | from pathlib import Path
 8 | | import re
 9 | | import sqlite3
10 | | import subprocess
11 | | import tempfile
12 | | import time
13 | | import uuid
14 | |
15 | | from .core.models import WorkflowError, utc_now
   | |_______________________________________________^
16 |
17 |   MAX_NEW_FILE = 2 * 1024 * 1024
   |
help: Organize imports
   |
1  | """Local Git-backed experiment inputs, not a clone of live controller/session state."""
   - from contextlib import contextmanager, suppress
2  | import fcntl
3  | import hashlib
4  | import json
5  | import os
   - from pathlib import Path
6  | import re
--------------------------------------------------------------------------------
11 | import uuid
12 + from contextlib import contextmanager, suppress
13 + from pathlib import Path
14 |
   |

UP022 Prefer `capture_output` over sending `stdout` and `stderr` to `PIPE`
  --> src/driver_port_factory/checkpoints.py:28:18
   |
26 |           environment.pop(key, None)
27 |       try:
28 |           result = subprocess.run(['git', '-C', str(root), *args], input=data,
   |  __________________^
29 | |                                 stdout=subprocess.PIPE, stderr=subprocess.PIPE, timeout=120,
30 | |                                 env={**environment, **IDENTITY, **(env or {})})
   | |_______________________________________________________________________________^
31 |       except subprocess.TimeoutExpired as error:
32 |           raise WorkflowError('checkpoint Git operation exceeded 120 seconds') from error
   |
help: Replace with `capture_output` keyword argument

PLW1510 `subprocess.run` without explicit `check` argument
  --> src/driver_port_factory/checkpoints.py:28:18
   |
26 |         environment.pop(key, None)
27 |     try:
28 |         result = subprocess.run(['git', '-C', str(root), *args], input=data,
   |                  ^^^^^^^^^^^^^^
29 |                                 stdout=subprocess.PIPE, stderr=subprocess.PIPE, timeout=120,
30 |                                 env={**environment, **IDENTITY, **(env or {})})
   |
help: Add explicit `check=False`

E501 Line too long (109 > 100)
  --> src/driver_port_factory/checkpoints.py:59:101
   |
57 |             fcntl.flock(stream, fcntl.LOCK_EX | fcntl.LOCK_NB)
58 |         except BlockingIOError as error:
59 |             raise WorkflowError('checkpoint requires an idle run and exclusive checkpoint writer') from error
   |                                                                                                     ^^^^^^^^^
60 |         yield
   |

E501 Line too long (105 > 100)
   --> src/driver_port_factory/checkpoints.py:104:101
    |
102 |             changed_bytes += size
103 |             if size > MAX_NEW_FILE or changed_bytes > 32 * 1024 * 1024:
104 |                 raise WorkflowError(f'large changed source excluded from checkpoint policy: {candidate}')
    |                                                                                                     ^^^^^
105 |     if any(row.startswith(b'160000 ') for row in git(path, 'ls-files', '--stage', '-z').split(b'\0')):
106 |         raise WorkflowError('snapshot submodule repositories separately; gitlinks are not a complete source snapshot')
    |

E501 Line too long (102 > 100)
   --> src/driver_port_factory/checkpoints.py:105:101
    |
103 |             if size > MAX_NEW_FILE or changed_bytes > 32 * 1024 * 1024:
104 |                 raise WorkflowError(f'large changed source excluded from checkpoint policy: {candidate}')
105 |     if any(row.startswith(b'160000 ') for row in git(path, 'ls-files', '--stage', '-z').split(b'\0')):
    |                                                                                                     ^^
106 |         raise WorkflowError('snapshot submodule repositories separately; gitlinks are not a complete source snapshot')
107 |     head = git(path, 'rev-parse', 'HEAD').decode().strip()
    |

E501 Line too long (118 > 100)
   --> src/driver_port_factory/checkpoints.py:106:101
    |
104 |                 raise WorkflowError(f'large changed source excluded from checkpoint policy: {candidate}')
105 |     if any(row.startswith(b'160000 ') for row in git(path, 'ls-files', '--stage', '-z').split(b'\0')):
106 |         raise WorkflowError('snapshot submodule repositories separately; gitlinks are not a complete source snapshot')
    |                                                                                                     ^^^^^^^^^^^^^^^^^^
107 |     head = git(path, 'rev-parse', 'HEAD').decode().strip()
108 |     if not changed:
    |

E501 Line too long (112 > 100)
   --> src/driver_port_factory/checkpoints.py:117:101
    |
115 |             git(path, 'add', '-A', '--', '.', env=env)
116 |             tree = git(path, 'write-tree', env=env).decode().strip()
117 |             commit = git(path, 'commit-tree', tree, '-p', head, data=b'DPF experiment input\n').decode().strip()
    |                                                                                                     ^^^^^^^^^^^^
118 |     ref = f'refs/dpf-checkpoints/{checkpoint_id}/{uuid.uuid4().hex}'
119 |     git(path, 'update-ref', ref, commit)
    |

E501 Line too long (102 > 100)
   --> src/driver_port_factory/checkpoints.py:121:101
    |
119 |     git(path, 'update-ref', ref, commit)
120 |     return {'path': str(path), 'head': head, 'tree': tree, 'commit': commit, 'pin': ref,
121 |             'ignored_files': 'excluded; builds must be regenerated or supplied as explicit materials'}
    |                                                                                                     ^^

I001 [*] Import block is un-sorted or un-formatted
   --> src/driver_port_factory/checkpoints.py:125:5
    |
124 |   def default_sources(project):
125 | /     from .acquisition.repository import load_repository_acquisition
126 | |     from .acquisition.contracts import AcquisitionStage
127 | |     from .core.models import StageStatus
    | |________________________________________^
128 |       if project.stage(AcquisitionStage.REPOSITORY_ACQUISITION).status is not StageStatus.PASS:
129 |           return []
    |
help: Organize imports
    |
124 | def default_sources(project):
125 +     from .acquisition.contracts import AcquisitionStage
126 |     from .acquisition.repository import load_repository_acquisition
    -     from .acquisition.contracts import AcquisitionStage
127 |     from .core.models import StageStatus
    |

C901 `create` is too complex (16 > 12)
   --> src/driver_port_factory/checkpoints.py:135:5
    |
135 | def create(project, label, *, sources=None, materials=(), invocation=None, controller_locked=False):
    |     ^^^^^^
136 |     label = name(label)
137 |     if not controller_locked:
    |

PLR0912 Too many branches (15 > 12)
   --> src/driver_port_factory/checkpoints.py:135:5
    |
135 | def create(project, label, *, sources=None, materials=(), invocation=None, controller_locked=False):
    |     ^^^^^^
136 |     label = name(label)
137 |     if not controller_locked:
    |

E501 Line too long (102 > 100)
   --> src/driver_port_factory/checkpoints.py:173:101
    |
171 |                 log_objects[sha] = {'path': str(path.parent / 'objects' / sha),
172 |                                     'sha256': sha, 'bytes': chunk['bytes']}
173 |         manifest = {'schema_version': 1, 'id': checkpoint_id, 'label': label, 'created_at': utc_now(),
    |                                                                                                     ^^
174 |                     'project': str(project.root), 'sources': records,
175 |                     'engine_sha256': engine_fingerprint(),
    |

E501 Line too long (101 > 100)
   --> src/driver_port_factory/checkpoints.py:177:101
    |
175 |                     'engine_sha256': engine_fingerprint(),
176 |                     'git_version': git(root, '--version').decode().strip(),
177 |                     'artifacts': list(artifacts.values()), 'log_objects': list(log_objects.values()),
    |                                                                                                     ^
178 |                     'mode': 'fresh-task', 'native_session_fork': False,
179 |                     'invocation': invocation,
    |

E501 Line too long (106 > 100)
   --> src/driver_port_factory/checkpoints.py:181:101
    |
179 |                     'invocation': invocation,
180 |                     'limits': ['Not a relocatable controller backup or a native session fork.',
181 |                                'External immutable objects and source Git repositories must be retained.',
    |                                                                                                     ^^^^^^
182 |                                'Ignored builds, running containers and provider cache are not captured.']}
183 |         with tempfile.TemporaryDirectory(prefix='dpf-checkpoint-') as directory:
    |

E501 Line too long (106 > 100)
   --> src/driver_port_factory/checkpoints.py:182:101
    |
180 |                     'limits': ['Not a relocatable controller backup or a native session fork.',
181 |                                'External immutable objects and source Git repositories must be retained.',
182 |                                'Ignored builds, running containers and provider cache are not captured.']}
    |                                                                                                     ^^^^^^
183 |         with tempfile.TemporaryDirectory(prefix='dpf-checkpoint-') as directory:
184 |             stage = Path(directory)
    |

SIM117 Use a single `with` statement with multiple contexts instead of nested `with` statements
   --> src/driver_port_factory/checkpoints.py:185:13
    |
183 |           with tempfile.TemporaryDirectory(prefix='dpf-checkpoint-') as directory:
184 |               stage = Path(directory)
185 | /             with sqlite3.connect(f'{project.database_path.as_uri()}?mode=ro', uri=True) as src:
186 | |                 with sqlite3.connect(stage / 'run.sqlite3') as dest:
    | |____________________________________________________________________^
187 |                       src.backup(dest)
188 |               (stage / 'project.json').write_bytes(project.config_path.read_bytes())
    |
help: Combine `with` statements

E501 Line too long (109 > 100)
   --> src/driver_port_factory/checkpoints.py:197:101
    |
195 |                     raise WorkflowError('material must be a file inside the project')
196 |                 if path.stat().st_size > MAX_NEW_FILE:
197 |                     raise WorkflowError('large mutable materials must be frozen in CAS before checkpointing')
    |                                                                                                     ^^^^^^^^^
198 |                 destination = f'material-{index}-{path.name}'
199 |                 (stage / destination).write_bytes(path.read_bytes())
    |

E501 Line too long (104 > 100)
   --> src/driver_port_factory/checkpoints.py:208:101
    |
206 |                 if path.name == 'git-index':
207 |                     continue
208 |                 oid = git(root, 'hash-object', '-w', '--stdin', data=path.read_bytes()).decode().strip()
    |                                                                                                     ^^^^
209 |                 git(root, 'update-index', '--add', '--cacheinfo', f'100644,{oid},{path.name}', env=env)
210 |             tree = git(root, 'write-tree', env=env).decode().strip()
    |

E501 Line too long (103 > 100)
   --> src/driver_port_factory/checkpoints.py:209:101
    |
207 |                     continue
208 |                 oid = git(root, 'hash-object', '-w', '--stdin', data=path.read_bytes()).decode().strip()
209 |                 git(root, 'update-index', '--add', '--cacheinfo', f'100644,{oid},{path.name}', env=env)
    |                                                                                                     ^^^
210 |             tree = git(root, 'write-tree', env=env).decode().strip()
211 |             commit = git(root, 'commit-tree', tree, data=f'{label}\n'.encode()).decode().strip()
    |

E501 Line too long (101 > 100)
   --> src/driver_port_factory/checkpoints.py:219:101
    |
218 | def load(project, label):
219 |     return json.loads(git(storage(project), 'show', f'refs/checkpoints/{name(label)}:manifest.json'))
    |                                                                                                     ^

BLE001 Do not catch blind exception: `Exception`
   --> src/driver_port_factory/checkpoints.py:239:12
    |
237 |             {'prompt_sha256': hashlib.sha256(prompt.encode()).hexdigest(),
238 |              'thread_id_for_audit_only': metrics.get('thread_id')})
239 |     except Exception as error:
    |            ^^^^^^^^^
240 |         # Even malformed diagnostic metadata must not interrupt a paid worker task.
241 |         # Interrupts/SystemExit deliberately remain outside this non-critical boundary.
    |

E501 Line too long (104 > 100)
   --> src/driver_port_factory/checkpoints.py:250:101
    |
248 |     for item in value['artifacts'] + value['log_objects']:
249 |         path = Path(item['path'])
250 |         if not path.is_file() or path.stat().st_size != item['bytes'] or digest(path) != item['sha256']:
    |                                                                                                     ^^^^
251 |             raise WorkflowError(f'checkpoint shared object missing or changed: {path}')
252 |     for item in value['sources']:
    |

E501 Line too long (101 > 100)
   --> src/driver_port_factory/checkpoints.py:275:101
    |
273 |             if index not in source_indices:
274 |                 continue  # Read other frozen repositories on demand; do not duplicate checkouts.
275 |             # Shared object database, private refs/index/worktree. Parent checkpoint pins the commit.
    |                                                                                                     ^
276 |             git(destination, 'clone', '--quiet', '--shared', '--no-checkout', '--',
277 |                 item['path'], str(destination / f'source-{index}'))
    |

E501 Line too long (103 > 100)
   --> src/driver_port_factory/checkpoints.py:301:101
    |
299 |             'Do not run the project controller against the original project from this arm.\n'
300 |             'This is not a resumed full migration; define the task, model, cache policy and\n'
301 |             'common acceptance endpoint before execution. Do not import historical PASS as a result.\n'
    |                                                                                                     ^^^
302 |             'Read only relevant evidence on demand; raw history is retained for audit, not injected.\n')
303 |     except BaseException:
    |

E501 Line too long (104 > 100)
   --> src/driver_port_factory/checkpoints.py:302:101
    |
300 |             'This is not a resumed full migration; define the task, model, cache policy and\n'
301 |             'common acceptance endpoint before execution. Do not import historical PASS as a result.\n'
302 |             'Read only relevant evidence on demand; raw history is retained for audit, not injected.\n')
    |                                                                                                     ^^^^
303 |     except BaseException:
304 |         # Keep failed workspace for diagnosis; never remove a user supplied directory recursively.
    |

E501 Line too long (103 > 100)
   --> src/driver_port_factory/checkpoints.py:305:101
    |
303 |     except BaseException:
304 |         # Keep failed workspace for diagnosis; never remove a user supplied directory recursively.
305 |         (destination / 'INCOMPLETE').write_text('Fork failed; do not use this experiment workspace.\n')
    |                                                                                                     ^^^
306 |         raise
307 |     return {'checkpoint_id': value['id'], 'destination': str(destination), 'mode': 'fresh-task',
    |

E501 Line too long (101 > 100)
   --> src/driver_port_factory/checkpoints.py:343:101
    |
341 |         with lock(project.control / 'checkpoint.lock'):
342 |             git(storage(project), 'repack', '-ad')
343 |         result = {'packed': True, 'note': 'Only checkpoint metadata; source repositories unchanged.'}
    |                                                                                                     ^
344 |     elif args.action == 'fork':
345 |         result = fork(project, args.name, args.destination, source_indices=args.source_index)
    |

E501 Line too long (103 > 100)
   --> src/driver_port_factory/checkpoints.py:369:101
    |
367 |         if action == 'create':
368 |             sub.add_argument('--source', action='append', type=Path,
369 |                              help='Git root; default: acquired source/target/QEMU and target worktree')
    |                                                                                                     ^^^
370 |             sub.add_argument('--material', action='append', default=[], type=Path,
371 |                              help='additional small input file; repeatable')
    |

E501 Line too long (104 > 100)
   --> src/driver_port_factory/checkpoints.py:375:101
    |
373 |             sub.add_argument('destination', type=Path)
374 |             sub.add_argument('--source-index', action='append', type=int,
375 |                              help='repository to check out; repeatable; default only the last (target)')
    |                                                                                                     ^^^^
376 |         if action == 'read':
377 |             sub.add_argument('--source-index', type=int, required=True)
    |

I001 [*] Import block is un-sorted or un-formatted
  --> src/driver_port_factory/codex/cli.py:1:1
   |
 1 | / from __future__ import annotations
 2 | |
 3 | | import argparse
 4 | | import json
 5 | | import os
 6 | | import shlex
 7 | | import subprocess
 8 | | import sys
 9 | | import time
10 | | import uuid
11 | | from pathlib import Path
12 | |
13 | | from ..cli_support import CommandRegistry, command_registry
14 | | from ..composition import WORKFLOW_STAGE_CATALOG, open_project
15 | | from ..core.contracts import StageKey
16 | | from ..core.models import (
17 | |     ArtifactDirection,
18 | |     FileArtifact,
19 | |     GeneratedArtifact,
20 | |     StageOwner,
21 | |     StageStatus,
22 | |     WorkflowError,
23 | |     utc_now,
24 | | )
25 | | from ..core.project import Project
26 | | from .contracts import CodexArtifact, CodexBackend, CodexExecEventType, CodexOutputError, ModelInvocationError
27 | | from .gateway import CodexExecGateway, CodexJob, CodexResult
28 | | from .policy import CodexExecutionPolicy
29 | | from .prompts import RenderedPrompt, SkillPromptComposer
30 | | from .sessions import compact_token_limit, input_changes, save_session, stage_session
31 | | from .accounting import estimate, latest_usage, model_settings, usage_delta
32 | | from .submission import (
33 | |     load_submission,
34 | |     submission_artifact,
35 | |     write_submission,
36 | | )
   | |_^
help: Organize imports
   |
25 | from ..core.project import Project
   - from .contracts import CodexArtifact, CodexBackend, CodexExecEventType, CodexOutputError, ModelInvocationError
26 + from .accounting import estimate, latest_usage, model_settings, usage_delta
27 + from .contracts import (
28 +     CodexArtifact,
29 +     CodexBackend,
30 +     CodexExecEventType,
31 +     CodexOutputError,
32 +     ModelInvocationError,
33 + )
34 | from .gateway import CodexExecGateway, CodexJob, CodexResult
35 | from .policy import CodexExecutionPolicy
36 | from .prompts import RenderedPrompt, SkillPromptComposer
37 | from .sessions import compact_token_limit, input_changes, save_session, stage_session
   - from .accounting import estimate, latest_usage, model_settings, usage_delta
38 | from .submission import (
   |

E501 Line too long (110 > 100)
  --> src/driver_port_factory/codex/cli.py:26:101
   |
24 | )
25 | from ..core.project import Project
26 | from .contracts import CodexArtifact, CodexBackend, CodexExecEventType, CodexOutputError, ModelInvocationError
   |                                                                                                     ^^^^^^^^^^
27 | from .gateway import CodexExecGateway, CodexJob, CodexResult
28 | from .policy import CodexExecutionPolicy
   |

I001 [*] Import block is un-sorted or un-formatted
  --> src/driver_port_factory/codex/cli.py:48:5
   |
46 |       skill_root: Path | None = None,
47 |   ) -> RenderedPrompt:
48 | /     from ..migration.repair_execution import active
49 | |     from ..migration.contracts import MigrationStage
   | |____________________________________________________^
50 |       context = dict(context or {})
51 |       if active(project, stage) or (
   |
help: Organize imports
   |
47 | ) -> RenderedPrompt:
48 +     from ..migration.contracts import MigrationStage
49 |     from ..migration.repair_execution import active
   -     from ..migration.contracts import MigrationStage
50 |     context = dict(context or {})
   |

E501 Line too long (105 > 100)
  --> src/driver_port_factory/codex/cli.py:52:101
   |
50 |     context = dict(context or {})
51 |     if active(project, stage) or (
52 |             stage is MigrationStage.ARTIFACT_PREPARATION and context.get("controller_validation_error")):
   |                                                                                                     ^^^^^
53 |         context["repair_execution"] = {
54 |             "mode": "prepare-once-controller-validates",
   |

E501 Line too long (154 > 100)
  --> src/driver_port_factory/codex/cli.py:55:101
   |
53 | …
54 | …
55 | …rtifact and public runner ready; submit the completed report with the tool's pass decision.",
   |                                         ^^^^^^^^^^^^^^^^^^^^^^^^^^^^^^^^^^^^^^^^^^^^^^^^^^^^^^
56 | …s QEMU, then returns observations for worker self-check.",
57 | …
   |

E501 Line too long (119 > 100)
  --> src/driver_port_factory/codex/cli.py:56:101
   |
54 |             "mode": "prepare-once-controller-validates",
55 |             "completion": "Repair, affected checks, runtime artifact and public runner ready; submit the completed report with the too…
56 |             "next": "Controller captures artifact and executes QEMU, then returns observations for worker self-check.",
   |                                                                                                     ^^^^^^^^^^^^^^^^^^^
57 |         }
58 |     if not project.config.skill_root:
   |

C901 `run_codex_stage` is too complex (39 > 12)
  --> src/driver_port_factory/codex/cli.py:86:5
   |
86 | def run_codex_stage(
   |     ^^^^^^^^^^^^^^^
87 |     project: Project,
88 |     stage_key: StageKey,
   |

PLR0912 Too many branches (30 > 12)
  --> src/driver_port_factory/codex/cli.py:86:5
   |
86 | def run_codex_stage(
   |     ^^^^^^^^^^^^^^^
87 |     project: Project,
88 |     stage_key: StageKey,
   |

PLR0915 Too many statements (180 > 60)
  --> src/driver_port_factory/codex/cli.py:86:5
   |
86 | def run_codex_stage(
   |     ^^^^^^^^^^^^^^^
87 |     project: Project,
88 |     stage_key: StageKey,
   |

I001 [*] Import block is un-sorted or un-formatted
   --> src/driver_port_factory/codex/cli.py:198:5
    |
196 |         for name in ("managed_experiment", "experiment_self_review"):
197 |             context["tool_runtime"].pop(name, None)
198 |     from ..environment.contracts import EnvironmentStage, EnvironmentArtifact
    |     ^^^^^^^^^^^^^^^^^^^^^^^^^^^^^^^^^^^^^^^^^^^^^^^^^^^^^^^^^^^^^^^^^^^^^^^^^
199 |     if (EnvironmentStage.RECOVERY.value in project.workflow.stage_values
200 |             and project.stage(EnvironmentStage.RECOVERY).status is StageStatus.PASS):
    |
help: Organize imports
    |
197 |             context["tool_runtime"].pop(name, None)
    -     from ..environment.contracts import EnvironmentStage, EnvironmentArtifact
198 +     from ..environment.contracts import EnvironmentArtifact, EnvironmentStage
199 |     if (EnvironmentStage.RECOVERY.value in project.workflow.stage_values
    |

I001 [*] Import block is un-sorted or un-formatted
   --> src/driver_port_factory/codex/cli.py:241:5
    |
239 |               ref = max(prior, key=lambda r: r.ordinal)
240 |               context["previous_work_report"] = str(project.artifacts.path_for_digest(ref.digest))
241 | /     from ..orchestration.protocol import REPAIR_TARGETS
242 | |     from ..core.phases import phase, allows_evidence_revision
    | |_____________________________________________________________^
243 |       context["phase"] = phase(stage_key)
244 |       context["repair_targets"] = [s.name.value for s in project.stages()
    |
help: Organize imports
    |
240 |             context["previous_work_report"] = str(project.artifacts.path_for_digest(ref.digest))
241 +     from ..core.phases import allows_evidence_revision, phase
242 |     from ..orchestration.protocol import REPAIR_TARGETS
    -     from ..core.phases import phase, allows_evidence_revision
243 |     context["phase"] = phase(stage_key)
    |

E501 Line too long (110 > 100)
   --> src/driver_port_factory/codex/cli.py:246:101
    |
244 |     context["repair_targets"] = [s.name.value for s in project.stages()
245 |         if s.name.value in REPAIR_TARGETS and s.status is StageStatus.PASS
246 |         and (phase(s.name) == phase(stage_key) or allows_evidence_revision(project.config, s.name, stage_key))
    |                                                                                                     ^^^^^^^^^^
247 |         and stage_key.value in project.workflow.descendants(s.name)]
248 |     known_inputs = session.get("inputs", {}) if thread_id == session.get("thread_id") else {}
    |

I001 [*] Import block is un-sorted or un-formatted
   --> src/driver_port_factory/codex/cli.py:251:5
    |
249 |     from .compaction import CURSOR, refresh_inputs
250 |     known_inputs, compaction_cursor, native_compaction = refresh_inputs(thread_id, known_inputs)
251 |     from .context_focus import compact_feedback, compact_delivery_brief, reading_plan, repair_focus
    |     ^^^^^^^^^^^^^^^^^^^^^^^^^^^^^^^^^^^^^^^^^^^^^^^^^^^^^^^^^^^^^^^^^^^^^^^^^^^^^^^^^^^^^^^^^^^^^^^
252 |     context = compact_feedback(project, context)
253 |     context, supplied_inputs = input_changes(context, known_inputs)
    |
help: Organize imports
    |
250 |     known_inputs, compaction_cursor, native_compaction = refresh_inputs(thread_id, known_inputs)
    -     from .context_focus import compact_feedback, compact_delivery_brief, reading_plan, repair_focus
251 +     from .context_focus import compact_delivery_brief, compact_feedback, reading_plan, repair_focus
252 |     context = compact_feedback(project, context)
    |

E501 Line too long (115 > 100)
   --> src/driver_port_factory/codex/cli.py:332:101
    |
330 |         "call_reason": (
331 |             "recovery" if context.get("checker_decision") or follow_up else
332 |             "review_followup" if stage_key.value in {"final_evidence_review", "analysis_review"} and thread_id else
    |                                                                                                     ^^^^^^^^^^^^^^^
333 |             "independent_review" if stage_key.value in {"final_evidence_review", "analysis_review"} else
334 |             "execution_self_check" if context.get("controller_execution") else
    |

E501 Line too long (104 > 100)
   --> src/driver_port_factory/codex/cli.py:333:101
    |
331 |             "recovery" if context.get("checker_decision") or follow_up else
332 |             "review_followup" if stage_key.value in {"final_evidence_review", "analysis_review"} and thread_id else
333 |             "independent_review" if stage_key.value in {"final_evidence_review", "analysis_review"} else
    |                                                                                                     ^^^^
334 |             "execution_self_check" if context.get("controller_execution") else
335 |             "repair" if repair and repair["status"] == "OPEN" else "stage_work"
    |

E501 Line too long (112 > 100)
   --> src/driver_port_factory/codex/cli.py:337:101
    |
335 |             "repair" if repair and repair["status"] == "OPEN" else "stage_work"
336 |         ),
337 |         "repair_origin": ({k: repair.get(k) for k in ("trigger", "repair_root", "status")} if repair else None),
    |                                                                                                     ^^^^^^^^^^^^
338 |         "usage_semantics": "cumulative thread counters; subtract usage_baseline",
339 |     }
    |

E501 Line too long (103 > 100)
   --> src/driver_port_factory/codex/cli.py:369:101
    |
367 |     def checkpoint(event: dict) -> None:
368 |         nonlocal first_event_seconds
369 |         if first_event_seconds is None and event.get("type") not in {"thread.started", "turn.started"}:
    |                                                                                                     ^^^
370 |             first_event_seconds = round(time.monotonic() - started, 3)
371 |         if event.get("type") == "turn.completed" and event.get("usage"):
    |

E501 Line too long (101 > 100)
   --> src/driver_port_factory/codex/cli.py:436:101
    |
434 |     output_path.write_bytes(deliverable.read_bytes())
435 |     submission_value = receipt
436 |     job_ref = project.record_artifact(stage_key, FileArtifact(CodexArtifact.JOB_RESULT, output_path))
    |                                                                                                     ^
437 |     if submission_value is not None and job_ref.ordinal is not None:
438 |         project.record_artifact(
    |

E501 Line too long (107 > 100)
  --> src/driver_port_factory/codex/compaction.py:28:101
   |
26 |             first = json.loads(stream.readline())
27 |             meta = first.get("payload", {})
28 |             if first.get("type") != "session_meta" or (meta.get("id") or meta.get("session_id")) != thread:
   |                                                                                                     ^^^^^^^
29 |                 return known, None, {"status": "identity_mismatch"}
30 |             stat = os.fstat(stream.fileno())
   |

E501 Line too long (110 > 100)
   --> src/driver_port_factory/codex/context_focus.py:119:101
    |
117 |         probes = [dict(value) for value in probes]
118 |         for index, value in enumerate(probes):
119 |             if f'recent_early_probes/{index}/source' in context.get('input_changes', {}).get('unchanged', []):
    |                                                                                                     ^^^^^^^^^^
120 |                 value.pop('recipe', None)
121 |                 value['previously_supplied'] = True
    |

E501 Line too long (107 > 100)
   --> src/driver_port_factory/codex/context_focus.py:126:101
    |
124 |         decisions = {key: dict(value) for key, value in decisions.items()}
125 |         for key, value in decisions.items():
126 |             if f'accepted_decisions/{key}/source' in context.get('input_changes', {}).get('unchanged', []):
    |                                                                                                     ^^^^^^^
127 |                 value.pop('text', None)
128 |                 value.pop('recipe', None)
    |

E501 Line too long (105 > 100)
   --> src/driver_port_factory/codex/context_focus.py:138:101
    |
136 |         **{k: v for k, v in brief.items() if k != "text"},
137 |         "previously_supplied": True,
138 |         "instruction": "The unchanged excerpt was already supplied, not necessarily read or remembered. "
    |                                                                                                     ^^^^^
139 |         "Use the bound source section if needed after compaction; all frozen obligations remain required."}}
    |

E501 Line too long (108 > 100)
   --> src/driver_port_factory/codex/context_focus.py:139:101
    |
137 |         "previously_supplied": True,
138 |         "instruction": "The unchanged excerpt was already supplied, not necessarily read or remembered. "
139 |         "Use the bound source section if needed after compaction; all frozen obligations remain required."}}
    |                                                                                                     ^^^^^^^^

E501 Line too long (105 > 100)
  --> src/driver_port_factory/codex/context_policy.py:55:101
   |
53 |     # case implementation is its first real delivery conversation.
54 |     if (stage is MigrationStage.DRIVER_IMPLEMENTATION
55 |             and not any((project.control / "codex").glob("target_framework_enablement-*.metrics.json"))):
   |                                                                                                     ^^^^^
56 |         boundary = MigrationStage.DRIVER_IMPLEMENTATION
57 |     if stage is not boundary:
   |

I001 [*] Import block is un-sorted or un-formatted
  --> src/driver_port_factory/codex/gateway.py:1:1
   |
 1 | / from __future__ import annotations
 2 | |
 3 | | import json
 4 | | import uuid
 5 | | import fcntl
 6 | | import hashlib
 7 | | import os
 8 | | import tempfile
 9 | | import sys
10 | | from collections.abc import Callable
11 | | from dataclasses import dataclass, field
12 | | from pathlib import Path
13 | | from typing import Any
14 | |
15 | | from ..core.contracts import StageKey
16 | | from ..core.models import ActorRole, WorkflowError
17 | | from .contracts import CodexExecEventType, CodexExecItemType, CodexSandbox
18 | | from .policy import CodexExecutionPolicy
19 | | from .runtime import relay_overrides
20 | | from .transport import execute
   | |______________________________^
help: Organize imports
   |
2  |
   - import json
   - import uuid
3  | import fcntl
4  | import hashlib
5  + import json
6  | import os
7  + import sys
8  | import tempfile
   - import sys
9  + import uuid
10 | from collections.abc import Callable
   |

E501 Line too long (107 > 100)
  --> src/driver_port_factory/codex/gateway.py:67:101
   |
65 |                 fcntl.flock(lock, fcntl.LOCK_EX | fcntl.LOCK_NB)
66 |             except BlockingIOError as error:
67 |                 raise WorkflowError("conversation already running; do not start another writer") from error
   |                                                                                                     ^^^^^^^
68 |             return self._run(job)
   |

C901 `_run` is too complex (15 > 12)
  --> src/driver_port_factory/codex/gateway.py:70:9
   |
68 |             return self._run(job)
69 |
70 |     def _run(self, job: CodexJob) -> CodexResult:
   |         ^^^^
71 |         execution_root = job.execution_root.resolve()
72 |         if not execution_root.is_dir():
   |

PLR0912 Too many branches (15 > 12)
  --> src/driver_port_factory/codex/gateway.py:70:9
   |
68 |             return self._run(job)
69 |
70 |     def _run(self, job: CodexJob) -> CodexResult:
   |         ^^^^
71 |         execution_root = job.execution_root.resolve()
72 |         if not execution_root.is_dir():
   |

E501 Line too long (102 > 100)
   --> src/driver_port_factory/codex/gateway.py:177:101
    |
175 |             failure = "Codex turn failed; inspect preserved event log"
176 |         if not failure and not any(event.get("type") == "turn.completed" for event in events):
177 |             failure = "Codex stream ended without a completed turn; resume the preserved conversation"
    |                                                                                                     ^^
178 |         return CodexResult(job.job_id, final_response, thread_id, tuple(events), failure)
    |

E501 Line too long (123 > 100)
  --> src/driver_port_factory/codex/policy.py:51:101
   |
50 |     def grant(self, project: Project, stage: StageKey) -> CodexExecutionGrant:
51 |         developer = getattr(getattr(project, "config", None), "evaluation_mode", None) is EvaluationMode.DEVELOPER_EVIDENCE
   |                                                                                                     ^^^^^^^^^^^^^^^^^^^^^^^
52 |         writable = CodexSandbox.UNRESTRICTED if developer else CodexSandbox.WORKSPACE_WRITE
53 |         if stage in self.NETWORK_STAGES:
   |

E501 Line too long (120 > 100)
  --> src/driver_port_factory/codex/policy.py:70:101
   |
68 |             return CodexExecutionGrant(execution_root, writable)
69 |         if stage not in self.WRITABLE_STAGES:
70 |             return CodexExecutionGrant(project.root, CodexSandbox.UNRESTRICTED if developer else CodexSandbox.READ_ONLY)
   |                                                                                                     ^^^^^^^^^^^^^^^^^^^^
71 |         acquisition = load_repository_acquisition(project)
72 |         execution_root = self._project_path(
   |

I001 [*] Import block is un-sorted or un-formatted
  --> src/driver_port_factory/codex/prompts.py:1:1
   |
 1 | / from __future__ import annotations
 2 | |
 3 | | import hashlib
 4 | | from html import escape
 5 | | import json
 6 | | import re
 7 | | from dataclasses import dataclass
 8 | | from pathlib import Path
 9 | | from typing import Any
10 | |
11 | | from ..core.contracts import StageKey
12 | | from ..core.models import ActorRole, ControllerError
13 | | from ..core.workflow import StageCatalog
   | |________________________________________^
help: Organize imports
  |
3 | import hashlib
  - from html import escape
4 | import json
5 | import re
6 | from dataclasses import dataclass
7 + from html import escape
8 | from pathlib import Path
  |

E501 Line too long (121 > 100)
  --> src/driver_port_factory/codex/prompts.py:94:101
   |
92 |         if not catalog.contains(stage):
93 |             raise ControllerError(f"prompt pack contains an unknown stage: {stage}")
94 |         if not isinstance(specification, dict) or set(specification) - {"documents", "objective", "on_demand_documents"}:
   |                                                                                                     ^^^^^^^^^^^^^^^^^^^^^
95 |             raise ControllerError(f"prompt pack stage {stage} must be a stage specification")
96 |         documents = specification.get("documents")
   |

E501 Line too long (108 > 100)
   --> src/driver_port_factory/codex/prompts.py:186:101
    |
184 |             path = (self.prompt_pack.root / relative_path).resolve()
185 |             if self.prompt_pack.root not in path.parents:
186 |                 raise ControllerError(f"document escapes both Skill and prompt pack roots: {relative_path}")
    |                                                                                                     ^^^^^^^^
187 |         if not path.is_file():
188 |             raise ControllerError(f"required prompt document is missing: {path}")
    |

C901 `render` is too complex (16 > 12)
   --> src/driver_port_factory/codex/prompts.py:212:9
    |
210 |         return tuple(self._read_document(path) for path in specification.documents)
211 |
212 |     def render(
    |         ^^^^^^
213 |         self,
214 |         *,
    |

PLR0912 Too many branches (15 > 12)
   --> src/driver_port_factory/codex/prompts.py:212:9
    |
210 |         return tuple(self._read_document(path) for path in specification.documents)
211 |
212 |     def render(
    |         ^^^^^^
213 |         self,
214 |         *,
    |

E501 Line too long (114 > 100)
   --> src/driver_port_factory/codex/prompts.py:238:101
    |
236 |         stage_specification = self.prompt_pack.stages.get(stage.value)
237 |         effective_objective = (
238 |             objective if objective is not None else stage_specification.objective if stage_specification else None
    |                                                                                                     ^^^^^^^^^^^^^^
239 |         )
240 |         if repair_task is not None and objective is None:
    |

E501 Line too long (106 > 100)
   --> src/driver_port_factory/codex/prompts.py:245:101
    |
243 |                 "frozen obligations and bound observations. Preserve unaffected passing work; "
244 |                 "perform only necessary changes and affected validation under repair.md. "
245 |                 "The existing delivery scope remains required; this is not a new initial implementation.")
    |                                                                                                     ^^^^^^
246 |         if deciding and effective_objective is None:
247 |             effective_objective = recovery
    |

E501 Line too long (141 > 100)
   --> src/driver_port_factory/codex/prompts.py:327:101
    |
325 | …tf-8")).hexdigest()
326 | …
327 | …scii=False, sort_keys=True, indent=2).replace("<", "\\u003c").replace(">", "\\u003e"),
    |                                               ^^^^^^^^^^^^^^^^^^^^^^^^^^^^^^^^^^^^^^^^^
328 | …
329 | …
    |

E501 Line too long (107 > 100)
   --> src/driver_port_factory/codex/prompts.py:357:101
    |
355 |         progress = (context or {}).get("behavior_progress")
356 |         focused = self.prompt_pack.root / "behavior-execution.md"
357 |         if progress and (progress.get("current") or not progress.get("plan_exists")) and focused.is_file():
    |                                                                                                     ^^^^^^^
358 |             return focused.read_text(encoding="utf-8")
359 |         return (self.prompt_pack.root / "execution.md").read_text(encoding="utf-8")
    |

E501 Line too long (102 > 100)
   --> src/driver_port_factory/codex/prompts.py:376:101
    |
374 |         documents = self.documents_for_stage(stage) if specification else ()
375 |         recovery = self.prompt_pack.root / "checker-decision.md"
376 |         execution_rules = self.execution_rules(stage, None) if self._executable(stage.value) else None
    |                                                                                                     ^^
377 |         repair_stages = {"driver_implementation", "artifact_preparation"}
378 |         repair_rules = None
    |

E501 Line too long (101 > 100)
  --> src/driver_port_factory/codex/repair_handoff.py:73:101
   |
71 |     if focus:
72 |         task["observations"] = {k: v for k, v in focus.items() if k != "instruction"}
73 |         task["observations"]["authority"] = "Historical receipts, not current worktree measurements."
   |                                                                                                     ^
74 |     # Stage and excerpt identity matter: another node must receive its own view even in
75 |     # a shared worker thread. Fresh/reset sessions supply no known identity.
   |

E501 Line too long (122 > 100)
  --> src/driver_port_factory/codex/repair_handoff.py:83:101
   |
81 |         task.pop("complete")
82 |         task["previously_supplied"] = True
83 |         task["retrieval"] = "Same view previously supplied, not necessarily read or remembered; source remains available."
   |                                                                                                     ^^^^^^^^^^^^^^^^^^^^^^
84 |     supplied[key] = identity
85 |     result["repair_task"] = task
   |

C901 `write_submission` is too complex (21 > 12)
   --> src/driver_port_factory/codex/submission.py:109:5
    |
109 | def write_submission(
    |     ^^^^^^^^^^^^^^^^
110 |     project: Project,
111 |     stage: StageKey,
    |

PLR0912 Too many branches (20 > 12)
   --> src/driver_port_factory/codex/submission.py:109:5
    |
109 | def write_submission(
    |     ^^^^^^^^^^^^^^^^
110 |     project: Project,
111 |     stage: StageKey,
    |

C901 `load_submission` is too complex (17 > 12)
   --> src/driver_port_factory/codex/submission.py:216:5
    |
216 | def load_submission(project: Project, stage: StageKey, job_id: str) -> dict[str, Any] | None:
    |     ^^^^^^^^^^^^^^^
217 |     path = receipt_path(project, job_id)
218 |     if not path.is_file():
    |

PLR0912 Too many branches (16 > 12)
   --> src/driver_port_factory/codex/submission.py:216:5
    |
216 | def load_submission(project: Project, stage: StageKey, job_id: str) -> dict[str, Any] | None:
    |     ^^^^^^^^^^^^^^^
217 |     path = receipt_path(project, job_id)
218 |     if not path.is_file():
    |

I001 [*] Import block is un-sorted or un-formatted
  --> src/driver_port_factory/codex/transport.py:3:1
   |
 1 |   """Stream CLI checkpoints so an interrupted controller can resume its conversation."""
 2 |
 3 | / from __future__ import annotations
 4 | |
 5 | | import json
 6 | | import os
 7 | | import signal
 8 | | import selectors
 9 | | import time
10 | | import codecs
11 | | import subprocess
12 | | import tempfile
13 | | from collections.abc import Callable
14 | | from pathlib import Path
15 | | from typing import Any
16 | |
17 | | from ..core.models import WorkflowError
   | |_______________________________________^
help: Organize imports
   |
4  |
5  + import codecs
6  | import json
7  | import os
   - import signal
8  | import selectors
   - import time
   - import codecs
9  + import signal
10 | import subprocess
11 | import tempfile
12 + import time
13 | from collections.abc import Callable
   |

I001 [*] Import block is un-sorted or un-formatted
  --> src/driver_port_factory/composition.py:1:1
   |
 1 | / from __future__ import annotations
 2 | |
 3 | | import json
 4 | | from pathlib import Path
 5 | |
 6 | | from .acquisition.artifact_validation import VALIDATORS as ACQUISITION_VALIDATORS
 7 | | from .acquisition.bundle_validation import (
 8 | |     BUNDLE_VALIDATORS as ACQUISITION_BUNDLE_VALIDATORS,
 9 | | )
10 | | from .acquisition.contracts import AcquisitionStage
11 | | from .codex.validation import VALIDATORS as CODEX_VALIDATORS
12 | | from .control.contracts import ControlArtifact, ControlStage
13 | | from .control.validation import VALIDATORS as CONTROL_VALIDATORS
14 | | from .core.models import ActorRole, EvaluationMode, ProjectConfig, WorkflowError
15 | | from .core.project import Project
16 | | from .core.validation import ValidationRegistry
17 | | from .core.workflow import StageCatalog, WorkflowDefinition
18 | | from .environment.contracts import EnvironmentStage
19 | | from .environment.validation import BUNDLE_VALIDATORS as ENVIRONMENT_BUNDLE_VALIDATORS
20 | | from .environment.validation import VALIDATORS as ENVIRONMENT_VALIDATORS
21 | | from .evaluation.contracts import EvaluationStage
22 | | from .evaluation.validation import VALIDATORS as EVALUATION_VALIDATORS
23 | | from .intake.contracts import IntakeStage
24 | | from .intake.validation import VALIDATORS as INTAKE_VALIDATORS
25 | | from .knowledge.contracts import KnowledgeStage
26 | | from .knowledge.validation import VALIDATORS as KNOWLEDGE_VALIDATORS
27 | | from .migration.contracts import MigrationStage
28 | | from .migration.validation import BUNDLE_VALIDATORS as MIGRATION_BUNDLE_VALIDATORS
29 | | from .migration.validation import VALIDATORS as MIGRATION_VALIDATORS
30 | | from .orchestration.blind import auditor_workflow, curator_workflow, evaluator_workflow
31 | | from .orchestration.migration import migration_workflow
32 | | from .sealing.contracts import SealingStage
33 | | from .sealing.validation import BUNDLE_VALIDATORS as SEALING_BUNDLE_VALIDATORS
34 | | from .sealing.validation import VALIDATORS as SEALING_VALIDATORS
35 | | from .target_study.contracts import TargetStudyStage
36 | | from .target_study.validation import VALIDATORS as TARGET_STUDY_VALIDATORS
37 | | from .target_study.validation import BUNDLE_VALIDATORS as TARGET_STUDY_BUNDLE_VALIDATORS
   | |________________________________________________________________________________________^
38 |
39 |   ARTIFACT_VALIDATORS = ValidationRegistry.compose(
   |
help: Organize imports
   |
35 | from .target_study.contracts import TargetStudyStage
36 + from .target_study.validation import BUNDLE_VALIDATORS as TARGET_STUDY_BUNDLE_VALIDATORS
37 | from .target_study.validation import VALIDATORS as TARGET_STUDY_VALIDATORS
   - from .target_study.validation import BUNDLE_VALIDATORS as TARGET_STUDY_BUNDLE_VALIDATORS
38 |
   |

I001 [*] Import block is un-sorted or un-formatted
  --> src/driver_port_factory/control/cli.py:1:1
   |
 1 | / from __future__ import annotations
 2 | |
 3 | | import argparse
 4 | | import json
 5 | | from pathlib import Path
 6 | |
 7 | | from ..cli_support import CommandRegistry, command_registry
 8 | | from ..composition import ARTIFACT_VALIDATORS, initialize_project, open_project
 9 | | from ..core.models import (
10 | |     ActorRole,
11 | |     ArtifactDirection,
12 | |     EvaluationMode,
13 | |     FileArtifact,
14 | |     ProjectConfig,
15 | |     StageStatus,
16 | |     WorkflowError,
17 | | )
18 | | from .contracts import LedgerVerificationStatus
19 | | from .statistics import cost_text, duration, project_statistics
20 | | from .runtime import controller_run, controller_status
   | |______________________________________________________^
help: Organize imports
   |
18 | from .contracts import LedgerVerificationStatus
19 + from .runtime import controller_run, controller_status
20 | from .statistics import cost_text, duration, project_statistics
   - from .runtime import controller_run, controller_status
21 |
   |

E501 Line too long (105 > 100)
  --> src/driver_port_factory/control/cli.py:34:101
   |
32 |         skill_root=str(Path(arguments.skill_root).resolve()) if arguments.skill_root else None,
33 |         prompt_pack=str(Path(arguments.prompt_pack).resolve()) if arguments.prompt_pack else None,
34 |         baseline_repositories=tuple(str(Path(path).resolve()) for path in arguments.baseline_repository),
   |                                                                                                     ^^^^^
35 |         local_source_repository=(
36 |             str(Path(arguments.local_source_repository).resolve())
   |

C901 `command_status` is too complex (13 > 12)
  --> src/driver_port_factory/control/cli.py:62:5
   |
62 | def command_status(arguments: argparse.Namespace) -> None:
   |     ^^^^^^^^^^^^^^
63 |     project = open_project(Path(arguments.path))
64 |     stats = project_statistics(project, pricing_model=arguments.pricing_model,
   |

E501 Line too long (108 > 100)
   --> src/driver_port_factory/control/cli.py:100:101
    |
 98 |                 request_path = Path(pointer.read_text())
 99 |                 request = json.loads(request_path.read_text())
100 |                 print(f"   recovery={'PAUSED' if request['paused'] else 'PENDING'} evidence={request_path}")
    |                                                                                                     ^^^^^^^^
101 |             repair = project.retry_feedback(stage.name)
102 |             if repair:
    |

E501 Line too long (104 > 100)
   --> src/driver_port_factory/control/cli.py:103:101
    |
101 |             repair = project.retry_feedback(stage.name)
102 |             if repair:
103 |                 print(f"   repair={repair['status']} root={repair.get('repair_root', repair['stage'])} "
    |                                                                                                     ^^^^
104 |                       f"trigger={repair['trigger']} (evidence refresh; existing work retained)")
105 |         if (stage.message or "").startswith("WORKER_ACCEPTED:"):
    |

E501 Line too long (108 > 100)
   --> src/driver_port_factory/control/cli.py:213:101
    |
211 |     init.add_argument(
212 |         "--final-evidence-review", action=argparse.BooleanOptionalAction, default=None,
213 |         help="enable or disable stage 18 final evidence review (default: enabled; required for blind mode)",
    |                                                                                                     ^^^^^^^^
214 |     )
215 |     init.add_argument(
    |

E501 Line too long (101 > 100)
   --> src/driver_port_factory/control/cli.py:223:101
    |
221 |     status = commands.add_parser("status", help="show the stage DAG and current status")
222 |     status.add_argument("path")
223 |     status.add_argument("--json", action="store_true", help="machine-readable stage/call statistics")
    |                                                                                                     ^
224 |     status.add_argument("--pricing-model", help="explicit model for historical calls missing model metadata")
225 |     status.add_argument("--pricing-tier", choices=("standard", "fast", "flex", "batch"),
    |

E501 Line too long (109 > 100)
   --> src/driver_port_factory/control/cli.py:224:101
    |
222 |     status.add_argument("path")
223 |     status.add_argument("--json", action="store_true", help="machine-readable stage/call statistics")
224 |     status.add_argument("--pricing-model", help="explicit model for historical calls missing model metadata")
    |                                                                                                     ^^^^^^^^^
225 |     status.add_argument("--pricing-tier", choices=("standard", "fast", "flex", "batch"),
226 |                         help="override service tier for the public-price estimate")
    |

E501 Line too long (126 > 100)
   --> src/driver_port_factory/control/cli.py:231:101
    |
229 |     stage = commands.add_parser("stage", help="manually drive a stage")
230 |     stage_commands = command_registry(stage, dest="stage_command")
231 |     recovery = stage_commands.add_parser("recovery-resume", help="operator: resume stalled recovery after an external change")
    |                                                                                                     ^^^^^^^^^^^^^^^^^^^^^^^^^^
232 |     recovery.add_argument("path")
233 |     recovery.add_argument("stage")
    |

C901 `project_statistics` is too complex (13 > 12)
  --> src/driver_port_factory/control/statistics.py:66:5
   |
66 | def project_statistics(project, *, pricing_model=None, pricing_tier=None) -> dict:
   |     ^^^^^^^^^^^^^^^^^^
67 |     from .evidence import evidence_summary
68 |     now = datetime.now(UTC)
   |

PLR0912 Too many branches (14 > 12)
  --> src/driver_port_factory/control/statistics.py:66:5
   |
66 | def project_statistics(project, *, pricing_model=None, pricing_tier=None) -> dict:
   |     ^^^^^^^^^^^^^^^^^^
67 |     from .evidence import evidence_summary
68 |     now = datetime.now(UTC)
   |

E501 Line too long (112 > 100)
  --> src/driver_port_factory/control/statistics.py:95:101
   |
93 |             "stage": stage.name.value,
94 |             "status": stage.status.value,
95 |             "execution_state": "STOPPED" if stopped and stage.status.value == "RUNNING" else stage.status.value,
   |                                                                                                     ^^^^^^^^^^^^
96 |             "acceptance": stage.message if (stage.message or "").startswith("WORKER_ACCEPTED:") else None,
97 |             **times.get(
   |

E501 Line too long (106 > 100)
  --> src/driver_port_factory/control/statistics.py:96:101
   |
94 |             "status": stage.status.value,
95 |             "execution_state": "STOPPED" if stopped and stage.status.value == "RUNNING" else stage.status.value,
96 |             "acceptance": stage.message if (stage.message or "").startswith("WORKER_ACCEPTED:") else None,
   |                                                                                                     ^^^^^^
97 |             **times.get(
98 |                 stage.name.value, {"elapsed_seconds": 0.0, "waiting_seconds": 0.0, "attempts": 0}
   |

I001 [*] Import block is un-sorted or un-formatted
 --> src/driver_port_factory/core/artifacts.py:1:1
  |
1 | / from __future__ import annotations
2 | |
3 | | import hashlib
4 | | import os
5 | | from pathlib import Path
6 | |
7 | | from .models import ArtifactContent, ArtifactRef, WorkflowError, ControllerError
  | |________________________________________________________________________________^
help: Organize imports
  |
6 |
  - from .models import ArtifactContent, ArtifactRef, WorkflowError, ControllerError
7 + from .models import ArtifactContent, ArtifactRef, ControllerError, WorkflowError
8 |
  |

SIM103 Return the negated condition directly
  --> src/driver_port_factory/core/container_policy.py:24:5
   |
22 |           parts[-1] = parts[-1].split(":", 1)[0]
23 |       repository = parts[-2:]
24 | /     if len(repository) != 2 or repository != ["asterinas", "dev"]:
25 | |         return False
26 | |     return True
   | |_______________^
help: Inline condition

I001 [*] Import block is un-sorted or un-formatted
  --> src/driver_port_factory/core/container_trace.py:3:1
   |
 1 |   """Read-only Docker process observations scoped to one harness execution."""
 2 |
 3 | / from __future__ import annotations
 4 | |
 5 | | import json
 6 | | import http.client
 7 | | import os
 8 | | import shlex
 9 | | import shutil
10 | | import subprocess
11 | | import threading
12 | | from pathlib import Path
13 | |
14 | | from .models import utc_now
15 | | from .trace import exec_arguments, successful_execs
   | |___________________________________________________^
help: Organize imports
  |
4 |
5 + import http.client
6 | import json
  - import http.client
7 | import os
  |

PLW1510 `subprocess.run` without explicit `check` argument
  --> src/driver_port_factory/core/container_trace.py:35:18
   |
34 |     def _call(self, *args: str) -> str:
35 |         result = subprocess.run([self.docker, *args], capture_output=True, text=True, timeout=3)
   |                  ^^^^^^^^^^^^^^
36 |         if result.returncode:
37 |             raise RuntimeError(result.stderr.strip()[:400])
   |
help: Add explicit `check=False`

C901 `_has_workspace_bind` is too complex (13 > 12)
   --> src/driver_port_factory/core/container_trace.py:214:9
    |
212 |                 self.errors.append(message)
213 |
214 |     def _has_workspace_bind(self, arguments: list[str]) -> bool:
    |         ^^^^^^^^^^^^^^^^^^^
215 |         """Return whether Docker ``run`` arguments bind-mount this workspace."""
    |

E501 Line too long (107 > 100)
  --> src/driver_port_factory/core/execution.py:42:101
   |
40 |         "collector": "strace", "available": usable,
41 |         "probe": asdict(probe) if probe else None,
42 |         "limitation": None if usable else "strace unavailable or unusable; exec observation not collected",
   |                                                                                                     ^^^^^^^
43 |     }) + "\n")
44 |     prefix = [tracer, "-f", "-qq", "-s", "65535", "-e", "trace=execve", "-o", str(trace)] if usable else []
   |

E501 Line too long (107 > 100)
  --> src/driver_port_factory/core/execution.py:44:101
   |
42 |         "limitation": None if usable else "strace unavailable or unusable; exec observation not collected",
43 |     }) + "\n")
44 |     prefix = [tracer, "-f", "-qq", "-s", "65535", "-e", "trace=execve", "-o", str(trace)] if usable else []
   |                                                                                                     ^^^^^^^
45 |     return [*prefix, *script_command(script)]
   |

E501 Line too long (101 > 100)
  --> src/driver_port_factory/core/integrity.py:54:101
   |
52 |         job_id = payload.get("job_id")
53 |         receipt = payload.get("receipt")
54 |         if not isinstance(stage, str) or not isinstance(job_id, str) or not isinstance(receipt, str):
   |                                                                                                     ^
55 |             raise WorkflowError("worker submission event has incomplete identity")
56 |         self.workflow.parse_stage(stage)
   |

C901 `validate_project_config` is too complex (13 > 12)
  --> src/driver_port_factory/core/policy.py:15:5
   |
15 | def validate_project_config(config: ProjectConfig) -> None:
   |     ^^^^^^^^^^^^^^^^^^^^^^^
16 |     _translation_options(config)
17 |     if type(config.compact_paths) is not bool:
   |

E501 Line too long (102 > 100)
  --> src/driver_port_factory/core/policy.py:25:101
   |
23 |     if type(config.behavior_scheduling) is not bool:
24 |         raise WorkflowError("behavior_scheduling must be boolean")
25 |     if config.behavior_scheduling and config.evaluation_mode is not EvaluationMode.DEVELOPER_EVIDENCE:
   |                                                                                                     ^^
26 |         raise WorkflowError("Behavior scheduling pilot currently requires developer-evidence mode")
27 |     if config.benchmark is not None:
   |

E501 Line too long (105 > 100)
  --> src/driver_port_factory/core/policy.py:31:101
   |
29 |         validate_spec(config.benchmark)
30 |         if config.evaluation_mode is not EvaluationMode.DEVELOPER_EVIDENCE:
31 |             raise WorkflowError("Configured public benchmark currently requires developer-evidence mode")
   |                                                                                                     ^^^^^
32 |     if not all(
33 |         value.strip()
   |

I001 [*] Import block is un-sorted or un-formatted
  --> src/driver_port_factory/core/project.py:1:1
   |
 1 | / from __future__ import annotations
 2 | |
 3 | | import json
 4 | | from collections.abc import Iterable
 5 | | from pathlib import Path
 6 | | from typing import Any
 7 | |
 8 | | from .artifacts import ArtifactStore
 9 | | from .contracts import ArtifactKey, EventKey, StageKey
10 | | from .models import (
11 | |     ObservationFinding,
12 | |     ActorRole,
13 | |     ArtifactDirection,
14 | |     ArtifactRef,
15 | |     FileArtifact,
16 | |     GeneratedArtifact,
17 | |     ProjectConfig,
18 | |     RepairExhausted,
19 | |     StageStatus,
20 | |     StageView,
21 | |     WorkflowError,
22 | | )
23 | | from .policy import validate_project_config
24 | | from .store import _RunPersistence
25 | | from .validation import ArtifactInputs, BundleValidationContext, ValidationRegistry
26 | | from .workflow import WorkflowDefinition
   | |________________________________________^
help: Organize imports
   |
10 | from .models import (
   -     ObservationFinding,
11 |     ActorRole,
--------------------------------------------------------------------------------
15 |     GeneratedArtifact,
16 +     ObservationFinding,
17 |     ProjectConfig,
   |

I001 [*] Import block is un-sorted or un-formatted
  --> src/driver_port_factory/core/store.py:1:1
   |
 1 | / from __future__ import annotations
 2 | |
 3 | | import json
 4 | | import hashlib
 5 | | import sqlite3
 6 | | from collections.abc import Iterable, Iterator
 7 | | from contextlib import contextmanager
 8 | | from pathlib import Path
 9 | | from typing import Any
10 | |
11 | | from .artifact_persistence import (
12 | |     load_current_occurrences,
13 | |     load_occurrences,
14 | |     next_ordinal,
15 | |     persist_occurrences,
16 | | )
17 | | from .contracts import EventKey, StageKey
18 | | from .events import ArtifactEvent, RunEvent, StageEvent
19 | | from .integrity import validate_state_projection
20 | | from .ledger import append_event, verify_event_chain
21 | | from .models import (
22 | |     ActorRole,
23 | |     ArtifactDirection,
24 | |     ArtifactRef,
25 | |     ProjectConfig,
26 | |     RepairExhausted,
27 | |     StageStatus,
28 | |     StageView,
29 | |     WorkflowError,
30 | |     utc_now,
31 | | )
32 | | from .schema import create_schema, initialize_run, validate_schema
33 | | from .stage_persistence import _StagePersistence
34 | | from .workflow import WorkflowDefinition
   | |________________________________________^
help: Organize imports
  |
2 |
3 + import hashlib
4 | import json
  - import hashlib
5 | import sqlite3
  |

I001 [*] Import block is un-sorted or un-formatted
   --> src/driver_port_factory/core/store.py:149:13
    |
147 |         with self._connect() as connection:
148 |             row = self._stages.transition_row(connection, name, StageStatus.READY)
149 |             from .phases import phase_rows, require_local_repair, allows_evidence_revision
    |             ^^^^^^^^^^^^^^^^^^^^^^^^^^^^^^^^^^^^^^^^^^^^^^^^^^^^^^^^^^^^^^^^^^^^^^^^^^^^^^
150 |             if not allows_evidence_revision(self.config, name, name):
151 |                 require_local_repair(name, name, phase_rows(connection))
    |
help: Organize imports
    |
148 |             row = self._stages.transition_row(connection, name, StageStatus.READY)
    -             from .phases import phase_rows, require_local_repair, allows_evidence_revision
149 +             from .phases import allows_evidence_revision, phase_rows, require_local_repair
150 |             if not allows_evidence_revision(self.config, name, name):
    |

E501 Line too long (110 > 100)
   --> src/driver_port_factory/core/store.py:171:101
    |
169 |         with self._connect() as connection:
170 |             row = connection.execute(
171 |                 "SELECT sequence, event_type, payload FROM events WHERE json_extract(payload, '$.stage') = ? "
    |                                                                                                     ^^^^^^^^^^
172 |                 "AND event_type IN (?, ?) ORDER BY sequence DESC LIMIT 1",
173 |                 (name.value, StageEvent.RETRIED.value, StageEvent.COMPLETED.value),
    |

E501 Line too long (110 > 100)
   --> src/driver_port_factory/core/store.py:187:101
    |
185 |             state = connection.execute("SELECT status FROM stages WHERE name=?", (root,)).fetchone()
186 |         resolved = completion is not None and state is not None and state["status"] == "PASS"
187 |         return {**{key: payload[key] for key in ("stage", "trigger", "reason", "repair_root", "repair_report")
    |                                                                                                     ^^^^^^^^^^
188 |                    if key in payload}, "status": "PREREQUISITE_COMPLETED" if resolved else "OPEN"}
    |

I001 [*] Import block is un-sorted or un-formatted
   --> src/driver_port_factory/core/store.py:206:13
    |
204 |             target = self._stages.transition_row(connection, name, StageStatus.PASS)
205 |             source = self._stages.transition_row(connection, trigger, StageStatus.RUNNING)
206 |             from .phases import phase_rows, require_local_repair, allows_evidence_revision
    |             ^^^^^^^^^^^^^^^^^^^^^^^^^^^^^^^^^^^^^^^^^^^^^^^^^^^^^^^^^^^^^^^^^^^^^^^^^^^^^^
207 |             if not allows_evidence_revision(self.config, name, trigger):
208 |                 require_local_repair(name, trigger, phase_rows(connection))
    |
help: Organize imports
    |
205 |             source = self._stages.transition_row(connection, trigger, StageStatus.RUNNING)
    -             from .phases import phase_rows, require_local_repair, allows_evidence_revision
206 +             from .phases import allows_evidence_revision, phase_rows, require_local_repair
207 |             if not allows_evidence_revision(self.config, name, trigger):
    |

E501 Line too long (107 > 100)
   --> src/driver_port_factory/core/store.py:221:101
    |
219 |                               if not ref.kind.startswith("codex_"))
220 |             fingerprint = hashlib.sha256(json.dumps(
221 |                 [name.value, trigger.value, progress if progress is not None else identity], sort_keys=True
    |                                                                                                     ^^^^^^^
222 |             ).encode()).hexdigest()
223 |             repeated = connection.execute(
    |

E501 Line too long (115 > 100)
   --> src/driver_port_factory/core/store.py:277:101
    |
275 |         with self._connect() as connection:
276 |             row = self._stages.transition_row(connection, name, StageStatus.BLOCKED)
277 |             if actor_role is not self.config.actor_role or actor_role not in self._stages.allowed_roles(row, name):
    |                                                                                                     ^^^^^^^^^^^^^^^
278 |                 raise WorkflowError(f"role {actor_role.value} may not reopen {name.value}")
279 |             boundaries = {direction.value: next_ordinal(connection, name.value, direction)
    |

I001 [*] Import block is un-sorted or un-formatted
 --> src/driver_port_factory/core/trace.py:3:1
  |
1 |   """Read successful execve calls, including strace's interleaved process records."""
2 |
3 | / from __future__ import annotations
4 | |
5 | | import re
6 | | import json
7 | | from collections.abc import Iterable
  | |____________________________________^
help: Organize imports
  |
4 |
5 + import json
6 | import re
  - import json
7 | from collections.abc import Iterable
  |

E501 Line too long (103 > 100)
  --> src/driver_port_factory/core/trace.py:25:101
   |
23 |     """
24 |     argv = exec_arguments(line)
25 |     if any(arg in {"--version", "-version", "--help", "-help", "-h", "help", "?"} for arg in argv[1:]):
   |                                                                                                     ^^^
26 |         return False
27 |     return bool(argv)
   |

I001 [*] Import block is un-sorted or un-formatted
  --> src/driver_port_factory/environment/inventory.py:1:1
   |
 1 | / from __future__ import annotations
 2 | |
 3 | | import os
 4 | | import platform
 5 | | import shutil
 6 | | import sys
 7 | | import subprocess
 8 | | from pathlib import Path
 9 | | from typing import Any
10 | |
11 | | from ..acquisition.repository import load_repository_acquisition
12 | | from ..acquisition.repository_checkout import CheckoutRecord
13 | | from ..acquisition.repository_role import RepositoryRole
14 | | from ..core.models import ActorRole, ArtifactDirection, StageStatus, WorkflowError, utc_now
15 | | from ..core.project import Project
16 | | from .contracts import EnvironmentArtifact, EnvironmentStage, RouteDiscoveryStatus
17 | | from .documents import json_artifact
18 | | from .evidence import workspace_path
19 | | from .models import ArtifactMode
   | |________________________________^
help: Organize imports
  |
5 | import shutil
6 + import subprocess
7 | import sys
  - import subprocess
8 | from pathlib import Path
  |

E501 Line too long (110 > 100)
  --> src/driver_port_factory/environment/inventory.py:96:101
   |
94 |                 commands.append(([path, "--version"], None))
95 |             elif name == "docker":
96 |                 commands.append(([path, "image", "ls", "--format", "{{.Repository}}:{{.Tag}} {{.ID}}"], None))
   |                                                                                                     ^^^^^^^^^^
97 |         for path in ("/usr/bin/clang-18", "/usr/bin/clang", "/usr/bin/gcc"):
98 |             if Path(path).is_file():
   |

E501 Line too long (105 > 100)
   --> src/driver_port_factory/environment/inventory.py:99:101
    |
 97 |         for path in ("/usr/bin/clang-18", "/usr/bin/clang", "/usr/bin/gcc"):
 98 |             if Path(path).is_file():
 99 |                 commands.append(([path, "-x", "c", "-fsyntax-only", "-"], "int main(void){return 0;}\n"))
    |                                                                                                     ^^^^^
100 |         for argv, source in commands:
101 |             try:
    |

PLW1510 `subprocess.run` without explicit `check` argument
   --> src/driver_port_factory/environment/inventory.py:102:26
    |
100 |         for argv, source in commands:
101 |             try:
102 |                 result = subprocess.run(argv, input=source, capture_output=True, text=True, timeout=10)
    |                          ^^^^^^^^^^^^^^
103 |                 results.append({"argv": argv, "exit_code": result.returncode,
104 |                                 "output": (result.stdout + result.stderr)[:4000]})
    |
help: Add explicit `check=False`

E501 Line too long (103 > 100)
   --> src/driver_port_factory/environment/inventory.py:102:101
    |
100 |         for argv, source in commands:
101 |             try:
102 |                 result = subprocess.run(argv, input=source, capture_output=True, text=True, timeout=10)
    |                                                                                                     ^^^
103 |                 results.append({"argv": argv, "exit_code": result.returncode,
104 |                                 "output": (result.stdout + result.stderr)[:4000]})
    |

I001 [*] Import block is un-sorted or un-formatted
 --> src/driver_port_factory/knowledge/contracts.py:1:1
  |
1 | from enum import StrEnum
  | ^^^^^^^^^^^^^^^^^^^^^^^^
2 |
3 | class KnowledgeStage(StrEnum):
  |
help: Organize imports
  |
2 |
3 +
4 | class KnowledgeStage(StrEnum):
  |

I001 [*] Import block is un-sorted or un-formatted
  --> src/driver_port_factory/knowledge/problem_packet.py:2:1
   |
 1 |   """One-question, bounded evidence packets. No model, inferred mapping or acceptance gate."""
 2 | / import hashlib
 3 | | import json
 4 | | import math
 5 | | import re
 6 | |
 7 | | from ..core.models import StageStatus, WorkflowError
 8 | | from ..migration.contracts import MigrationArtifact as A, MigrationStage as S
   | |_____________________________________________________________________________^
 9 |
10 |   TOKEN = re.compile(r'[A-Za-z_][A-Za-z0-9_:.-]*')
   |
help: Organize imports
   |
7  | from ..core.models import StageStatus, WorkflowError
   - from ..migration.contracts import MigrationArtifact as A, MigrationStage as S
8  + from ..migration.contracts import MigrationArtifact as A
9  + from ..migration.contracts import MigrationStage as S
10 |
   |

SIM905 [*] Consider using a list literal instead of `str.split`
  --> src/driver_port_factory/knowledge/problem_packet.py:11:12
   |
10 |   TOKEN = re.compile(r'[A-Za-z_][A-Za-z0-9_:.-]*')
11 |   STOP = set('a an the and or to of in on for with from is are be as by how what which '
   |  ____________^
12 | |            'should can does do this that these those please implement implementation '
13 | |            'driver code function target source use using need ensure handle'.split())
   | |____________________________________________________________________________________^
14 |   GROUPS = ('obligations', 'source', 'target', 'test')
   |
help: Replace with list literal
   |
10 | TOKEN = re.compile(r'[A-Za-z_][A-Za-z0-9_:.-]*')
   - STOP = set('a an the and or to of in on for with from is are be as by how what which '
   -            'should can does do this that these those please implement implementation '
   -            'driver code function target source use using need ensure handle'.split())
11 + STOP = set(['a', 'an', 'the', 'and', 'or', 'to', 'of', 'in', 'on', 'for', 'with', 'from', 'is', 'are', 'be', 'as', 'by', 'how', 'what', 'which', 'should', 'can', 'does', 'do', 'this', 'that', 'these', 'those', 'please', 'implement', 'implementation', 'driver', 'code', 'function', 'target', 'source', 'use', 'using', 'need', 'ensure', 'handle'])
12 | GROUPS = ('obligations', 'source', 'target', 'test')
   |

FURB167 [*] Use of regular expression alias `re.I`
  --> src/driver_port_factory/knowledge/problem_packet.py:28:85
   |
27 | def pattern(term):
28 |     return re.compile(r'(?<![A-Za-z0-9_])' + re.escape(term) + r'(?![A-Za-z0-9_])', re.I)
   |                                                                                     ^^^^
help: Replace with `re.IGNORECASE`
   |
27 | def pattern(term):
   -     return re.compile(r'(?<![A-Za-z0-9_])' + re.escape(term) + r'(?![A-Za-z0-9_])', re.I)
28 +     return re.compile(r'(?<![A-Za-z0-9_])' + re.escape(term) + r'(?![A-Za-z0-9_])', re.IGNORECASE)
29 |
   |

E501 Line too long (102 > 100)
  --> src/driver_port_factory/knowledge/problem_packet.py:32:101
   |
31 | def extend_passage(row, chunks):
32 |     """Join one neighboring verified index chunk internally, rather than ask for another tool call."""
   |                                                                                                     ^^
33 |     if row.get('domain') not in {'source', 'target', 'test'}:
34 |         return row
   |

E501 Line too long (103 > 100)
  --> src/driver_port_factory/knowledge/problem_packet.py:41:101
   |
39 |                 and following['line_end'] > row['line_end']):
40 |             left = row['text'].split('\n')[:row['line_end'] - row['line_start'] + 1]
41 |             right = following['text'].split('\n')[:following['line_end'] - following['line_start'] + 1]
   |                                                                                                     ^^^
42 |             overlap = row['line_end'] - following['line_start'] + 1
43 |             if overlap and left[-overlap:] != right[:overlap]:
   |

E501 Line too long (102 > 100)
  --> src/driver_port_factory/knowledge/problem_packet.py:74:101
   |
72 |                 if definitions:
73 |                     score += 8
74 |                     hits = definitions  # Center on the body, not an earlier declaration in the chunk.
   |                                                                                                     ^^
75 |                     row = {**row, 'lookup_match': 'definition_heuristic'}
76 |             scored.append((score, row, hits))
   |

E501 Line too long (102 > 100)
   --> src/driver_port_factory/knowledge/problem_packet.py:110:101
    |
108 |                       'column': len(stop.rsplit('\n', 1)[-1]), 'sha256': row['sha256']}
109 |                      if end < len(text) else None),
110 |             'scope': 'Selected indexed lines only; surrounding file may contain further obligations.'}
    |                                                                                                     ^^

E501 Line too long (107 > 100)
   --> src/driver_port_factory/knowledge/problem_packet.py:123:101
    |
121 |             continue
122 |         if ref.size > 8 * 1024 * 1024:
123 |             raise WorkflowError('accepted report exceeds packet reader limit; use targeted original reads')
    |                                                                                                     ^^^^^^^
124 |         data = project.artifacts.read(ref)  # Bind to accepted CAS, not a mutable report copy.
125 |         grouped[ref.digest] = {'text': data.decode('utf-8'), 'sha256': ref.digest,
    |

C901 `assemble` is too complex (30 > 12)
   --> src/driver_port_factory/knowledge/problem_packet.py:140:5
    |
140 | def assemble(chunks, obligations, question, *, queries=None, contract_id=None, budget=12000):
    |     ^^^^^^^^
141 |     if not question.strip() or len(question) > 600:
142 |         raise WorkflowError('question must contain 1..600 characters')
    |

PLR0912 Too many branches (29 > 12)
   --> src/driver_port_factory/knowledge/problem_packet.py:140:5
    |
140 | def assemble(chunks, obligations, question, *, queries=None, contract_id=None, budget=12000):
    |     ^^^^^^^^
141 |     if not question.strip() or len(question) > 600:
142 |         raise WorkflowError('question must contain 1..600 characters')
    |

PLR0915 Too many statements (79 > 60)
   --> src/driver_port_factory/knowledge/problem_packet.py:140:5
    |
140 | def assemble(chunks, obligations, question, *, queries=None, contract_id=None, budget=12000):
    |     ^^^^^^^^
141 |     if not question.strip() or len(question) > 600:
142 |         raise WorkflowError('question must contain 1..600 characters')
    |

E501 Line too long (101 > 100)
   --> src/driver_port_factory/knowledge/problem_packet.py:148:101
    |
146 |     if set(queries) - set(GROUPS) or any(not isinstance(q, str) or not q.strip() or len(q) > 240
147 |                                       for q in queries.values()):
148 |         raise WorkflowError('queries must be nonempty strings up to 240 characters for known groups')
    |                                                                                                     ^
149 |     if contract_id is not None and (not contract_id.strip() or len(contract_id) > 120):
150 |         raise WorkflowError('contract ID must contain 1..120 characters')
    |

E501 Line too long (122 > 100)
   --> src/driver_port_factory/knowledge/problem_packet.py:166:101
    |
164 |             if match:
165 |                 symbol = match[1]
166 |                 if symbol.lower() not in STOP and symbol not in anchors and not re.fullmatch(r'[a-fA-F0-9]{40,}', symbol):
    |                                                                                                     ^^^^^^^^^^^^^^^^^^^^^^
167 |                     anchors.append(symbol)
168 |         for match in re.finditer(r'([\w./-]+\.(?:c|h|rs|sh|md)):(\d+(?:-\d+)?(?:,\d+(?:-\d+)?)*)', context):
    |

E501 Line too long (108 > 100)
   --> src/driver_port_factory/knowledge/problem_packet.py:168:101
    |
166 |                 if symbol.lower() not in STOP and symbol not in anchors and not re.fullmatch(r'[a-fA-F0-9]{40,}', symbol):
167 |                     anchors.append(symbol)
168 |         for match in re.finditer(r'([\w./-]+\.(?:c|h|rs|sh|md)):(\d+(?:-\d+)?(?:,\d+(?:-\d+)?)*)', context):
    |                                                                                                     ^^^^^^^^
169 |             for interval in match[2].split(',')[:3]:
170 |                 bounds = [int(n) for n in interval.split('-')]
    |

E501 Line too long (114 > 100)
   --> src/driver_port_factory/knowledge/problem_packet.py:193:101
    |
191 |                         offset = max(0, citation['start'] - row['line_start'])
192 |                         position = sum(map(len, row['text'].splitlines(keepends=True)[:offset]))
193 |                         cited.append((100, row, [(f"citation:{citation['path']}:{citation['start']}", position)]))
    |                                                                                                     ^^^^^^^^^^^^^^
194 |             ranked[group] = cited + ranked[group]
195 |     result = {'schema_version': 1, 'question': question, 'budget_bytes': budget,
    |

E501 Line too long (106 > 100)
   --> src/driver_port_factory/knowledge/problem_packet.py:201:101
    |
199 |               'groups': {g: {'query_terms': obligation_terms if g == 'obligations' else needles[g],
200 |                              'matching_chunks': len(ranked[g]), 'items': []} for g in GROUPS},
201 |               'notes': ['Missing hits do not prove absence. Explicit queries override automatic anchors.',
    |                                                                                                     ^^^^^^
202 |                         'Frozen target evidence is not the current modified target worktree.',
203 |                         'Read originals beyond excerpts as needed; this packet does not certify completeness.']}
    |

E501 Line too long (112 > 100)
   --> src/driver_port_factory/knowledge/problem_packet.py:203:101
    |
201 |               'notes': ['Missing hits do not prove absence. Explicit queries override automatic anchors.',
202 |                         'Frozen target evidence is not the current modified target worktree.',
203 |                         'Read originals beyond excerpts as needed; this packet does not certify completeness.']}
    |                                                                                                     ^^^^^^^^^^^^
204 |     if len(encode(result).encode()) > budget:
205 |         raise WorkflowError('query metadata exceeds budget; shorten question or explicit queries')
    |

E501 Line too long (121 > 100)
   --> src/driver_port_factory/knowledge/problem_packet.py:215:101
    |
213 |         for group in GROUPS:
214 |             for _, row, hits in queues[group]:
215 |                 if row.get('lookup_match') != 'definition_heuristic' and all(term in defined[group] for term, _ in hits):
    |                                                                                                     ^^^^^^^^^^^^^^^^^^^^^
216 |                     continue  # Do not spend a second excerpt on a prototype already defined above.
217 |                 row = extend_passage(row, chunks)
    |

E501 Line too long (104 > 100)
   --> src/driver_port_factory/knowledge/problem_packet.py:219:101
    |
217 |                 row = extend_passage(row, chunks)
218 |                 identity = tuple(str(row.get(k, '')) for k in
219 |                                  ('sha256', 'path', 'revision', 'authority', 'source_url', 'record_id'))
    |                                                                                                     ^^^^
220 |                 start, end = window(row, hits)
221 |                 first = row['line_start'] + row['text'][:start].count('\n')
    |

E501 Line too long (102 > 100)
   --> src/driver_port_factory/knowledge/problem_packet.py:223:101
    |
221 |                 first = row['line_start'] + row['text'][:start].count('\n')
222 |                 last = row['line_start'] + row['text'][:end].count('\n')
223 |                 if any(key == identity and first <= hi and lo <= last for key, lo, hi in seen[group]):
    |                                                                                                     ^^
224 |                     continue
225 |                 item = excerpt(row, hits, start, end)
    |

I001 [*] Import block is un-sorted or un-formatted
   --> src/driver_port_factory/knowledge/problem_packet.py:262:5
    |
261 |   def command(arguments):
262 | /     from pathlib import Path
263 | |     from ..composition import open_project
    | |__________________________________________^
264 |       project = open_project(Path(arguments.path), read_only=True, verify_artifacts=False)
265 |       queries = {group: value for group in GROUPS
    |
help: Organize imports
    |
262 |     from pathlib import Path
263 +
264 |     from ..composition import open_project
    |

E501 Line too long (102 > 100)
   --> src/driver_port_factory/knowledge/problem_packet.py:272:101
    |
271 | def register(commands):
272 |     parser = commands.add_parser('packet', help='bounded problem-specific code and evidence excerpts')
    |                                                                                                     ^^
273 |     parser.add_argument('path')
274 |     parser.add_argument('--question', required=True)
    |

E501 Line too long (115 > 100)
  --> src/driver_port_factory/knowledge/search_results.py:17:101
   |
15 |     for index, query in enumerate(queries):
16 |         if not isinstance(query, dict) or set(query) - allowed:
17 |             raise WorkflowError(f"batch query {index} needs query and optional domain/record_id/path_prefix/limit")
   |                                                                                                     ^^^^^^^^^^^^^^^
18 |         if not isinstance(query.get("query"), str) or not query["query"].strip():
19 |             raise WorkflowError(f"batch query {index} needs nonempty query text")
   |

E501 Line too long (103 > 100)
  --> src/driver_port_factory/knowledge/search_results.py:56:101
   |
54 |             "note": "Each hit references evidence by chunk_id, then documents by document_id. "
55 |                     "Scores, excerpts and aliases belong "
56 |                     "to that query. Empty results do not prove absence; inspect originals for claims."}
   |                                                                                                     ^^^

C901 `compile_entry` is too complex (13 > 12)
  --> src/driver_port_factory/knowledge/semantic.py:15:5
   |
15 | def compile_entry(database, source):
   |     ^^^^^^^^^^^^^
16 |     entries = json.loads(database.read_text())
17 |     matches = []
   |

E501 Line too long (111 > 100)
  --> src/driver_port_factory/knowledge/semantic.py:25:101
   |
23 |             matches.append((entry, directory.resolve()))
24 |     if len(matches) != 1:
25 |         raise WorkflowError('Select a compilation database containing exactly one configuration for this file')
   |                                                                                                     ^^^^^^^^^^^
26 |     entry, directory = matches[0]
27 |     args = entry.get('arguments') or shlex.split(entry['command'])
   |

E501 Line too long (118 > 100)
  --> src/driver_port_factory/knowledge/semantic.py:29:101
   |
27 |     args = entry.get('arguments') or shlex.split(entry['command'])
28 |     if not args or Path(args[0]).name not in {'cc', 'gcc', 'clang', 'c++', 'g++', 'clang++'}:
29 |         raise WorkflowError('Semantic query needs a direct C/C++ compile command, without shell or launcher wrappers')
   |                                                                                                     ^^^^^^^^^^^^^^^^^^
30 |     cleaned, skip = [], False
31 |     for arg in args[1:]:
   |

SIM114 [*] Combine `if` branches using logical `or` operator
  --> src/driver_port_factory/knowledge/semantic.py:37:9
   |
35 |           if arg in {'-o', '-MF', '-MT', '-MQ', '-MJ'}:
36 |               skip = True
37 | /         elif arg in {'-c', '-S', '-E', '-M', '-MM', '-MD', '-MMD', '-MP', '-MG'}:
38 | |             continue
39 | |         elif arg.startswith(('-o', '-MF', '-MT', '-MQ', '-MJ')):
40 | |             continue
   | |____________________^
41 |           elif arg.startswith('@') or arg in {'&&', ';', '|'}:
42 |               raise WorkflowError('Expand response files and shell commands before semantic query')
   |
help: Combine `if` branches
   |
36 |             skip = True
   -         elif arg in {'-c', '-S', '-E', '-M', '-MM', '-MD', '-MMD', '-MP', '-MG'}:
   -             continue
   -         elif arg.startswith(('-o', '-MF', '-MT', '-MQ', '-MJ')):
37 +         elif arg in {'-c', '-S', '-E', '-M', '-MM', '-MD', '-MMD', '-MP', '-MG'} or arg.startswith(('-o', '-MF', '-MT', '-MQ', '-MJ')):
38 |             continue
   |

C901 `query` is too complex (14 > 12)
  --> src/driver_port_factory/knowledge/semantic.py:85:5
   |
85 | def query(project, database, source, symbol, *, limit=8):
   |     ^^^^^
86 |     if not symbol or not 1 <= limit <= 30:
87 |         raise WorkflowError('Semantic lookup requires a symbol and limit between 1 and 30')
   |

PLR0912 Too many branches (13 > 12)
  --> src/driver_port_factory/knowledge/semantic.py:85:5
   |
85 | def query(project, database, source, symbol, *, limit=8):
   |     ^^^^^
86 |     if not symbol or not 1 <= limit <= 30:
87 |         raise WorkflowError('Semantic lookup requires a symbol and limit between 1 and 30')
   |

E501 Line too long (109 > 100)
   --> src/driver_port_factory/knowledge/semantic.py:98:101
    |
 96 |         return {'status': 'UNAVAILABLE', 'reason': 'Clang not installed; use source navigation'}
 97 |     try:
 98 |         version = subprocess.run([compiler, '--version'], capture_output=True, timeout=10, check=True).stdout
    |                                                                                                     ^^^^^^^^^
 99 |     except (OSError, subprocess.SubprocessError):
100 |         return {'status': 'UNAVAILABLE', 'reason': 'Cannot identify the configured Clang compiler'}
    |

E501 Line too long (128 > 100)
   --> src/driver_port_factory/knowledge/semantic.py:101:101
    |
 99 |     except (OSError, subprocess.SubprocessError):
100 |         return {'status': 'UNAVAILABLE', 'reason': 'Cannot identify the configured Clang compiler'}
101 |     identity = {'compiler_version': hashlib.sha256(version).hexdigest(), 'source': str(source), 'cwd': str(cwd), 'flags': flags,
    |                                                                                                     ^^^^^^^^^^^^^^^^^^^^^^^^^^^^
102 |                 'database': file_sha256(database), 'compiler': file_sha256(Path(compiler)),
103 |                 'policy': file_sha256(Path(__file__))}
    |

E501 Line too long (111 > 100)
   --> src/driver_port_factory/knowledge/semantic.py:134:101
    |
132 |             from ..migration.diagnostics import summarize
133 |             return {'status': 'UNAVAILABLE', 'feedback': summarize(command),
134 |                     'instruction': 'This indexing failure is not a driver defect; use original-source lookup.'}
    |                                                                                                     ^^^^^^^^^^^
135 |         ast = Path(command.stdout_path)
136 |         if ast.stat().st_size > 64_000_000:
    |

E501 Line too long (114 > 100)
   --> src/driver_port_factory/knowledge/semantic.py:137:101
    |
135 |         ast = Path(command.stdout_path)
136 |         if ast.stat().st_size > 64_000_000:
137 |             return {'status': 'SIZE_LIMIT', 'path': str(ast), 'instruction': 'Select a smaller translation unit.'}
    |                                                                                                     ^^^^^^^^^^^^^^
138 |         deps = {(cwd / p).resolve() for p in dependencies(dep)} | {source}
139 |         after = {str(p): file_sha256(p) for p in deps}
    |

E501 Line too long (109 > 100)
   --> src/driver_port_factory/knowledge/semantic.py:141:101
    |
139 |         after = {str(p): file_sha256(p) for p in deps}
140 |         if after != hashes:
141 |             return {'status': 'INPUTS_CHANGED', 'instruction': 'Retry lookup after concurrent edits finish.'}
    |                                                                                                     ^^^^^^^^^
142 |         value = extract(json.loads(ast.read_text()), source)
143 |         index = directory / 'index.json'
    |

E501 Line too long (126 > 100)
   --> src/driver_port_factory/knowledge/semantic.py:145:101
    |
143 |         index = directory / 'index.json'
144 |         index.write_text(json.dumps(value) + '\n')
145 |         record = {'identity': identity, 'dependencies': hashes, 'preprocessed_sha256': preprocessed_hash, 'index': str(index),
    |                                                                                                     ^^^^^^^^^^^^^^^^^^^^^^^^^^
146 |                   'index_sha256': file_sha256(index), 'compiler_output': str(ast)}
147 |         temp = root / f'{uuid4().hex}.tmp'
    |

E501 Line too long (106 > 100)
   --> src/driver_port_factory/knowledge/semantic.py:153:101
    |
151 |     return {'status': 'INDEXED', 'symbol': symbol, 'matches': matches[:limit],
152 |             'total_matches': len(matches), 'index_receipt': str(pointer),
153 |             'limits': 'One C/C++ translation unit/configuration parsed by Clang. No Rust semantic index, '
    |                                                                                                     ^^^^^^
154 |             'record-layout sizes, whole-program call graph, alias/lock proof or hardware semantics. '
155 |             'Exact-symbol lookup; absence is not proof. Confirm GCC-specific behavior with the actual build.'}
    |

E501 Line too long (101 > 100)
   --> src/driver_port_factory/knowledge/semantic.py:154:101
    |
152 |             'total_matches': len(matches), 'index_receipt': str(pointer),
153 |             'limits': 'One C/C++ translation unit/configuration parsed by Clang. No Rust semantic index, '
154 |             'record-layout sizes, whole-program call graph, alias/lock proof or hardware semantics. '
    |                                                                                                     ^
155 |             'Exact-symbol lookup; absence is not proof. Confirm GCC-specific behavior with the actual build.'}
    |

E501 Line too long (110 > 100)
   --> src/driver_port_factory/knowledge/semantic.py:155:101
    |
153 |             'limits': 'One C/C++ translation unit/configuration parsed by Clang. No Rust semantic index, '
154 |             'record-layout sizes, whole-program call graph, alias/lock proof or hardware semantics. '
155 |             'Exact-symbol lookup; absence is not proof. Confirm GCC-specific behavior with the actual build.'}
    |                                                                                                     ^^^^^^^^^^

E501 Line too long (105 > 100)
  --> src/driver_port_factory/knowledge/translation_facts.py:17:101
   |
15 |     'concurrency': r'\b\w*(?:irq|interrupt|spinlock|mutex|atomic|workqueue)\w*\b',
16 |     'queues': r'\b\w*(?:ring|queue|head|tail|wrap)\w*\b',
17 |     'errors_cleanup': r'\b(?:goto|return|Drop|Result|ERR_PTR|IS_ERR)\b|\b\w*(?:free|release|unmap)\w*\b',
   |                                                                                                     ^^^^^
18 |     'declarations': r'^\s*(?:#\s*(?:define|include|if\w*)|(?:pub\s+)?(?:struct|enum|union|trait|impl)\b)',
19 | }
   |

E501 Line too long (106 > 100)
  --> src/driver_port_factory/knowledge/translation_facts.py:18:101
   |
16 |     'queues': r'\b\w*(?:ring|queue|head|tail|wrap)\w*\b',
17 |     'errors_cleanup': r'\b(?:goto|return|Drop|Result|ERR_PTR|IS_ERR)\b|\b\w*(?:free|release|unmap)\w*\b',
18 |     'declarations': r'^\s*(?:#\s*(?:define|include|if\w*)|(?:pub\s+)?(?:struct|enum|union|trait|impl)\b)',
   |                                                                                                     ^^^^^^
19 | }
20 | PATTERNS = {key: re.compile(value, re.I) for key, value in TOPICS.items()}
   |

FURB167 [*] Use of regular expression alias `re.I`
  --> src/driver_port_factory/knowledge/translation_facts.py:20:36
   |
18 |     'declarations': r'^\s*(?:#\s*(?:define|include|if\w*)|(?:pub\s+)?(?:struct|enum|union|trait|impl)\b)',
19 | }
20 | PATTERNS = {key: re.compile(value, re.I) for key, value in TOPICS.items()}
   |                                    ^^^^
21 | PROBES = {
22 |     'lifecycle': 'If lifecycle mapping is unresolved, compile a minimal registration/cleanup path.',
   |
help: Replace with `re.IGNORECASE`
   |
19 | }
   - PATTERNS = {key: re.compile(value, re.I) for key, value in TOPICS.items()}
20 + PATTERNS = {key: re.compile(value, re.IGNORECASE) for key, value in TOPICS.items()}
21 | PROBES = {
   |

E501 Line too long (115 > 100)
  --> src/driver_port_factory/knowledge/translation_facts.py:23:101
   |
21 | PROBES = {
22 |     'lifecycle': 'If lifecycle mapping is unresolved, compile a minimal registration/cleanup path.',
23 |     'dma_layout': 'Check actual layout/alignment/endian and DMA ownership APIs before implementing the data path.',
   |                                                                                                     ^^^^^^^^^^^^^^^
24 |     'io_ordering': 'Resolve register access width and ordering against original device/target evidence.',
25 |     'concurrency': 'Resolve IRQ context, blocking and lock ordering; a compile pass cannot prove concurrency safety.',
   |

E501 Line too long (105 > 100)
  --> src/driver_port_factory/knowledge/translation_facts.py:24:101
   |
22 |     'lifecycle': 'If lifecycle mapping is unresolved, compile a minimal registration/cleanup path.',
23 |     'dma_layout': 'Check actual layout/alignment/endian and DMA ownership APIs before implementing the data path.',
24 |     'io_ordering': 'Resolve register access width and ordering against original device/target evidence.',
   |                                                                                                     ^^^^^
25 |     'concurrency': 'Resolve IRQ context, blocking and lock ordering; a compile pass cannot prove concurrency safety.',
26 |     'queues': 'Consider boundary/wraparound input vectors for pure queue arithmetic.',
   |

E501 Line too long (118 > 100)
  --> src/driver_port_factory/knowledge/translation_facts.py:25:101
   |
23 |     'dma_layout': 'Check actual layout/alignment/endian and DMA ownership APIs before implementing the data path.',
24 |     'io_ordering': 'Resolve register access width and ordering against original device/target evidence.',
25 |     'concurrency': 'Resolve IRQ context, blocking and lock ordering; a compile pass cannot prove concurrency safety.',
   |                                                                                                     ^^^^^^^^^^^^^^^^^^
26 |     'queues': 'Consider boundary/wraparound input vectors for pure queue arithmetic.',
27 |     'errors_cleanup': 'Consider initialization failure and partial-resource cleanup tests.',
   |

FURB167 [*] Use of regular expression alias `re.S`
  --> src/driver_port_factory/knowledge/translation_facts.py:38:34
   |
36 |     lexical = re.sub(r'/\*.*?\*/|//[^\n]*|"(?:\\.|[^"\\])*"',
37 |                      lambda m: ''.join('\n' if c == '\n' else ' ' for c in m[0]),
38 |                      text, flags=re.S)
   |                                  ^^^^
39 |     hits, totals = [], Counter()
40 |     originals = text.splitlines()
   |
help: Replace with `re.DOTALL`
   |
37 |                      lambda m: ''.join('\n' if c == '\n' else ' ' for c in m[0]),
   -                      text, flags=re.S)
38 +                      text, flags=re.DOTALL)
39 |     hits, totals = [], Counter()
   |

E501 Line too long (105 > 100)
  --> src/driver_port_factory/knowledge/translation_facts.py:46:101
   |
44 |                 totals[topic] += 1
45 |                 if totals[topic] <= MAX_HITS:
46 |                     hits.append({'topic': topic, 'line': number, 'excerpt': originals[number - 1][:240]})
   |                                                                                                     ^^^^^
47 |     return hits, dict(totals)
   |

E501 Line too long (105 > 100)
  --> src/driver_port_factory/knowledge/translation_facts.py:59:101
   |
57 |     path = directory / f'{key}.json'
58 |     digest_path = path.with_suffix('.sha256')
59 |     if path.is_file() and digest_path.is_file() and file_sha256(path) == digest_path.read_text().strip():
   |                                                                                                     ^^^^^
60 |         value = json.loads(path.read_text())
61 |     else:
   |

E501 Line too long (102 > 100)
  --> src/driver_port_factory/knowledge/translation_facts.py:81:101
   |
79 |                 skipped.append({'path': record['path'], 'reason': 'non_utf8'})
80 |                 continue
81 |             files.append({'path': str(source), 'domain': record['domain'], 'sha256': record['sha256'],
   |                                                                                                     ^^
82 |                           'revision': record['revision'], 'source_url': record['source_url'],
83 |                           'hits': hits, 'total_matches': counts,
   |

E501 Line too long (101 > 100)
  --> src/driver_port_factory/knowledge/translation_facts.py:91:101
   |
89 |                  'call graph, API equivalence or completeness proof. Rust raw strings and exotic '
90 |                  'syntax may yield false leads. No match does not mean no obligation. '
91 |                  'Read originals and frozen contracts; do not run every suggested probe by default.'}
   |                                                                                                     ^
92 |         temporary = path.with_suffix('.tmp')
93 |         temporary.write_text(json.dumps(value, ensure_ascii=False, indent=2) + '\n')
   |

E501 Line too long (106 > 100)
   --> src/driver_port_factory/knowledge/translation_facts.py:99:101
    |
 97 |     return {'path': str(path), 'sha256': file_sha256(path), 'file_count': len(value['files']),
 98 |             'skipped_files': len(value['skipped']), 'probe_topics': list(value['probe_leads']),
 99 |             'instruction': 'Read relevant source/target locations on demand. Lexical leads, not semantic '
    |                                                                                                     ^^^^^^
100 |             'findings. Resolve only design-changing uncertainties with small probes; no extra report required.'}
    |

E501 Line too long (112 > 100)
   --> src/driver_port_factory/knowledge/translation_facts.py:100:101
    |
 98 |             'skipped_files': len(value['skipped']), 'probe_topics': list(value['probe_leads']),
 99 |             'instruction': 'Read relevant source/target locations on demand. Lexical leads, not semantic '
100 |             'findings. Resolve only design-changing uncertainties with small probes; no extra report required.'}
    |                                                                                                     ^^^^^^^^^^^^

E501 Line too long (103 > 100)
   --> src/driver_port_factory/knowledge/translation_facts.py:114:101
    |
112 |     return {'packet': packet, 'matches': matches[:limit], 'available_matches': len(matches),
113 |             'returned': min(limit, len(matches)), 'limits': value['limits'],
114 |             'instruction': 'For omitted locations, use the packet or targeted original-source search.'}
    |                                                                                                     ^^^

I001 [*] Import block is un-sorted or un-formatted
  --> src/driver_port_factory/migration/analysis_delivery.py:3:1
   |
 1 |   """One analysis task, separate ledger artifacts, and targeted contract repairs."""
 2 |
 3 | / import json
 4 | | import sqlite3
 5 | | from pathlib import Path
 6 | |
 7 | | from ..acquisition.contracts import AcquisitionArtifact as A, AcquisitionStage as S
 8 | | from ..core.events import RunEvent
 9 | | from ..environment.contracts import EnvironmentArtifact as E, EnvironmentStage as ES
10 | | from ..knowledge.contracts import KnowledgeArtifact as K, KnowledgeStage as KS
11 | | from ..target_study.contracts import TargetStudyArtifact as T, TargetStudyStage as TS
12 | | from .contracts import MigrationStage
13 | | from .review_policy import review_policy_digest
   | |_______________________________________________^
help: Organize imports
   |
6  |
   - from ..acquisition.contracts import AcquisitionArtifact as A, AcquisitionStage as S
7  + from ..acquisition.contracts import AcquisitionArtifact as A
8  + from ..acquisition.contracts import AcquisitionStage as S
9  | from ..core.events import RunEvent
   - from ..environment.contracts import EnvironmentArtifact as E, EnvironmentStage as ES
   - from ..knowledge.contracts import KnowledgeArtifact as K, KnowledgeStage as KS
   - from ..target_study.contracts import TargetStudyArtifact as T, TargetStudyStage as TS
10 + from ..environment.contracts import EnvironmentArtifact as E
11 + from ..environment.contracts import EnvironmentStage as ES
12 + from ..knowledge.contracts import KnowledgeArtifact as K
13 + from ..knowledge.contracts import KnowledgeStage as KS
14 + from ..target_study.contracts import TargetStudyArtifact as T
15 + from ..target_study.contracts import TargetStudyStage as TS
16 | from .contracts import MigrationStage
   |

E501 Line too long (106 > 100)
  --> src/driver_port_factory/migration/analysis_delivery.py:39:101
   |
37 |     with sqlite3.connect(f"{project.database_path.as_uri()}?mode=ro", uri=True) as db:
38 |         row = db.execute("SELECT sequence,payload FROM events WHERE event_type=? "
39 |                          "ORDER BY sequence DESC LIMIT 1", (RunEvent.ANALYSIS_PREPARED.value,)).fetchone()
   |                                                                                                     ^^^^^^
40 |         if row is None:
41 |             return None
   |

E501 Line too long (103 > 100)
  --> src/driver_port_factory/migration/analysis_delivery.py:45:101
   |
43 |         if db.execute("SELECT 1 FROM events WHERE sequence>? AND event_type='stage.retried' "
44 |                       "AND json_extract(payload,'$.stage') IN "
45 |                       "('target_platform_study','migration_contracts') LIMIT 1", (row[0],)).fetchone():
   |                                                                                                     ^^^
46 |             return None
47 |     receipt = json.loads(row[1])
   |

I001 [*] Import block is un-sorted or un-formatted
  --> src/driver_port_factory/migration/analysis_review.py:2:1
   |
 1 |   """An independent evidence review before the design phase is sealed."""
 2 | / import hashlib
 3 | | import json
 4 | |
 5 | | from ..acquisition.contracts import AcquisitionArtifact, AcquisitionStage
 6 | | from ..environment.contracts import EnvironmentArtifact, EnvironmentStage
 7 | | from ..core.models import GeneratedArtifact, StageStatus, WorkflowError
 8 | | from ..core.validation import json_object
 9 | | from ..target_study.contracts import TargetStudyArtifact, TargetStudyStage
10 | | from .contracts import MigrationArtifact as A, MigrationStage as S
11 | | from .review_policy import review_policy_digest
   | |_______________________________________________^
help: Organize imports
   |
5  | from ..acquisition.contracts import AcquisitionArtifact, AcquisitionStage
   - from ..environment.contracts import EnvironmentArtifact, EnvironmentStage
6  | from ..core.models import GeneratedArtifact, StageStatus, WorkflowError
7  | from ..core.validation import json_object
8  + from ..environment.contracts import EnvironmentArtifact, EnvironmentStage
9  | from ..target_study.contracts import TargetStudyArtifact, TargetStudyStage
   - from .contracts import MigrationArtifact as A, MigrationStage as S
10 + from .contracts import MigrationArtifact as A
11 + from .contracts import MigrationStage as S
12 | from .review_policy import review_policy_digest
   -
13 |
   |

E501 Line too long (104 > 100)
  --> src/driver_port_factory/migration/analysis_review.py:54:101
   |
52 |             raise WorkflowError("Analysis review report is empty")
53 |         if policy_digest != cls.policy(project, skill_root):
54 |             raise WorkflowError("Analysis review rules changed; review current rules before acceptance")
   |                                                                                                     ^^^^
55 |         if project.stage(S.ANALYSIS_REVIEW).status is StageStatus.READY:
56 |             project.start(S.ANALYSIS_REVIEW)
   |

I001 [*] Import block is un-sorted or un-formatted
  --> src/driver_port_factory/migration/artifact_preparation.py:1:1
   |
 1 | / from __future__ import annotations
 2 | |
 3 | | import hashlib
 4 | | import json
 5 | | import uuid
 6 | | from dataclasses import asdict
 7 | | from pathlib import Path
 8 | |
 9 | | from ..acquisition.repository import load_repository_acquisition
10 | | from ..codex.contracts import CodexOutputError
11 | | from ..core.execution import CommandRunner, script_command
12 | | from ..core.models import FileArtifact, GeneratedArtifact, StageStatus, WorkflowError, ObservationFinding
13 | | from ..core.project import Project
14 | | from ..core.validation import BundleValidationContext, json_object
15 | | from ..environment.contracts import EnvironmentArtifact, EnvironmentStage
16 | | from ..knowledge.index import file_sha256
17 | | from .contracts import MigrationArtifact, MigrationStage
18 | | from .implementation import ImplementationChanged, validate_worktree_snapshot
19 | | from .implementation_preflight import format_findings, inspect_implementation
   | |_____________________________________________________________________________^
help: Organize imports
   |
11 | from ..core.execution import CommandRunner, script_command
   - from ..core.models import FileArtifact, GeneratedArtifact, StageStatus, WorkflowError, ObservationFinding
12 + from ..core.models import (
13 +     FileArtifact,
14 +     GeneratedArtifact,
15 +     ObservationFinding,
16 +     StageStatus,
17 +     WorkflowError,
18 + )
19 | from ..core.project import Project
   |

E501 Line too long (105 > 100)
  --> src/driver_port_factory/migration/artifact_preparation.py:12:101
   |
10 | from ..codex.contracts import CodexOutputError
11 | from ..core.execution import CommandRunner, script_command
12 | from ..core.models import FileArtifact, GeneratedArtifact, StageStatus, WorkflowError, ObservationFinding
   |                                                                                                     ^^^^^
13 | from ..core.project import Project
14 | from ..core.validation import BundleValidationContext, json_object
   |

E501 Line too long (107 > 100)
  --> src/driver_port_factory/migration/artifact_preparation.py:60:101
   |
58 |                 raise CodexOutputError("runtime variants must be regular files")
59 |             if path.is_file():
60 |                 ref = project.record_artifact(stage, FileArtifact(MigrationArtifact.RUNTIME_VARIANT, path))
   |                                                                                                     ^^^^^^^
61 |                 variants[str(path.relative_to(worktree))] = ref.to_dict()
62 |         attempt_dir = project.control / "artifact-preparation" / str(uuid.uuid4())
   |

E501 Line too long (108 > 100)
   --> src/driver_port_factory/migration/artifact_preparation.py:180:101
    |
178 |     if (not command.get("launched") or command.get("timed_out")
179 |             or command.get("exit_code") != 0 or attempt.get("status") != "PASS"):
180 |         raise ObservationFinding("Presence checker did not pass; inspect actual evidence before acceptance")
    |                                                                                                     ^^^^^^^^

I001 [*] Import block is un-sorted or un-formatted
  --> src/driver_port_factory/migration/benchmark.py:8:1
   |
 6 |   """
 7 |
 8 | / import json
 9 | | import fcntl
10 | | import re
11 | | import shutil
12 | | import uuid
13 | | from dataclasses import asdict
14 | | from pathlib import Path
15 | |
16 | | from ..core.execution import CommandRunner
17 | | from ..core.models import FileArtifact, StageStatus, WorkflowError
18 | | from ..knowledge.index import file_sha256
19 | | from .contracts import MigrationArtifact as A, MigrationStage as S
20 | | from .implementation import validate_worktree_snapshot
   | |______________________________________________________^
21 |
22 |   MAX_RESULT = 4 * 1024 * 1024
   |
help: Organize imports
   |
7  |
8  + import fcntl
9  | import json
   - import fcntl
10 | import re
--------------------------------------------------------------------------------
18 | from ..knowledge.index import file_sha256
   - from .contracts import MigrationArtifact as A, MigrationStage as S
19 + from .contracts import MigrationArtifact as A
20 + from .contracts import MigrationStage as S
21 | from .implementation import validate_worktree_snapshot
   |

E501 Line too long (104 > 100)
  --> src/driver_port_factory/migration/coverage.py:9:101
   |
 7 |     if not path.is_file():
 8 |         return {'status': 'REPORT_BASED', 'instruction':
 9 |                 'Use current contracts to review every required obligation, including unexecuted ones.'}
   |                                                                                                     ^^^^
10 |     try:
11 |         rows = json.loads(path.read_text())
   |

E501 Line too long (104 > 100)
  --> src/driver_port_factory/migration/coverage.py:12:101
   |
10 |     try:
11 |         rows = json.loads(path.read_text())
12 |         if not isinstance(rows, list) or any(not isinstance(r, dict) or not isinstance(r.get('id'), str)
   |                                                                                                     ^^^^
13 |                                              for r in rows):
14 |             raise ValueError('Expected a list of obligation objects with id')
   |

E501 Line too long (124 > 100)
  --> src/driver_port_factory/migration/coverage.py:20:101
   |
18 |     except (ValueError, OSError) as error:
19 |         return {'status': 'UNREADABLE', 'path': str(path), 'diagnostic': str(error),
20 |                 'instruction': 'Consult the authoritative contracts; malformed optional navigation is not a driver defect.'}
   |                                                                                                     ^^^^^^^^^^^^^^^^^^^^^^^^
21 |     mapped = {}
22 |     for result in results:
   |

E501 Line too long (104 > 100)
  --> src/driver_port_factory/migration/coverage.py:24:101
   |
22 |     for result in results:
23 |         for obligation in result.get('contracts', []):
24 |             mapped.setdefault(obligation, []).append({'test': result['id'], 'status': result['status']})
   |                                                                                                     ^^^^
25 |     return {'status': 'MAPPED', 'path': str(path), 'obligations': [
26 |         {**row, 'observations': mapped.get(row['id'], []),
   |

E501 Line too long (106 > 100)
  --> src/driver_port_factory/migration/coverage.py:30:101
   |
28 |                        else 'OBSERVED' if mapped.get(row['id']) else 'NOT_RUN')}
29 |         for row in rows], 'instruction':
30 |         'OBSERVED is not semantic certification. Compare every required contract with its actual oracle; '
   |                                                                                                     ^^^^^^
31 |         'do not silently mark missing behavior N/A. This optional map never changes frozen scope.'}
   |

E501 Line too long (112 > 100)
  --> src/driver_port_factory/migration/debugging.py:28:101
   |
26 |     return {
27 |         "name": "debug",
28 |         "description": "Guest-only diagnostic replay of the latest recorded direct Docker cargo osdk run/test. "
   |                                                                                                     ^^^^^^^^^^^^
29 |         "Capture two bounded CPU stacks/register samples. External peers are not replayed; "
30 |         "this is not the historical timeout or acceptance. Unsupported routes return an error. "
   |

E501 Line too long (116 > 100)
  --> src/driver_port_factory/migration/debugging.py:84:101
   |
82 |     if len(unique) != 1:
83 |         raise WorkflowError(
84 |             "Need one recorded direct docker run IMAGE cargo osdk run/test command; shell/custom routes unsupported"
   |                                                                                                     ^^^^^^^^^^^^^^^^
85 |         )
86 |     return path, value, next(iter(unique.values()))
   |

E501 Line too long (109 > 100)
   --> src/driver_port_factory/migration/debugging.py:190:101
    |
188 |         "command": asdict(observed),
189 |         "capture": json.loads(capture.read_text()) if capture.is_file() else None,
190 |         "limits": "Guest-only replay; external stimuli not replayed; sampling changes timing; no acceptance",
    |                                                                                                     ^^^^^^^^^
191 |     }
192 |     (directory / "receipt.json").write_text(json.dumps(value, indent=2) + "\n")
    |

I001 [*] Import block is un-sorted or un-formatted
 --> src/driver_port_factory/migration/decision_context.py:2:1
  |
1 |   """Exact, bounded accepted decisions and route handoff; no inferred blockers."""
2 | / import json
3 | |
4 | | from ..core.models import StageStatus
5 | | from ..environment.contracts import EnvironmentStage as ES, EnvironmentArtifact as E
6 | | from ..target_study.contracts import TargetStudyStage as TS, TargetStudyArtifact as T
7 | | from .contracts import MigrationStage as S, MigrationArtifact as A
8 | | from .delivery_brief import excerpt
  | |___________________________________^
help: Organize imports
   |
4  | from ..core.models import StageStatus
   - from ..environment.contracts import EnvironmentStage as ES, EnvironmentArtifact as E
   - from ..target_study.contracts import TargetStudyStage as TS, TargetStudyArtifact as T
   - from .contracts import MigrationStage as S, MigrationArtifact as A
5  + from ..environment.contracts import EnvironmentArtifact as E
6  + from ..environment.contracts import EnvironmentStage as ES
7  + from ..target_study.contracts import TargetStudyArtifact as T
8  + from ..target_study.contracts import TargetStudyStage as TS
9  + from .contracts import MigrationArtifact as A
10 + from .contracts import MigrationStage as S
11 | from .delivery_brief import excerpt
   |

E501 Line too long (101 > 100)
  --> src/driver_port_factory/migration/decision_context.py:17:101
   |
15 |         route = json.loads(project.artifacts.read(ref))
16 |         selected = {key: route[key] for key in ('artifact_mode', 'command', 'cwd', 'environment',
17 |                                                'driver_insertion_or_packaging_path') if key in route}
   |                                                                                                     ^
18 |         source = {'kind': ref.kind, 'digest': ref.digest,
19 |                   'path': str(project.artifacts.path_for_digest(ref.digest))}
   |

E501 Line too long (106 > 100)
  --> src/driver_port_factory/migration/decision_context.py:21:101
   |
19 |                   'path': str(project.artifacts.path_for_digest(ref.digest))}
20 |         result['accepted_route'] = {'source': source,
21 |             'instruction': 'Accepted environment route, not proof that current driver code is delivered. '
   |                                                                                                     ^^^^^^
22 |                            'Reuse the recorded invocation/configuration where applicable; check current '
23 |                            'tool/image identity before execution. Do not rediscover an unrelated build route.'}
   |

E501 Line too long (105 > 100)
  --> src/driver_port_factory/migration/decision_context.py:22:101
   |
20 |         result['accepted_route'] = {'source': source,
21 |             'instruction': 'Accepted environment route, not proof that current driver code is delivered. '
22 |                            'Reuse the recorded invocation/configuration where applicable; check current '
   |                                                                                                     ^^^^^
23 |                            'tool/image identity before execution. Do not rediscover an unrelated build route.'}
24 |         if len(json.dumps(selected, ensure_ascii=False).encode()) <= 2400:
   |

E501 Line too long (111 > 100)
  --> src/driver_port_factory/migration/decision_context.py:23:101
   |
21 |             'instruction': 'Accepted environment route, not proof that current driver code is delivered. '
22 |                            'Reuse the recorded invocation/configuration where applicable; check current '
23 |                            'tool/image identity before execution. Do not rediscover an unrelated build route.'}
   |                                                                                                     ^^^^^^^^^^^
24 |         if len(json.dumps(selected, ensure_ascii=False).encode()) <= 2400:
25 |             result['accepted_route']['recipe'] = selected
   |

E501 Line too long (142 > 100)
  --> src/driver_port_factory/migration/decision_context.py:27:101
   |
25 | …ed
26 | …
27 | …= 'Read the bound route; oversized recipes are not truncated into executable commands.'
   |                                               ^^^^^^^^^^^^^^^^^^^^^^^^^^^^^^^^^^^^^^^^^^
28 | …r resurface a resolved old study decision.
29 | …atus.PASS and any(
   |

E501 Line too long (102 > 100)
  --> src/driver_port_factory/migration/decision_context.py:32:101
   |
30 |             ref.kind == A.CONTRACTS.value for ref in project.artifact_refs(stage=S.CONTRACTS)):
31 |         return result
32 |     owner, kind = ((S.CONTRACTS, A.CONTRACTS) if project.stage(S.CONTRACTS).status is StageStatus.PASS
   |                                                                                                     ^^
33 |                    else (TS.STUDY, T.REPORT))
34 |     if project.stage(owner).status is StageStatus.PASS:
   |

E501 Line too long (107 > 100)
  --> src/driver_port_factory/migration/decision_context.py:40:101
   |
38 |             result['open_decisions'] = {**body, 'source': {'kind': ref.kind, 'digest': ref.digest,
39 |                 'path': str(project.artifacts.path_for_digest(ref.digest))},
40 |                 'instruction': 'Exact author-written uncertainties, not controller findings. Resolve only '
   |                                                                                                     ^^^^^^^
41 |                                'those that change the current implementation route, using existing evidence '
42 |                                'first and at most the smallest necessary probe. Absence is not proof all '
   |

E501 Line too long (109 > 100)
  --> src/driver_port_factory/migration/decision_context.py:41:101
   |
39 |                 'path': str(project.artifacts.path_for_digest(ref.digest))},
40 |                 'instruction': 'Exact author-written uncertainties, not controller findings. Resolve only '
41 |                                'those that change the current implementation route, using existing evidence '
   |                                                                                                     ^^^^^^^^^
42 |                                'first and at most the smallest necessary probe. Absence is not proof all '
43 |                                'uncertainty is resolved; no extra planning or review turn is required.'}
   |

E501 Line too long (106 > 100)
  --> src/driver_port_factory/migration/decision_context.py:42:101
   |
40 |                 'instruction': 'Exact author-written uncertainties, not controller findings. Resolve only '
41 |                                'those that change the current implementation route, using existing evidence '
42 |                                'first and at most the smallest necessary probe. Absence is not proof all '
   |                                                                                                     ^^^^^^
43 |                                'uncertainty is resolved; no extra planning or review turn is required.'}
44 |     return result
   |

E501 Line too long (104 > 100)
  --> src/driver_port_factory/migration/decision_context.py:43:101
   |
41 |                                'those that change the current implementation route, using existing evidence '
42 |                                'first and at most the smallest necessary probe. Absence is not proof all '
43 |                                'uncertainty is resolved; no extra planning or review turn is required.'}
   |                                                                                                     ^^^^
44 |     return result
   |

I001 [*] Import block is un-sorted or un-formatted
 --> src/driver_port_factory/migration/delivery_brief.py:2:1
  |
1 |   """Exact, bounded navigation from the accepted analysis; never inferred requirements."""
2 | / import re
3 | |
4 | | from ..core.models import StageStatus
5 | | from .contracts import MigrationArtifact as A, MigrationStage as S
  | |__________________________________________________________________^
help: Organize imports
  |
4 | from ..core.models import StageStatus
  - from .contracts import MigrationArtifact as A, MigrationStage as S
5 + from .contracts import MigrationArtifact as A
6 + from .contracts import MigrationStage as S
7 |
  |

FURB167 [*] Use of regular expression alias `re.I`
  --> src/driver_port_factory/migration/delivery_brief.py:15:94
   |
13 |         if line.lstrip().startswith(('```', '~~~')):
14 |             fenced = not fenced
15 |         if not fenced and re.fullmatch(r'##\s+' + re.escape(heading) + r'\s*', line.strip(), re.I):
   |                                                                                              ^^^^
16 |             start = index + 1
17 |             break
   |
help: Replace with `re.IGNORECASE`
   |
14 |             fenced = not fenced
   -         if not fenced and re.fullmatch(r'##\s+' + re.escape(heading) + r'\s*', line.strip(), re.I):
15 +         if not fenced and re.fullmatch(r'##\s+' + re.escape(heading) + r'\s*', line.strip(), re.IGNORECASE):
16 |             start = index + 1
   |

E501 Line too long (103 > 100)
  --> src/driver_port_factory/migration/delivery_brief.py:46:101
   |
44 |                                'path': str(project.artifacts.path_for_digest(reference.digest))},
45 |             'instruction': 'Exact author-written excerpt, not a controller coverage verdict. '
46 |             'Use this to plan necessary driver/test entrypoints before coding. All frozen obligations '
   |                                                                                                     ^^^
47 |             'remain authoritative, including those outside or omitted from this bounded excerpt.'}
   |

C901 `summarize` is too complex (14 > 12)
  --> src/driver_port_factory/migration/diagnostics.py:17:5
   |
17 | def summarize(command):
   |     ^^^^^^^^^
18 |     diagnostics, seen, outputs = [], set(), []
19 |     for name in ('stdout', 'stderr'):
   |

PLR0912 Too many branches (14 > 12)
  --> src/driver_port_factory/migration/diagnostics.py:17:5
   |
17 | def summarize(command):
   |     ^^^^^^^^^
18 |     diagnostics, seen, outputs = [], set(), []
19 |     for name in ('stdout', 'stderr'):
   |

E501 Line too long (106 > 100)
  --> src/driver_port_factory/migration/diagnostics.py:59:101
   |
57 |     return {'category': category, 'exit_code': command.exit_code,
58 |             'diagnostics': diagnostics, 'unique_diagnostics_in_tail': len(seen),
59 |             'outputs': outputs, 'instruction': 'Use exact diagnostics and original definitions for local '
   |                                                                                                     ^^^^^^
60 |             'repair. Unknown failures require investigation; do not infer a driver defect from exit alone.'}
   |

E501 Line too long (108 > 100)
  --> src/driver_port_factory/migration/diagnostics.py:60:101
   |
58 |             'diagnostics': diagnostics, 'unique_diagnostics_in_tail': len(seen),
59 |             'outputs': outputs, 'instruction': 'Use exact diagnostics and original definitions for local '
60 |             'repair. Unknown failures require investigation; do not infer a driver defect from exit alone.'}
   |                                                                                                     ^^^^^^^^

E501 Line too long (103 > 100)
  --> src/driver_port_factory/migration/experiment_ack.py:13:101
   |
11 |     writable = {'target_framework_enablement', 'driver_implementation',
12 |                 'artifact_preparation', 'public_qemu_validation'}
13 |     if not any(s.status is StageStatus.RUNNING and s.name.value in writable for s in project.stages()):
   |                                                                                                     ^^^
14 |         raise WorkflowError('Experiment acknowledgment requires an active delivery worker stage')
15 |     try:
   |

E501 Line too long (105 > 100)
  --> src/driver_port_factory/migration/experiment_ack.py:54:101
   |
52 |     values = json.loads(seen.read_text())
53 |     if not values or any(v['status'] != 'PASS' for v in values.values()):
54 |         raise WorkflowError('Repair failed experiments before acknowledging a complete passing delivery')
   |                                                                                                     ^^^^^
55 |     for value in values.values():
56 |         if file_sha256(Path(value['path'])) != value['sha256']:
   |

I001 [*] Import block is un-sorted or un-formatted
  --> src/driver_port_factory/migration/experiment_cli.py:2:1
   |
 1 |   """Direct worker access to authoritative execution without ending the conversation."""
 2 | / import json
 3 | | import os
 4 | | from pathlib import Path
 5 | |
 6 | | from ..core.models import StageStatus, WorkflowError
 7 | | from ..composition import open_project
 8 | | from ..acquisition.repository import load_repository_acquisition
 9 | | from ..cli_support import command_registry
10 | | from .experiments import execute, run_cases
   | |___________________________________________^
help: Organize imports
   |
5  |
   - from ..core.models import StageStatus, WorkflowError
   - from ..composition import open_project
6  | from ..acquisition.repository import load_repository_acquisition
7  | from ..cli_support import command_registry
8  + from ..composition import open_project
9  + from ..core.models import StageStatus, WorkflowError
10 | from .experiments import execute, run_cases
   |

E501 Line too long (103 > 100)
  --> src/driver_port_factory/migration/experiment_cli.py:25:101
   |
23 |     writable = {'target_framework_enablement', 'driver_implementation',
24 |                 'artifact_preparation', 'public_qemu_validation'}
25 |     if not any(s.status is StageStatus.RUNNING and s.name.value in writable for s in project.stages()):
   |                                                                                                     ^^^
26 |         raise WorkflowError('Managed experiments require an active delivery worker stage')
27 |     worktree = project.root / load_repository_acquisition(project).target_worktree.path
   |

E501 Line too long (109 > 100)
  --> src/driver_port_factory/migration/experiment_cli.py:46:101
   |
44 |     record_seen(project, args.job_id, results)
45 |     from .diagnostics import summarize
46 |     print(json.dumps([{'feedback': summarize(r['observation'].command), 'id': r['id'], 'status': r['status'],
   |                                                                                                     ^^^^^^^^^
47 |                       'receipt': str(r['observation'].trace_path.parent / 'receipt.json'),
48 |                       'logs': list(r['observation'].logs)} for r in results], indent=2))
   |

E501 Line too long (115 > 100)
  --> src/driver_port_factory/migration/experiment_cli.py:52:101
   |
51 | def register_commands(commands):
52 |     root = commands.add_parser('experiment', help='controller-recorded experiments available inside a worker task')
   |                                                                                                     ^^^^^^^^^^^^^^^
53 |     subs = command_registry(root, dest='experiment_command')
54 |     run = subs.add_parser('run')
   |

E501 Line too long (109 > 100)
  --> src/driver_port_factory/migration/experiment_cli.py:66:101
   |
64 |     run.set_defaults(handler=command_run)
65 |
66 |     cases = subs.add_parser('generate-cases', help='budgeted public inputs; no model or automatic execution')
   |                                                                                                     ^^^^^^^^^
67 |     cases.add_argument('path')
68 |     cases.add_argument('--spec', required=True)
   |

E501 Line too long (117 > 100)
  --> src/driver_port_factory/migration/experiment_cli.py:71:101
   |
69 |     cases.add_argument('--budget', type=int, default=12)
70 |     cases.set_defaults(handler=command_generate_cases)
71 |     probe = subs.add_parser('probe', help='early compile/API or fixed-input differential observation; no stage PASS')
   |                                                                                                     ^^^^^^^^^^^^^^^^^
72 |     probe.add_argument('path')
73 |     probe.add_argument('--script', required=True, help='candidate script, relative to run root or absolute')
   |

E501 Line too long (108 > 100)
  --> src/driver_port_factory/migration/experiment_cli.py:73:101
   |
71 |     probe = subs.add_parser('probe', help='early compile/API or fixed-input differential observation; no stage PASS')
72 |     probe.add_argument('path')
73 |     probe.add_argument('--script', required=True, help='candidate script, relative to run root or absolute')
   |                                                                                                     ^^^^^^^^
74 |     probe.add_argument('--reference', help='reference script for exact stdout comparison')
75 |     probe.add_argument('--inputs', help='fixed input file exposed as DPF_PROBE_INPUT')
   |

E501 Line too long (122 > 100)
  --> src/driver_port_factory/migration/experiment_cli.py:77:101
   |
75 |     probe.add_argument('--inputs', help='fixed input file exposed as DPF_PROBE_INPUT')
76 |     probe.add_argument('--timeout', type=int, default=120)
77 |     probe.add_argument('--dependency', action='append', default=[], help='adapter source/helper file to bind and archive')
   |                                                                                                     ^^^^^^^^^^^^^^^^^^^^^^
78 |     probe.add_argument('--contract', action='append', default=[])
79 |     probe.add_argument('--question', help='optional design-changing uncertainty this probe resolves')
   |

E501 Line too long (101 > 100)
  --> src/driver_port_factory/migration/experiment_cli.py:79:101
   |
77 |     probe.add_argument('--dependency', action='append', default=[], help='adapter source/helper file to bind and archive')
78 |     probe.add_argument('--contract', action='append', default=[])
79 |     probe.add_argument('--question', help='optional design-changing uncertainty this probe resolves')
   |                                                                                                     ^
80 |     probe.set_defaults(handler=command_probe)
   |

E501 Line too long (107 > 100)
  --> src/driver_port_factory/migration/experiment_cli.py:82:101
   |
80 |     probe.set_defaults(handler=command_probe)
81 |
82 |     ack = subs.add_parser('acknowledge', help='explicitly self-review experiments before final submission')
   |                                                                                                     ^^^^^^^
83 |     ack.add_argument('path')
84 |     ack.add_argument('--job-id', default=os.environ.get('DPF_WORKER_JOB'))
   |

E501 Line too long (107 > 100)
  --> src/driver_port_factory/migration/experiment_cli.py:94:101
   |
92 |     _check_worker(project, args.job_id)
93 |     receipt = acknowledge(project, args.job_id, Path(args.report))
94 |     print(json.dumps({"acknowledgment": "recorded" if os.environ.get("DPF_WORKER_JOB") else str(receipt)}))
   |                                                                                                     ^^^^^^^

E501 Line too long (101 > 100)
   --> src/driver_port_factory/migration/experiment_cli.py:101:101
    |
 99 |     project = open_project(Path(args.path), read_only=True, verify_artifacts=False)
100 |     print(json.dumps(run(project, args.script, reference=args.reference, inputs=args.inputs,
101 |                          timeout=args.timeout, contracts=args.contract, dependencies=args.dependency,
    |                                                                                                     ^
102 |                          question=args.question), indent=2))
    |

I001 [*] Import block is un-sorted or un-formatted
  --> src/driver_port_factory/migration/experiments.py:7:1
   |
 5 |   lists its helper inputs. Failed observations are retained but not reused as PASS.
 6 |   """
 7 | / from __future__ import annotations
 8 | |
 9 | | import fcntl
10 | | import hashlib
11 | | import json
12 | | import os
13 | | from dataclasses import asdict
14 | | from pathlib import Path
15 | | from uuid import uuid4
16 | |
17 | | from ..core.models import WorkflowError
18 | | from ..core.execution import CommandResult
19 | | from ..knowledge.index import file_sha256
   | |_________________________________________^
help: Organize imports
   |
16 |
17 + from ..core.execution import CommandResult
18 | from ..core.models import WorkflowError
   - from ..core.execution import CommandResult
19 | from ..knowledge.index import file_sha256
   |

I001 [*] Import block is un-sorted or un-formatted
  --> src/driver_port_factory/migration/experiments.py:35:5
   |
34 |   def _policy():
35 | /     from ..core import execution, container_trace, container_events, docker_inspection, container_policy
36 | |     from . import public_qemu
37 | |     from ..platform.profile import adapter_identity
   | |___________________________________________________^
38 |       return adapter_identity() | {"experiments.py": file_sha256(Path(__file__))} | {Path(m.__file__).name: file_sha256(Path(m.__file_…
39 |           execution, container_trace, container_events, docker_inspection, container_policy, public_qemu)}
   |
help: Organize imports
   |
34 | def _policy():
   -     from ..core import execution, container_trace, container_events, docker_inspection, container_policy
   -     from . import public_qemu
35 +     from ..core import (
36 +         container_events,
37 +         container_policy,
38 +         container_trace,
39 +         docker_inspection,
40 +         execution,
41 +     )
42 |     from ..platform.profile import adapter_identity
43 +     from . import public_qemu
44 |     return adapter_identity() | {"experiments.py": file_sha256(Path(__file__))} | {Path(m.__file__).name: file_sha256(Path(m.__file__)) for m in (
   |

E501 Line too long (104 > 100)
  --> src/driver_port_factory/migration/experiments.py:35:101
   |
34 | def _policy():
35 |     from ..core import execution, container_trace, container_events, docker_inspection, container_policy
   |                                                                                                     ^^^^
36 |     from . import public_qemu
37 |     from ..platform.profile import adapter_identity
   |

E501 Line too long (146 > 100)
  --> src/driver_port_factory/migration/experiments.py:38:101
   |
36 | …
37 | …
38 | …ha256(Path(__file__))} | {Path(m.__file__).name: file_sha256(Path(m.__file__)) for m in (
   |                                             ^^^^^^^^^^^^^^^^^^^^^^^^^^^^^^^^^^^^^^^^^^^^^^
39 | …ker_inspection, container_policy, public_qemu)}
   |

E501 Line too long (104 > 100)
  --> src/driver_port_factory/migration/experiments.py:39:101
   |
37 |     from ..platform.profile import adapter_identity
38 |     return adapter_identity() | {"experiments.py": file_sha256(Path(__file__))} | {Path(m.__file__).name: file_sha256(Path(m.__file__)…
39 |         execution, container_trace, container_events, docker_inspection, container_policy, public_qemu)}
   |                                                                                                     ^^^^

I001 [*] Import block is un-sorted or un-formatted
  --> src/driver_port_factory/migration/experiments.py:58:5
   |
56 |             selected[name] = helpers[name]
57 |         helpers = selected
58 |     from ..environment.contracts import EnvironmentArtifact as E, EnvironmentStage as ES
   |     ^^^^^^^^^^^^^^^^^^^^^^^^^^^^^^^^^^^^^^^^^^^^^^^^^^^^^^^^^^^^^^^^^^^^^^^^^^^^^^^^^^^^
59 |     record = project.load_json_artifact(ES.RECOVERY, E.EXPERIMENT_ROUTE)
60 |     route = {key: record.get(key) for key in ('artifact_mode', 'command', 'device_identity', 'topology')}
   |
help: Organize imports
   |
57 |         helpers = selected
   -     from ..environment.contracts import EnvironmentArtifact as E, EnvironmentStage as ES
58 +     from ..environment.contracts import EnvironmentArtifact as E
59 +     from ..environment.contracts import EnvironmentStage as ES
60 |     record = project.load_json_artifact(ES.RECOVERY, E.EXPERIMENT_ROUTE)
   |

E501 Line too long (105 > 100)
  --> src/driver_port_factory/migration/experiments.py:60:101
   |
58 |     from ..environment.contracts import EnvironmentArtifact as E, EnvironmentStage as ES
59 |     record = project.load_json_artifact(ES.RECOVERY, E.EXPERIMENT_ROUTE)
60 |     route = {key: record.get(key) for key in ('artifact_mode', 'command', 'device_identity', 'topology')}
   |                                                                                                     ^^^^^
61 |     import shutil
62 |     programs = {name: shutil.which(name) for name in ('bash', 'python3', 'docker')}
   |

E501 Line too long (111 > 100)
  --> src/driver_port_factory/migration/experiments.py:63:101
   |
61 |     import shutil
62 |     programs = {name: shutil.which(name) for name in ('bash', 'python3', 'docker')}
63 |     tools = {name: file_sha256(Path(path)) for name, path in programs.items() if path and Path(path).is_file()}
   |                                                                                                     ^^^^^^^^^^^
64 |     inherited = {name: os.environ.get(name) for name in ('PATH', 'CARGO_HOME', 'RUSTUP_HOME', 'LANG', 'TZ')}
65 |     return {'tools': tools, 'inherited_environment': inherited, 'schema': 1, 'source': worktree_files(worktree, target.base_commit),
   |

E501 Line too long (108 > 100)
  --> src/driver_port_factory/migration/experiments.py:64:101
   |
62 |     programs = {name: shutil.which(name) for name in ('bash', 'python3', 'docker')}
63 |     tools = {name: file_sha256(Path(path)) for name, path in programs.items() if path and Path(path).is_file()}
64 |     inherited = {name: os.environ.get(name) for name in ('PATH', 'CARGO_HOME', 'RUSTUP_HOME', 'LANG', 'TZ')}
   |                                                                                                     ^^^^^^^^
65 |     return {'tools': tools, 'inherited_environment': inherited, 'schema': 1, 'source': worktree_files(worktree, target.base_commit),
66 |             'diagnostic_epoch': diagnostic_epoch(project),
   |

E501 Line too long (132 > 100)
  --> src/driver_port_factory/migration/experiments.py:65:101
   |
63 |     tools = {name: file_sha256(Path(path)) for name, path in programs.items() if path and Path(path).is_file()}
64 |     inherited = {name: os.environ.get(name) for name in ('PATH', 'CARGO_HOME', 'RUSTUP_HOME', 'LANG', 'TZ')}
65 |     return {'tools': tools, 'inherited_environment': inherited, 'schema': 1, 'source': worktree_files(worktree, target.base_commit),
   |                                                                                                     ^^^^^^^^^^^^^^^^^^^^^^^^^^^^^^^^
66 |             'diagnostic_epoch': diagnostic_epoch(project),
67 |             'base': target.base_commit, 'target': project.config.target_platform,
   |

E501 Line too long (102 > 100)
   --> src/driver_port_factory/migration/experiments.py:132:101
    |
130 |                  'programs': {p: file_sha256(Path(p)) for p in result.executed_programs
131 |                               if Path(p).is_absolute() and Path(p).is_file()},
132 |                  'evidence': {str(p): file_sha256(p) for p in _evidence_paths(result) if p.is_file()}}
    |                                                                                                     ^^
133 |         directory.mkdir(exist_ok=True)
134 |         (directory / 'receipt.json').write_text(json.dumps(value, indent=2) + '\n')
    |

I001 [*] Import block is un-sorted or un-formatted
   --> src/driver_port_factory/migration/experiments.py:145:5
    |
143 |   def execution_policy(project):
144 |       """Derive the boundary from the selected, observed route, not the platform name."""
145 | /     from ..environment.contracts import EnvironmentArtifact as E, EnvironmentStage as ES
146 | |     from ..platform.service import required, load, verified
    | |___________________________________________________________^
147 |       if required(project):
148 |           verified(project)
    |
help: Organize imports
    |
144 |     """Derive the boundary from the selected, observed route, not the platform name."""
    -     from ..environment.contracts import EnvironmentArtifact as E, EnvironmentStage as ES
    -     from ..platform.service import required, load, verified
145 +     from ..environment.contracts import EnvironmentArtifact as E
146 +     from ..environment.contracts import EnvironmentStage as ES
147 +     from ..platform.service import load, required, verified
148 |     if required(project):
    |

E501 Line too long (114 > 100)
   --> src/driver_port_factory/migration/experiments.py:225:101
    |
223 |         case_results=tuple({key: item[key] for key in ("id", "contracts", "status")} |
224 |                            {"receipt": str(item["observation"].trace_path.parent / "receipt.json"),
225 |                             "receipt_sha256": file_sha256(item["observation"].trace_path.parent / "receipt.json")}
    |                                                                                                     ^^^^^^^^^^^^^^
226 |                            for item in results))
    |

PLW1510 `subprocess.run` without explicit `check` argument
   --> src/driver_port_factory/migration/experiments.py:238:25
    |
236 |     for image in images:
237 |         try:
238 |             inspected = subprocess.run(['docker', 'image', 'inspect', '--format', '{{.Id}}', image],
    |                         ^^^^^^^^^^^^^^
239 |                                        capture_output=True, text=True, timeout=15)
240 |             result[image] = inspected.stdout.strip() if inspected.returncode == 0 else None
    |
help: Add explicit `check=False`

I001 [*] Import block is un-sorted or un-formatted
  --> src/driver_port_factory/migration/final_evidence_review.py:1:1
   |
 1 | / from __future__ import annotations
 2 | |
 3 | | import hashlib
 4 | | from .target_framework import framework_stage
 5 | | import json
 6 | | from copy import deepcopy
 7 | | from pathlib import Path
 8 | |
 9 | | from ..core.artifact_identity import substantive_artifact_identity_digest
10 | | from ..core.models import GeneratedArtifact, StageStatus, WorkflowError, utc_now
11 | | from ..core.project import Project
12 | | from ..core.validation import BundleValidationContext, json_object
13 | | from .contracts import MigrationArtifact as A
14 | | from .contracts import MigrationStage as S
15 | | from .public_qemu import current_public_qemu_run
16 | | from .review_policy import review_policy_digest
   | |_______________________________________________^
help: Organize imports
   |
3  | import hashlib
   - from .target_framework import framework_stage
4  | import json
--------------------------------------------------------------------------------
15 | from .review_policy import review_policy_digest
16 + from .target_framework import framework_stage
17 |
   |

I001 [*] Import block is un-sorted or un-formatted
  --> src/driver_port_factory/migration/final_evidence_review.py:40:9
   |
38 |           artifact_identity = project.load_json_artifact(S.ARTIFACT_PREPARATION, A.ARTIFACT_IDENTITY)
39 |           public = project.load_json_artifact(S.PUBLIC_QEMU_VALIDATION, A.PUBLIC_QEMU_REPORT)
40 | /         from ..knowledge.index import file_sha256
41 | |         from ..acquisition.repository import load_repository_acquisition
42 | |         from ..acquisition.frozen_checkout_validation import verify_git_checkout
   | |________________________________________________________________________________^
43 |           for checkout in load_repository_acquisition(project).checkouts:
44 |               verify_git_checkout(project.root, checkout)
   |
help: Organize imports
   |
39 |         public = project.load_json_artifact(S.PUBLIC_QEMU_VALIDATION, A.PUBLIC_QEMU_REPORT)
40 +         from ..acquisition.frozen_checkout_validation import verify_git_checkout
41 +         from ..acquisition.repository import load_repository_acquisition
42 |         from ..knowledge.index import file_sha256
   -         from ..acquisition.repository import load_repository_acquisition
   -         from ..acquisition.frozen_checkout_validation import verify_git_checkout
43 |         for checkout in load_repository_acquisition(project).checkouts:
   |

E501 Line too long (104 > 100)
  --> src/driver_port_factory/migration/final_evidence_review.py:47:101
   |
45 |         for log in current_public_qemu_run(public).get("logs", []):
46 |             archive = log.get("archive_path")
47 |             if archive and (not Path(archive).is_file() or file_sha256(Path(archive)) != log["sha256"]):
   |                                                                                                     ^^^^
48 |                 raise WorkflowError("Archived runtime observation changed before final review")
49 |         run = current_public_qemu_run(public)
   |

E501 Line too long (108 > 100)
  --> src/driver_port_factory/migration/final_evidence_review.py:60:101
   |
58 |                     raise WorkflowError("Per-case runtime evidence changed before final review")
59 |         trace = run.get("exec_trace", {})
60 |         for path_key, hash_key in (("path", "sha256"), ("container_evidence", "container_evidence_sha256")):
   |                                                                                                     ^^^^^^^^
61 |             if path_key in trace:
62 |                 path = project.root / trace[path_key]
   |

E501 Line too long (104 > 100)
  --> src/driver_port_factory/migration/implementation_smoke.py:23:101
   |
21 |                Path(container_policy.__file__))
22 |     from ..platform.profile import adapter_identity
23 |     material = "".join(file_sha256(p) for p in modules) + json.dumps(adapter_identity(), sort_keys=True)
   |                                                                                                     ^^^^
24 |     return hashlib.sha256(material.encode()).hexdigest()
   |

I001 [*] Import block is un-sorted or un-formatted
 --> src/driver_port_factory/migration/prepared_recovery.py:2:1
  |
1 |   """Recover a prepared receipt after acceptance, using the accepted job binding."""
2 | / import json
3 | | import sqlite3
4 | |
5 | | from .target_framework import framework_stage
6 | | from pathlib import Path
7 | |
8 | | from ..core.models import StageStatus
9 | | from ..codex.contracts import CodexArtifact as C
  | |________________________________________________^
help: Organize imports
  |
3 | import sqlite3
  -
  - from .target_framework import framework_stage
4 | from pathlib import Path
5 |
  - from ..core.models import StageStatus
6 | from ..codex.contracts import CodexArtifact as C
7 + from ..core.models import StageStatus
8 + from .target_framework import framework_stage
9 |
  |

E501 Line too long (110 > 100)
  --> src/driver_port_factory/migration/prepared_recovery.py:37:101
   |
35 |     with sqlite3.connect(f'{project.database_path.as_uri()}?mode=ro', uri=True) as db:
36 |         row = db.execute("SELECT MAX(sequence) FROM events WHERE event_type='stage.completed' "
37 |                          "AND json_extract(payload,'$.stage')=? AND json_extract(payload,'$.outcome')='PASS'",
   |                                                                                                     ^^^^^^^^^^
38 |                          (owner.value,)).fetchone()
39 |         if row[0] is None:
   |

E501 Line too long (106 > 100)
  --> src/driver_port_factory/migration/prepared_recovery.py:41:101
   |
39 |         if row[0] is None:
40 |             return False
41 |         retries = db.execute("SELECT payload FROM events WHERE sequence>? AND event_type='stage.retried'",
   |                                                                                                     ^^^^^^
42 |                              (row[0],)).fetchall()
43 |     return not any(json.loads(raw)['stage'] in {s.value for s in consumers} for (raw,) in retries)
   |

I001 [*] Import block is un-sorted or un-formatted
  --> src/driver_port_factory/migration/prepared_recovery.py:47:5
   |
46 |   def analysis(project):
47 | /     from ..target_study.contracts import TargetStudyStage as TS, TargetStudyArtifact as T
48 | |     from ..target_study.reuse import remember
49 | |     from .contracts import MigrationStage as S
50 | |     from .analysis_delivery import record
   | |_________________________________________^
51 |       if not recoverable(project, TS.STUDY, (TS.STUDY, S.CONTRACTS)):
52 |           return False
   |
help: Organize imports
   |
46 | def analysis(project):
   -     from ..target_study.contracts import TargetStudyStage as TS, TargetStudyArtifact as T
47 +     from ..target_study.contracts import TargetStudyArtifact as T
48 +     from ..target_study.contracts import TargetStudyStage as TS
49 |     from ..target_study.reuse import remember
50 +     from .analysis_delivery import record
51 |     from .contracts import MigrationStage as S
   -     from .analysis_delivery import record
52 |     if not recoverable(project, TS.STUDY, (TS.STUDY, S.CONTRACTS)):
   |

I001 [*] Import block is un-sorted or un-formatted
  --> src/driver_port_factory/migration/prepared_recovery.py:62:5
   |
61 |   def delivery(project):
62 | /     from .contracts import MigrationStage as S, MigrationArtifact as A
63 | |     from .target_framework import _validate_files
64 | |     from .repair_execution import prepare_delivery
65 | |     from ..core.models import WorkflowError
   | |___________________________________________^
66 |       if project.config.unified_implementation:
67 |           return False
   |
help: Organize imports
   |
61 | def delivery(project):
   -     from .contracts import MigrationStage as S, MigrationArtifact as A
   -     from .target_framework import _validate_files
   -     from .repair_execution import prepare_delivery
62 |     from ..core.models import WorkflowError
63 +     from .contracts import MigrationArtifact as A
64 +     from .contracts import MigrationStage as S
65 +     from .repair_execution import prepare_delivery
66 +     from .target_framework import _validate_files
67 |     if project.config.unified_implementation:
   |

E501 Line too long (105 > 100)
  --> src/driver_port_factory/migration/prepared_recovery.py:69:101
   |
67 |         return False
68 |     if not recoverable(project, S.TARGET_FRAMEWORK_ENABLEMENT,
69 |                        (S.TARGET_FRAMEWORK_ENABLEMENT, S.DRIVER_IMPLEMENTATION, S.ARTIFACT_PREPARATION)):
   |                                                                                                     ^^^^^
70 |         return False
71 |     report = project.artifact(framework_stage(project), A.TARGET_FRAMEWORK_REPORT)
   |

I001 [*] Import block is un-sorted or un-formatted
  --> src/driver_port_factory/migration/probes.py:5:1
   |
 3 |   No stage PASS, public QEMU evidence, hidden tests or semantic verdict is produced.
 4 |   """
 5 | / import fcntl
 6 | | import hashlib
 7 | | import json
 8 | | import os
 9 | | import shutil
10 | | from dataclasses import asdict
11 | | from pathlib import Path
12 | | from uuid import uuid4
13 | |
14 | | from ..acquisition.repository import load_repository_acquisition
15 | | from ..core.execution import CommandRunner, script_command
16 | | from ..core.models import StageStatus, WorkflowError
17 | | from ..knowledge.index import file_sha256
18 | | from .diagnostics import summarize
19 | | from .implementation import worktree_files
   | |__________________________________________^
help: Organize imports
   |
20 |
   -
21 | ACTIVE = {'target_platform_study', 'migration_contracts', 'target_framework_enablement',
   |

C901 `run` is too complex (17 > 12)
  --> src/driver_port_factory/migration/probes.py:34:5
   |
34 | def run(project, script, *, reference=None, inputs=None, timeout=120, contracts=(), dependencies=(), question=None):
   |     ^^^
35 |     if not any(s.status is StageStatus.RUNNING and s.name.value in ACTIVE for s in project.stages()):
36 |         raise WorkflowError('Early probes require an active analysis or delivery stage')
   |

PLR0912 Too many branches (17 > 12)
  --> src/driver_port_factory/migration/probes.py:34:5
   |
34 | def run(project, script, *, reference=None, inputs=None, timeout=120, contracts=(), dependencies=(), question=None):
   |     ^^^
35 |     if not any(s.status is StageStatus.RUNNING and s.name.value in ACTIVE for s in project.stages()):
36 |         raise WorkflowError('Early probes require an active analysis or delivery stage')
   |

PLR0915 Too many statements (71 > 60)
  --> src/driver_port_factory/migration/probes.py:34:5
   |
34 | def run(project, script, *, reference=None, inputs=None, timeout=120, contracts=(), dependencies=(), question=None):
   |     ^^^
35 |     if not any(s.status is StageStatus.RUNNING and s.name.value in ACTIVE for s in project.stages()):
36 |         raise WorkflowError('Early probes require an active analysis or delivery stage')
   |

E501 Line too long (116 > 100)
  --> src/driver_port_factory/migration/probes.py:34:101
   |
34 | def run(project, script, *, reference=None, inputs=None, timeout=120, contracts=(), dependencies=(), question=None):
   |                                                                                                     ^^^^^^^^^^^^^^^^
35 |     if not any(s.status is StageStatus.RUNNING and s.name.value in ACTIVE for s in project.stages()):
36 |         raise WorkflowError('Early probes require an active analysis or delivery stage')
   |

E501 Line too long (101 > 100)
  --> src/driver_port_factory/migration/probes.py:35:101
   |
34 | def run(project, script, *, reference=None, inputs=None, timeout=120, contracts=(), dependencies=(), question=None):
35 |     if not any(s.status is StageStatus.RUNNING and s.name.value in ACTIVE for s in project.stages()):
   |                                                                                                     ^
36 |         raise WorkflowError('Early probes require an active analysis or delivery stage')
37 |     if type(timeout) is not int or not 1 <= timeout <= 3600:
   |

E501 Line too long (111 > 100)
  --> src/driver_port_factory/migration/probes.py:39:101
   |
37 |     if type(timeout) is not int or not 1 <= timeout <= 3600:
38 |         raise WorkflowError('Probe timeout must be between 1 and 3600 seconds per command')
39 |     if question is not None and (not isinstance(question, str) or not question.strip() or len(question) > 500):
   |                                                                                                     ^^^^^^^^^^^
40 |         raise WorkflowError('Probe question must contain 1..500 characters')
41 |     if reference is not None and inputs is None:
   |

E501 Line too long (117 > 100)
  --> src/driver_port_factory/migration/probes.py:63:101
   |
61 |                   'files': {str(p): file_sha256(p) for p in files}, 'base': target.base_commit,
62 |                   'timeout': timeout,
63 |                   'environment': {k: os.environ.get(k) for k in ('PATH', 'CARGO_HOME', 'RUSTUP_HOME', 'LANG', 'TZ')},
   |                                                                                                     ^^^^^^^^^^^^^^^^^
64 |                   'tools': {k: shutil.which(k) for k in ('gcc', 'rustc', 'cargo', 'docker')},
65 |                   'extractor': file_sha256(Path(__file__))}
   |

E501 Line too long (102 > 100)
  --> src/driver_port_factory/migration/probes.py:66:101
   |
64 |                   'tools': {k: shutil.which(k) for k in ('gcc', 'rustc', 'cargo', 'docker')},
65 |                   'extractor': file_sha256(Path(__file__))}
66 |         # Archive exact scripts and input for inspection; execute originals so relative includes work.
   |                                                                                                     ^^
67 |         archived = {}
68 |         for i, path in enumerate(files):
   |

E501 Line too long (111 > 100)
  --> src/driver_port_factory/migration/probes.py:89:101
   |
87 |             file_snapshots.append({str(p): file_sha256(p) if p.is_file() else None for p in files})
88 |             if inputs is not None:
89 |                 file_snapshots[-1][str(inputs)] = file_sha256(frozen_input) if frozen_input.is_file() else None
   |                                                                                                     ^^^^^^^^^^^
90 |             if (not command.launched or command.timed_out or command.exit_code != 0
91 |                     or snapshots[-1] != before['source'] or file_snapshots[-1] != before['files']):
   |

E501 Line too long (102 > 100)
  --> src/driver_port_factory/migration/probes.py:95:101
   |
93 |         unchanged = (all(snapshot == before['source'] for snapshot in snapshots)
94 |                      and all(snapshot == before['files'] for snapshot in file_snapshots)
95 |                      and all(p.is_file() and file_sha256(p) == before['files'][str(p)] for p in files)
   |                                                                                                     ^^
96 |                      and (inputs is None or file_sha256(frozen_input) == before['files'][str(inputs)]))
97 |         ok = all(r['command']['launched'] and not r['command']['timed_out']
   |

E501 Line too long (103 > 100)
  --> src/driver_port_factory/migration/probes.py:96:101
   |
94 |                      and all(snapshot == before['files'] for snapshot in file_snapshots)
95 |                      and all(p.is_file() and file_sha256(p) == before['files'][str(p)] for p in files)
96 |                      and (inputs is None or file_sha256(frozen_input) == before['files'][str(inputs)]))
   |                                                                                                     ^^^
97 |         ok = all(r['command']['launched'] and not r['command']['timed_out']
98 |                  and r['command']['exit_code'] == 0 for r in results)
   |

E501 Line too long (112 > 100)
   --> src/driver_port_factory/migration/probes.py:118:101
    |
116 |         value = {'schema': 1, 'status': status, 'contracts': list(contracts),
117 |                  'question': question, 'execution_environment': environment,
118 |                  'identity': before, 'archived_inputs': archived, 'commands': results, 'comparison': comparison,
    |                                                                                                     ^^^^^^^^^^^^
119 |                  'feedback': feedback, 'timeout_per_command': timeout,
120 |                  'authority': 'ADVISORY_ONLY: reference validity, coverage and target applicability '
    |

E501 Line too long (101 > 100)
   --> src/driver_port_factory/migration/probes.py:120:101
    |
118 |                  'identity': before, 'archived_inputs': archived, 'commands': results, 'comparison': comparison,
119 |                  'feedback': feedback, 'timeout_per_command': timeout,
120 |                  'authority': 'ADVISORY_ONLY: reference validity, coverage and target applicability '
    |                                                                                                     ^
121 |                  'require review. A match on these inputs does not certify a driver. No automatic '
122 |                  'cache: arbitrary build tools and external dependencies are not fully tracked. '
    |

E501 Line too long (103 > 100)
   --> src/driver_port_factory/migration/probes.py:133:101
    |
131 |         for path in previous:
132 |             old = json.loads(path.read_text())
133 |             if hashlib.sha256(json.dumps(old['identity'], sort_keys=True).encode()).hexdigest() == key:
    |                                                                                                     ^^^
134 |                 repeats += 1
135 |         return {'receipt': str(receipt), 'sha256': file_sha256(receipt), 'status': status,
    |

E501 Line too long (131 > 100)
   --> src/driver_port_factory/migration/probes.py:150:101
    |
148 |         except (ValueError, OSError):
149 |             continue  # Optional recipe navigation must not turn a damaged diagnostic into rework.
150 |         if not isinstance(value, dict) or not isinstance(value.get('status'), str) or not isinstance(value.get('contracts'), list):
    |                                                                                                     ^^^^^^^^^^^^^^^^^^^^^^^^^^^^^^^
151 |             continue
152 |         successful = value['status'] in {'MATCH', 'COMMAND_OK'}
    |

E501 Line too long (101 > 100)
   --> src/driver_port_factory/migration/probes.py:154:101
    |
152 |         successful = value['status'] in {'MATCH', 'COMMAND_OK'}
153 |         if i < limit or (successful and successes < 2):
154 |             result.append({'path': str(path), 'sha256': file_sha256(path), 'status': value['status'],
    |                                                                                                     ^
155 |                            'source': {'kind': 'early_probe_receipt', 'digest': file_sha256(path), 'path': str(path)},
156 |                            'contracts': value['contracts'],
    |

E501 Line too long (117 > 100)
   --> src/driver_port_factory/migration/probes.py:155:101
    |
153 |         if i < limit or (successful and successes < 2):
154 |             result.append({'path': str(path), 'sha256': file_sha256(path), 'status': value['status'],
155 |                            'source': {'kind': 'early_probe_receipt', 'digest': file_sha256(path), 'path': str(path)},
    |                                                                                                     ^^^^^^^^^^^^^^^^^
156 |                            'contracts': value['contracts'],
157 |                            'use': 'prior recipe; recheck current applicability' if successful else 'recent diagnostic'})
    |

E501 Line too long (120 > 100)
   --> src/driver_port_factory/migration/probes.py:157:101
    |
155 |                            'source': {'kind': 'early_probe_receipt', 'digest': file_sha256(path), 'path': str(path)},
156 |                            'contracts': value['contracts'],
157 |                            'use': 'prior recipe; recheck current applicability' if successful else 'recent diagnostic'})
    |                                                                                                     ^^^^^^^^^^^^^^^^^^^^
158 |             if value.get('question'):
159 |                 result[-1]['question'] = value['question']
    |

E501 Line too long (101 > 100)
   --> src/driver_port_factory/migration/probes.py:163:101
    |
161 |                 try:
162 |                     files = value.get('identity', {}).get('files', {})
163 |                     unchanged = bool(files) and all(Path(p).is_file() and file_sha256(Path(p)) == sha
    |                                                                                                     ^
164 |                                                     for p, sha in files.items())
165 |                 except (OSError, TypeError, ValueError, AttributeError):
    |

E501 Line too long (108 > 100)
   --> src/driver_port_factory/migration/probes.py:183:101
    |
181 | …         result[-1]['recipe'] = recipe
182 | …     else:
183 | …         result[-1]['recipe_omitted'] = ('declared files changed or unavailable' if not unchanged
    |                                                                                           ^^^^^^^^
184 | …                                         else 'incomplete or oversized; read exact receipt')
185 | …     result[-1]['reuse_scope'] = 'Historical command recipe only. Current source, external dependencies and tool/image identity rema…
    |

E501 Line too long (103 > 100)
   --> src/driver_port_factory/migration/probes.py:184:101
    |
182 | …         else:
183 | …             result[-1]['recipe_omitted'] = ('declared files changed or unavailable' if not unchanged
184 | …                                             else 'incomplete or oversized; read exact receipt')
    |                                                                                               ^^^
185 | …         result[-1]['reuse_scope'] = 'Historical command recipe only. Current source, external dependencies and tool/image identity …
186 | …     if successful:
    |

E501 Line too long (188 > 100)
   --> src/driver_port_factory/migration/probes.py:185:101
    |
183 | … unavailable' if not unchanged
184 | …zed; read exact receipt')
185 | …urrent source, external dependencies and tool/image identity remain unchecked; no execution result is cached.'
    |                        ^^^^^^^^^^^^^^^^^^^^^^^^^^^^^^^^^^^^^^^^^^^^^^^^^^^^^^^^^^^^^^^^^^^^^^^^^^^^^^^^^^^^^^^^
186 | …
187 | …
    |

I001 [*] Import block is un-sorted or un-formatted
  --> src/driver_port_factory/migration/public_qemu.py:1:1
   |
 1 | / from __future__ import annotations
 2 | |
 3 | | import json
 4 | | import os
 5 | | import stat
 6 | | import uuid
 7 | | from dataclasses import asdict, dataclass
 8 | | from pathlib import Path
 9 | | from typing import Any
10 | |
11 | | from ..acquisition.contracts import AcquisitionArtifact
12 | | from ..acquisition.repository import load_repository_acquisition
13 | | from ..codex.contracts import CodexOutputError
14 | | from ..core.artifact_identity import substantive_artifact_identity_digest
15 | | from ..core.container_policy import container_execution_summary
16 | | from ..core.container_trace import ContainerTrace
17 | | from ..core.contracts import ArtifactKey
18 | | from ..core.execution import CommandResult, CommandRunner, observed_script_command
19 | | from ..core.models import FileArtifact, GeneratedArtifact, StageStatus, WorkflowError, ObservationFinding, utc_now
20 | | from ..core.project import Project
21 | | from ..core.trace import qemu_experiment, successful_execs
22 | | from ..core.validation import BundleValidationContext, json_object
23 | | from ..environment.contracts import EnvironmentArtifact
24 | | from ..environment.evidence import workspace_path
25 | | from ..knowledge.contracts import KnowledgeArtifact
26 | | from ..knowledge.index import file_sha256
27 | | from .contracts import (
28 | |     ContractEvidenceStatus,
29 | |     ContractExecutionStatus,
30 | |     MigrationArtifact,
31 | |     MigrationStage,
32 | |     PublicRunAttribution,
33 | | )
34 | | from .implementation import ImplementationChanged, validate_worktree_snapshot
35 | | from .implementation_preflight import format_findings, inspect_implementation
36 | | from .review_policy import require_self_review
   | |______________________________________________^
37 |
38 |   PUBLIC_QEMU_INPUTS = (
   |
help: Organize imports
   |
18 | from ..core.execution import CommandResult, CommandRunner, observed_script_command
   - from ..core.models import FileArtifact, GeneratedArtifact, StageStatus, WorkflowError, ObservationFinding, utc_now
19 + from ..core.models import (
20 +     FileArtifact,
21 +     GeneratedArtifact,
22 +     ObservationFinding,
23 +     StageStatus,
24 +     WorkflowError,
25 +     utc_now,
26 + )
27 | from ..core.project import Project
   |

E501 Line too long (114 > 100)
  --> src/driver_port_factory/migration/public_qemu.py:19:101
   |
17 | from ..core.contracts import ArtifactKey
18 | from ..core.execution import CommandResult, CommandRunner, observed_script_command
19 | from ..core.models import FileArtifact, GeneratedArtifact, StageStatus, WorkflowError, ObservationFinding, utc_now
   |                                                                                                     ^^^^^^^^^^^^^^
20 | from ..core.project import Project
21 | from ..core.trace import qemu_experiment, successful_execs
   |

SIM102 Use a single `if` statement instead of nested `if` statements
   --> src/driver_port_factory/migration/public_qemu.py:124:9
    |
122 |           ):
123 |               return True
124 | /         if index and argv[index - 1] == "-drive" and ",," not in argument:
125 | |             if f"file={runtime}" in argument.split(","):
    | |________________________________________________________^
126 |                   return True
127 |       return False
    |
help: Combine `if` statements using `and`

I001 [*] Import block is un-sorted or un-formatted
   --> src/driver_port_factory/migration/public_qemu.py:258:5
    |
256 | def run_public_harness(**kwargs) -> QemuHarnessResult:
257 |     kwargs["attempt_dir"].mkdir(parents=True, exist_ok=True)
258 |     from .experiments import project_for, execute, cases, run_suite
    |     ^^^^^^^^^^^^^^^^^^^^^^^^^^^^^^^^^^^^^^^^^^^^^^^^^^^^^^^^^^^^^^^
259 |     project = project_for(kwargs["worktree"])
260 |     if project is None:
    |
help: Organize imports
    |
257 |     kwargs["attempt_dir"].mkdir(parents=True, exist_ok=True)
    -     from .experiments import project_for, execute, cases, run_suite
258 +     from .experiments import cases, execute, project_for, run_suite
259 |     project = project_for(kwargs["worktree"])
    |

E501 Line too long (105 > 100)
   --> src/driver_port_factory/migration/public_qemu.py:481:101
    |
479 |         if previous is None:
480 |             raise CodexOutputError(
481 |                 "No controller execution receipt. Submit the operation decision before final self-check."
    |                                                                                                     ^^^^^
482 |             )
483 |         attempt_ref, report = previous
    |

C901 `capture` is too complex (13 > 12)
  --> src/driver_port_factory/migration/qemu_capture.py:19:5
   |
19 | def capture(config, arguments):
   |     ^^^^^^^
20 |     output = Path(config["output"])
21 |     output.mkdir(parents=True, exist_ok=True)
   |

PLR0912 Too many branches (13 > 12)
  --> src/driver_port_factory/migration/qemu_capture.py:19:5
   |
19 | def capture(config, arguments):
   |     ^^^^^^^
20 |     output = Path(config["output"])
21 |     output.mkdir(parents=True, exist_ok=True)
   |

E501 Line too long (101 > 100)
  --> src/driver_port_factory/migration/qemu_capture.py:30:101
   |
28 |         if any(a in ("-gdb", "-s", "-S", "-daemonize") for a in arguments):
29 |             raise ValueError(
30 |                 "Diagnostic capture requires an unpaused foreground guest without another GDB server"
   |                                                                                                     ^
31 |             )
32 |         elf = Path(config["elf"])
   |

I001 [*] Import block is un-sorted or un-formatted
  --> src/driver_port_factory/migration/repair_execution.py:9:1
   |
 7 |   still apply.
 8 |   """
 9 | / import json
10 | | import sqlite3
11 | |
12 | | from .target_framework import framework_stage
13 | |
14 | | from ..acquisition.repository import load_repository_acquisition
15 | | from ..core.events import RunEvent
16 | | from ..core.models import WorkflowError
17 | | from ..knowledge.index import file_sha256
18 | | from .contracts import MigrationStage as S
19 | | from .implementation import worktree_files
20 | | from .public_qemu import PublicQemuService
   | |__________________________________________^
help: Organize imports
   |
11 |
   - from .target_framework import framework_stage
   -
12 | from ..acquisition.repository import load_repository_acquisition
--------------------------------------------------------------------------------
18 | from .public_qemu import PublicQemuService
19 + from .target_framework import framework_stage
20 |
   |

E501 Line too long (140 > 100)
  --> src/driver_port_factory/migration/repair_execution.py:38:101
   |
36 | … "implementation-smoke.sh", "public-qemu.sh")]
37 | …paths):
38 | …ires runtime-artifact, check-presence.sh, implementation-smoke.sh and public-qemu.sh")
   |                                                ^^^^^^^^^^^^^^^^^^^^^^^^^^^^^^^^^^^^^^^^
39 | …
40 | …CONTRACTS),
   |

E501 Line too long (115 > 100)
  --> src/driver_port_factory/migration/repair_execution.py:46:101
   |
44 |     rules = {stage.value: review_policy_digest(project, None, stage)
45 |              for stage in tuple(dict.fromkeys((framework_stage(project), S.DRIVER_IMPLEMENTATION)))}
46 |     return {"rules": rules, "inputs": {kind.value: project.artifact(stage, kind).digest for stage, kind in inputs},
   |                                                                                                     ^^^^^^^^^^^^^^^
47 |             "files": worktree_files(worktree, target.base_commit),
48 |             "prepared": {p.name: file_sha256(p) for p in paths},
   |

E501 Line too long (103 > 100)
  --> src/driver_port_factory/migration/repair_execution.py:86:101
   |
84 |         row = db.execute("SELECT sequence,payload FROM events WHERE event_type IN (?,?) "
85 |                          "ORDER BY sequence DESC LIMIT 1",
86 |                          (RunEvent.REPAIR_PREPARED.value, RunEvent.DELIVERY_PREPARED.value)).fetchone()
   |                                                                                                     ^^^
87 |         if row is None:
88 |             return None
   |

E501 Line too long (140 > 100)
  --> src/driver_port_factory/migration/repair_execution.py:90:101
   |
88 | …
89 | … sequence>? AND event_type='stage.retried' "
90 | …target_framework_enablement','driver_implementation','artifact_preparation') LIMIT 1",
   |                                                ^^^^^^^^^^^^^^^^^^^^^^^^^^^^^^^^^^^^^^^^
91 | …
92 | …
   |

E501 Line too long (110 > 100)
  --> src/driver_port_factory/migration/repair_routing.py:66:101
   |
64 |         if {kind for kind, _ in progress} != kinds:
65 |             raise CodexOutputError(f"Missing prerequisite progress inputs for {target.value}")
66 |     project.retry_from(target, trigger=trigger, reason=reason, progress=progress, repair_report=repair_report)
   |                                                                                                     ^^^^^^^^^^
67 |
68 | ROUTES = {stage.value: stage for stage in (
   |

C901 `generate` is too complex (17 > 12)
  --> src/driver_port_factory/migration/source_cases.py:13:5
   |
13 | def generate(project, spec_path, *, budget=12):
   |     ^^^^^^^^
14 |     if type(budget) is not int or not 1 <= budget <= 64:
15 |         raise WorkflowError('Public case budget must be between 1 and 64')
   |

PLR0912 Too many branches (16 > 12)
  --> src/driver_port_factory/migration/source_cases.py:13:5
   |
13 | def generate(project, spec_path, *, budget=12):
   |     ^^^^^^^^
14 |     if type(budget) is not int or not 1 <= budget <= 64:
15 |         raise WorkflowError('Public case budget must be between 1 and 64')
   |

E501 Line too long (112 > 100)
  --> src/driver_port_factory/migration/source_cases.py:22:101
   |
20 |     fields = spec.get('integer_fields', {})
21 |     if not isinstance(fields, dict) or not 1 <= len(fields) <= 8:
22 |         raise WorkflowError('Specify 1..8 integer fields; choose one behavior instead of a whole-driver matrix')
   |                                                                                                     ^^^^^^^^^^^^
23 |     evidence = spec.get('evidence', [])
24 |     if not isinstance(evidence, list) or not evidence:
   |

E501 Line too long (103 > 100)
  --> src/driver_port_factory/migration/source_cases.py:36:101
   |
34 |         if (not record or type(start) is not int or type(end) is not int
35 |                 or not 1 <= start <= end <= len(path.read_text().splitlines())):
36 |             raise WorkflowError('Case citations must reference lines of controlled original materials')
   |                                                                                                     ^^^
37 |         citations.append({'path': str(path), 'sha256': record['sha256'], 'line_start': start, 'line_end': end})
38 |     baseline, values = {}, {}
   |

E501 Line too long (111 > 100)
  --> src/driver_port_factory/migration/source_cases.py:37:101
   |
35 |                 or not 1 <= start <= end <= len(path.read_text().splitlines())):
36 |             raise WorkflowError('Case citations must reference lines of controlled original materials')
37 |         citations.append({'path': str(path), 'sha256': record['sha256'], 'line_start': start, 'line_end': end})
   |                                                                                                     ^^^^^^^^^^^
38 |     baseline, values = {}, {}
39 |     for name, bounds in fields.items():
   |

E501 Line too long (122 > 100)
  --> src/driver_port_factory/migration/source_cases.py:52:101
   |
50 |     candidates = list(candidates)
51 |     if len(candidates) > budget:
52 |         raise WorkflowError('Explicit critical cases exceed budget; choose a smaller scope or increase budget explicitly')
   |                                                                                                     ^^^^^^^^^^^^^^^^^^^^^^
53 |     for case in candidates:
54 |         if (not isinstance(case, dict) or set(case) != set(fields)
   |

E501 Line too long (102 > 100)
  --> src/driver_port_factory/migration/source_cases.py:69:101
   |
67 |              'generator_sha256': file_sha256(Path(__file__)),
68 |              'budget': budget, 'omitted_generated_cases': max(0, len(unique) - budget),
69 |              'limits': 'PUBLIC_DEVELOPER_INPUTS_ONLY. Numeric ranges and critical cases are authored '
   |                                                                                                     ^^
70 |              'claims, not semantically proved by citations. No candidate source is read by this '
71 |              'generator; author/context independence is not established. No expected outputs or '
   |

E501 Line too long (101 > 100)
  --> src/driver_port_factory/migration/source_cases.py:72:101
   |
70 |              'claims, not semantically proved by citations. No candidate source is read by this '
71 |              'generator; author/context independence is not established. No expected outputs or '
72 |              'automatic test execution. No pairwise/exhaustive coverage. Use the original C adapter '
   |                                                                                                     ^
73 |              'or a reviewed specification oracle; do not label this blind evaluation.'}
74 |     data = (json.dumps(value, sort_keys=True, indent=2) + '\n').encode()
   |

E501 Line too long (101 > 100)
  --> src/driver_port_factory/migration/source_cases.py:81:101
   |
79 |     return {'path': str(path), 'sha256': file_sha256(path), 'case_count': len(cases),
80 |             'omitted_generated_cases': value['omitted_generated_cases'],
81 |             'instruction': 'Optional public vectors under cases. Run only if they resolve an actual '
   |                                                                                                     ^
82 |             'obligation; adapters read this JSON via DPF_PROBE_INPUT. No new model review required.'}
   |

E501 Line too long (101 > 100)
  --> src/driver_port_factory/migration/source_cases.py:82:101
   |
80 |             'omitted_generated_cases': value['omitted_generated_cases'],
81 |             'instruction': 'Optional public vectors under cases. Run only if they resolve an actual '
82 |             'obligation; adapters read this JSON via DPF_PROBE_INPUT. No new model review required.'}
   |                                                                                                     ^

I001 [*] Import block is un-sorted or un-formatted
  --> src/driver_port_factory/migration/target_framework.py:2:1
   |
 1 |   """Delivery entry checkpoint; final implementation seals the complete source tree."""
 2 | / from __future__ import annotations
 3 | |
 4 | | import json
 5 | | from pathlib import Path
 6 | | from typing import Any
 7 | |
 8 | | from ..codex.contracts import CodexOutputError
 9 | | from ..core.models import FileArtifact, GeneratedArtifact, StageStatus, WorkflowError
10 | | from ..core.project import Project
11 | | from ..core.validation import BundleValidationContext, json_object, require_fields
12 | | from ..knowledge.contracts import KnowledgeArtifact
13 | | from ..target_study.contracts import TargetStudyArtifact
14 | | from .contracts import MigrationArtifact, MigrationStage
15 | | from .implementation import worktree_files
16 | | from .review_policy import require_self_review
   | |______________________________________________^
help: Organize imports
   |
17 |
   -
18 | TARGET_FRAMEWORK_INPUTS = (
   |

C901 `_validate_files` is too complex (13 > 12)
  --> src/driver_port_factory/migration/target_framework.py:55:5
   |
55 | def _validate_files(root: Path, target: dict[str, Any], files: list[dict[str, Any]]) -> None:
   |     ^^^^^^^^^^^^^^^
56 |     worktree = (root / target["path"]).resolve()
57 |     if root.resolve() not in worktree.parents:
   |

PLR0912 Too many branches (13 > 12)
  --> src/driver_port_factory/migration/target_framework.py:55:5
   |
55 | def _validate_files(root: Path, target: dict[str, Any], files: list[dict[str, Any]]) -> None:
   |     ^^^^^^^^^^^^^^^
56 |     worktree = (root / target["path"]).resolve()
57 |     if root.resolve() not in worktree.parents:
   |

E501 Line too long (102 > 100)
   --> src/driver_port_factory/migration/target_framework.py:170:101
    |
168 |         for kind in TARGET_FRAMEWORK_INPUTS
169 |     }
170 |     required = {"schema_version", "change_level", "inputs", "target_worktree", "files", "work_report"}
    |                                                                                                     ^^
171 |     for value, label in ((bundle, "target framework bundle"), (inventory, "target framework inventory")):
172 |         require_fields(value, required, label)
    |

E501 Line too long (105 > 100)
   --> src/driver_port_factory/migration/target_framework.py:171:101
    |
169 |     }
170 |     required = {"schema_version", "change_level", "inputs", "target_worktree", "files", "work_report"}
171 |     for value, label in ((bundle, "target framework bundle"), (inventory, "target framework inventory")):
    |                                                                                                     ^^^^^
172 |         require_fields(value, required, label)
173 |         if value["schema_version"] != 2 or value["change_level"] != "delivery-checkpoint":
    |

E501 Line too long (103 > 100)
   --> src/driver_port_factory/migration/target_framework.py:175:101
    |
173 |         if value["schema_version"] != 2 or value["change_level"] != "delivery-checkpoint":
174 |             raise WorkflowError(f"{label} has an invalid schema")
175 |         if value["inputs"] != expected_inputs or value["target_worktree"] != bundle["target_worktree"]:
    |                                                                                                     ^^^
176 |             raise WorkflowError(f"{label} is detached from frozen enablement inputs")
177 |         if value["files"] != bundle["files"] or value["work_report"] != bundle["work_report"]:
    |

I001 [*] Import block is un-sorted or un-formatted
 --> src/driver_port_factory/orchestration/protocol.py:2:1
  |
1 | """Worker/controller contract: capabilities and report actions have one owner."""
2 | from dataclasses import dataclass
  | ^^^^^^^^^^^^^^^^^^^^^^^^^^^^^^^^^
help: Organize imports
  |
4 |
  -
5 | @dataclass(frozen=True)
  |

E501 Line too long (104 > 100)
  --> src/driver_port_factory/orchestration/protocol.py:41:101
   |
39 |         "Follow reference_material.evidence_reuse: shared snapshot, frozen local originals, then "
40 |         "external material for explicit gaps only. Do not curl web copies/status URLs just to "
41 |         "reconfirm local Git provenance. The controller owns downloads, hashes and provenance storage. "
   |                                                                                                     ^^^^
42 |         "Write this object to a file and invoke tool_runtime.submission_command with --kind "
43 |         "proposal --decision submit. Do not put JSON in the final chat response. On repair "
   |

E501 Line too long (102 > 100)
  --> src/driver_port_factory/orchestration/protocol.py:92:101
   |
90 |         "expected guest timeout is acceptable only after the assertions pass. The controller "
91 |         "runs a deterministic runtime-premise preflight before QEMU and records every finding "
92 |         "with an exact path and line. Inspect and repair failures in this stage before resubmitting; "
   |                                                                                                     ^^
93 |         "this does not replace the full public ladder. If a finding proves an absent target "
94 |         "capability or framework interface, repair it coherently with driver integration; do not "
   |

E501 Line too long (101 > 100)
   --> src/driver_port_factory/orchestration/protocol.py:101:101
    |
 99 |         "Write .dpf-output/runtime-artifact and executable .dpf-output/check-presence.sh. "
100 |         "Put necessary variants under .dpf-output/harness/variants/ as regular files. "
101 |         "The controller runs the checker, repeats the generic runtime-premise preflight and records "
    |                                                                                                     ^
102 |         "artifact identities. Marker text is not a runtime artifact. "
103 |         "Prepare artifact and checker covering payloads and reachable entrypoints for every retained "
    |

E501 Line too long (102 > 100)
   --> src/driver_port_factory/orchestration/protocol.py:103:101
    |
101 |         "The controller runs the checker, repeats the generic runtime-premise preflight and records "
102 |         "artifact identities. Marker text is not a runtime artifact. "
103 |         "Prepare artifact and checker covering payloads and reachable entrypoints for every retained "
    |                                                                                                     ^^
104 |         "runtime scenario using the production artifact and any necessary packaged variants. "
105 |         "If packaging changed source/configuration, "
    |

E501 Line too long (102 > 100)
   --> src/driver_port_factory/orchestration/protocol.py:133:101
    |
131 |         return None
132 |     repair = (
133 |         "Use current contract/test IDs. A concrete counterexample to an analysis premise may request "
    |                                                                                                     ^^
134 |         "the smallest permitted analysis prerequisite in instructions.repair_targets. Cite the "
135 |         "contradiction, affected obligations and necessary revision; do not reopen resolved doubts. "
    |

E501 Line too long (101 > 100)
   --> src/driver_port_factory/orchestration/protocol.py:135:101
    |
133 |         "Use current contract/test IDs. A concrete counterexample to an analysis premise may request "
134 |         "the smallest permitted analysis prerequisite in instructions.repair_targets. Cite the "
135 |         "contradiction, affected obligations and necessary revision; do not reopen resolved doubts. "
    |                                                                                                     ^
136 |         "Route all target framework, shared integration and driver source "
137 |         "changes to driver_implementation, authoritative "
    |

E501 Line too long (106 > 100)
   --> src/driver_port_factory/orchestration/protocol.py:138:101
    |
136 |         "Route all target framework, shared integration and driver source "
137 |         "changes to driver_implementation, authoritative "
138 |         "runtime/CAS/checker/variant/entrypoint identity to artifact_preparation, and unchanged-artifact "
    |                                                                                                     ^^^^^^
139 |         "harness/oracle defects to public_qemu_validation. A stale or refreshed human-readable artifact "
140 |         "receipt or worker summary is derived metadata, not a packaging defect, and must not trigger a "
    |

E501 Line too long (105 > 100)
   --> src/driver_port_factory/orchestration/protocol.py:139:101
    |
137 |         "changes to driver_implementation, authoritative "
138 |         "runtime/CAS/checker/variant/entrypoint identity to artifact_preparation, and unchanged-artifact "
139 |         "harness/oracle defects to public_qemu_validation. A stale or refreshed human-readable artifact "
    |                                                                                                     ^^^^^
140 |         "receipt or worker summary is derived metadata, not a packaging defect, and must not trigger a "
141 |         "new artifact or QEMU run. Write the reason in the report and invoke "
    |

E501 Line too long (104 > 100)
   --> src/driver_port_factory/orchestration/protocol.py:140:101
    |
138 |         "runtime/CAS/checker/variant/entrypoint identity to artifact_preparation, and unchanged-artifact "
139 |         "harness/oracle defects to public_qemu_validation. A stale or refreshed human-readable artifact "
140 |         "receipt or worker summary is derived metadata, not a packaging defect, and must not trigger a "
    |                                                                                                     ^^^^
141 |         "new artifact or QEMU run. Write the reason in the report and invoke "
142 |         "tool_runtime.submission_command with --decision rework --repair-stage <delivery prerequisite>. "
    |

E501 Line too long (105 > 100)
   --> src/driver_port_factory/orchestration/protocol.py:142:101
    |
140 |         "receipt or worker summary is derived metadata, not a packaging defect, and must not trigger a "
141 |         "new artifact or QEMU run. Write the reason in the report and invoke "
142 |         "tool_runtime.submission_command with --decision rework --repair-stage <delivery prerequisite>. "
    |                                                                                                     ^^^^^
143 |         "The reviewer never edits source or runtime files."
144 |         if stage == "final_evidence_review" else
    |

E501 Line too long (102 > 100)
   --> src/driver_port_factory/orchestration/protocol.py:147:101
    |
145 |         "Choose only from instructions.repair_targets. Route missing original "
146 |         "evidence/provenance/materials to evidence_closure; broken baseline build/boot routes "
147 |         "to environment_recovery; missing future device/backend launch design to migration_contracts "
    |                                                                                                     ^^
148 |         "without requiring its execution before implementation; target API/call-chain/init-order/target-change evidence to "
149 |         "target_platform_study; C compiler/configuration/preprocessor/layout/ABI/effect facts, "
    |

E501 Line too long (124 > 100)
   --> src/driver_port_factory/orchestration/protocol.py:148:101
    |
146 |         "evidence/provenance/materials to evidence_closure; broken baseline build/boot routes "
147 |         "to environment_recovery; missing future device/backend launch design to migration_contracts "
148 |         "without requiring its execution before implementation; target API/call-chain/init-order/target-change evidence to "
    |                                                                                                     ^^^^^^^^^^^^^^^^^^^^^^^^
149 |         "target_platform_study; C compiler/configuration/preprocessor/layout/ABI/effect facts, "
150 |         "translation contracts, or test assertion provenance to migration_contracts; target framework "
    |

E501 Line too long (103 > 100)
   --> src/driver_port_factory/orchestration/protocol.py:150:101
    |
148 |         "without requiring its execution before implementation; target API/call-chain/init-order/target-change evidence to "
149 |         "target_platform_study; C compiler/configuration/preprocessor/layout/ABI/effect facts, "
150 |         "translation contracts, or test assertion provenance to migration_contracts; target framework "
    |                                                                                                     ^^^
151 |         "capability/interface implementation and changed driver source "
152 |         "to driver_implementation; packaging/image identity to artifact_preparation; unchanged-artifact "
    |

E501 Line too long (105 > 100)
   --> src/driver_port_factory/orchestration/protocol.py:152:101
    |
150 |         "translation contracts, or test assertion provenance to migration_contracts; target framework "
151 |         "capability/interface implementation and changed driver source "
152 |         "to driver_implementation; packaging/image identity to artifact_preparation; unchanged-artifact "
    |                                                                                                     ^^^^^
153 |         "harness/oracle defects to public_qemu_validation. Do not route a semantic contract defect to "
154 |         "evidence_closure merely because it is called an evidence gap. Write the reason in the report "
    |

E501 Line too long (103 > 100)
   --> src/driver_port_factory/orchestration/protocol.py:153:101
    |
151 |         "capability/interface implementation and changed driver source "
152 |         "to driver_implementation; packaging/image identity to artifact_preparation; unchanged-artifact "
153 |         "harness/oracle defects to public_qemu_validation. Do not route a semantic contract defect to "
    |                                                                                                     ^^^
154 |         "evidence_closure merely because it is called an evidence gap. Write the reason in the report "
155 |         "and invoke tool_runtime.submission_command with --decision rework --repair-stage <affected "
    |

E501 Line too long (103 > 100)
   --> src/driver_port_factory/orchestration/protocol.py:154:101
    |
152 |         "to driver_implementation; packaging/image identity to artifact_preparation; unchanged-artifact "
153 |         "harness/oracle defects to public_qemu_validation. Do not route a semantic contract defect to "
154 |         "evidence_closure merely because it is called an evidence gap. Write the reason in the report "
    |                                                                                                     ^^^
155 |         "and invoke tool_runtime.submission_command with --decision rework --repair-stage <affected "
156 |         "prerequisite>. Revise an earlier premise only with concrete contradictory evidence and "
    |

E501 Line too long (101 > 100)
   --> src/driver_port_factory/orchestration/protocol.py:155:101
    |
153 |         "harness/oracle defects to public_qemu_validation. Do not route a semantic contract defect to "
154 |         "evidence_closure merely because it is called an evidence gap. Write the reason in the report "
155 |         "and invoke tool_runtime.submission_command with --decision rework --repair-stage <affected "
    |                                                                                                     ^
156 |         "prerequisite>. Revise an earlier premise only with concrete contradictory evidence and "
157 |         "affected contract IDs; preserve unrelated conclusions and all historical observations."
    |

E501 Line too long (251 > 100)
   --> src/driver_port_factory/orchestration/protocol.py:160:101
    |
158 | …
159 | …
160 | …hecks to the file; use tool_runtime.submission_command to submit pass, operation, rework or blocked. The final chat response never changes workflow state.",
    |       ^^^^^^^^^^^^^^^^^^^^^^^^^^^^^^^^^^^^^^^^^^^^^^^^^^^^^^^^^^^^^^^^^^^^^^^^^^^^^^^^^^^^^^^^^^^^^^^^^^^^^^^^^^^^^^^^^^^^^^^^^^^^^^^^^^^^^^^^^^^^^^^^^^^^^^^
161 | …eports. "
162 | …
    |

E501 Line too long (104 > 100)
   --> src/driver_port_factory/orchestration/protocol.py:161:101
    |
159 |     return {
160 |         "report_action": "The report is evidence only. Append execution observations and self-checks to the file; use tool_runtime.su…
161 |         "input_authority": "Current frozen_inputs supersede older versions in conversation or reports. "
    |                                                                                                     ^^^^
162 |             "Previously supplied inputs are not necessarily read or verified.",
163 |         "operations": list(task.operations),
    |

E501 Line too long (553 > 100)
   --> src/driver_port_factory/orchestration/protocol.py:174:101
    |
172 | …
173 | …
174 | …hin your current authority in this stage; an unsu… condition needed to resume in the report.",
    |       ^^^^^^^^^^^^^^^^^^^^^^^^^^^^^^^^^^^^^^^^^^^^…^^^^^^^^^^^^^^^^^^^^^^^^^^^^^^^^^^^^^^^^^^^^
175 | …
    |

I001 [*] Import block is un-sorted or un-formatted
  --> src/driver_port_factory/platform_assets.py:2:1
   |
 1 |   """Explicit, revision-bound platform facts. Imported facts never import a verdict."""
 2 | / import hashlib
 3 | | import json
 4 | | from pathlib import Path
 5 | |
 6 | | from .acquisition.repository import load_repository_acquisition
 7 | | from .composition import open_project
 8 | | from .core.models import EvaluationMode, WorkflowError
 9 | | from .knowledge.index import file_sha256
10 | | from .cli_support import command_registry
   | |_________________________________________^
help: Organize imports
   |
6  | from .acquisition.repository import load_repository_acquisition
7  + from .cli_support import command_registry
8  | from .composition import open_project
9  | from .core.models import EvaluationMode, WorkflowError
10 | from .knowledge.index import file_sha256
   - from .cli_support import command_registry
11 |
   |

E501 Line too long (108 > 100)
  --> src/driver_port_factory/platform_assets.py:70:101
   |
68 |             continue
69 |         result.append({'path': str(path), 'digest': path.stem, 'binding': value['binding'],
70 |                        'instruction': 'Reuse applicable platform facts and recipes, verify against current '
   |                                                                                                     ^^^^^^^^
71 |                        'originals and configuration. Prior driver answers and PASS are not imported authority.'})
72 |     return result
   |

E501 Line too long (113 > 100)
  --> src/driver_port_factory/platform_assets.py:71:101
   |
69 |         result.append({'path': str(path), 'digest': path.stem, 'binding': value['binding'],
70 |                        'instruction': 'Reuse applicable platform facts and recipes, verify against current '
71 |                        'originals and configuration. Prior driver answers and PASS are not imported authority.'})
   |                                                                                                     ^^^^^^^^^^^^^
72 |     return result
   |

E501 Line too long (117 > 100)
  --> src/driver_port_factory/platform_assets.py:88:101
   |
87 | def register_commands(commands):
88 |     root = commands.add_parser('platform-asset', help='explicit reusable platform evidence, never previous verdicts')
   |                                                                                                     ^^^^^^^^^^^^^^^^^
89 |     subs = command_registry(root, dest='action')
90 |     for action in ('export', 'import', 'status'):
   |

E501 Line too long (107 > 100)
  --> src/driver_port_factory/platform_assets.py:94:101
   |
92 |         p.add_argument('path')
93 |         if action != 'status':
94 |             p.add_argument('--configuration', required=True, help='architecture/config/toolchain identity')
   |                                                                                                     ^^^^^^^
95 |         if action == 'export':
96 |             p.add_argument('--facts', required=True)
   |

C901 `_run_project` is too complex (18 > 12)
   --> src/driver_port_factory/port.py:143:9
    |
141 |             return self._run_project(project)
142 |
143 |     def _run_project(self, project: Project) -> PortOutcome:
    |         ^^^^^^^^^^^^
144 |         while True:
145 |             stage = self._current(project)
    |

PLR0912 Too many branches (17 > 12)
   --> src/driver_port_factory/port.py:143:9
    |
141 |             return self._run_project(project)
142 |
143 |     def _run_project(self, project: Project) -> PortOutcome:
    |         ^^^^^^^^^^^^
144 |         while True:
145 |             stage = self._current(project)
    |

E501 Line too long (108 > 100)
   --> src/driver_port_factory/port.py:151:101
    |
149 |                 if MigrationStage.FINAL_EVIDENCE_REVIEW.value in project.workflow.stage_values:
150 |                     review = project.artifact(
151 |                         MigrationStage.FINAL_EVIDENCE_REVIEW, MigrationArtifact.FINAL_EVIDENCE_REVIEW_REPORT
    |                                                                                                     ^^^^^^^^
152 |                     )
153 |                     report = json.loads(project.artifacts.read(review))["review"]
    |

E501 Line too long (107 > 100)
   --> src/driver_port_factory/port.py:218:101
    |
216 |     def _project(self) -> Project:
217 |         from .migration.benchmark import load_spec
218 |         benchmark = load_spec(self.options.benchmark_manifest) if self.options.benchmark_manifest else None
    |                                                                                                     ^^^^^^^
219 |         from .intake.behavior_scope import load as load_scope
220 |         behavior_scope = (
    |

E501 Line too long (113 > 100)
   --> src/driver_port_factory/port.py:247:101
    |
245 |             if self.options.baseline_repositories and tuple(str(path.resolve()) for path in
246 |                     self.options.baseline_repositories) != project.config.baseline_repositories:
247 |                 raise WorkflowError("supplied baseline repositories differ from the persisted run configuration")
    |                                                                                                     ^^^^^^^^^^^^^
248 |             for option_name, option_value, config_value in (
249 |                 (
    |

C901 `_codex_gate` is too complex (13 > 12)
   --> src/driver_port_factory/port.py:481:9
    |
479 |         return ArtifactOccurrence(latest.digest, latest.ordinal)
480 |
481 |     def _codex_gate(
    |         ^^^^^^^^^^^
482 |         self,
483 |         project: Project,
    |

E501 Line too long (109 > 100)
   --> src/driver_port_factory/port.py:531:101
    |
529 |             except PrerequisiteRepair as error:
530 |                 target = project.stage(error.target)
531 |                 if (target.status is not StageStatus.PASS or target.position >= project.stage(stage).position
    |                                                                                                     ^^^^^^^^^
532 |                         or stage.value not in project.workflow.descendants(error.target)):
533 |                     raise CodexOutputError(
    |

E501 Line too long (110 > 100)
   --> src/driver_port_factory/port.py:724:101
    |
722 |             raise CodexOutputError("Codex work report is not UTF-8") from error
723 |         if not text.strip():
724 |             raise CodexOutputError("Codex work report is blank; write the report and submit it with the tool")
    |                                                                                                     ^^^^^^^^^^
725 |         submission = PortRunner._submission_for_job(project, stage, job)
726 |         if submission is not None and submission.get("kind") == "report":
    |

E501 Line too long (107 > 100)
   --> src/driver_port_factory/port.py:736:101
    |
734 |             path = project.artifacts.path_for_digest(frozen.digest)
735 |             if submission.get("decision") == "blocked":
736 |                 raise WorkerBlocked(f"worker reported a blocker; submitted file: {submission.get('file')}")
    |                                                                                                     ^^^^^^^
737 |             if submission.get("decision") == "rework":
738 |                 target = ROUTES.get(submission.get("repair_stage"))
    |

E501 Line too long (110 > 100)
   --> src/driver_port_factory/port.py:840:101
    |
838 |         if previous:
839 |             latest = max(previous, key=lambda ref: ref.ordinal)
840 |             inputs["previous_accepted_selection_path"] = str(project.artifacts.path_for_digest(latest.digest))
    |                                                                                                     ^^^^^^^^^^
841 |         self._codex_gate(
842 |             project,
    |

SIM102 Use a single `if` statement instead of nested `if` statements
   --> src/driver_port_factory/port.py:902:9
    |
900 |           from .target_study.reuse import restore
901 |           repair = project.retry_feedback(TargetStudyStage.STUDY)
902 | /         if repair and repair.get("repair_root") == AcquisitionStage.EVIDENCE_CLOSURE.value:
903 | |             if restore(project):
    | |________________________________^
904 |                   return
905 |           acquisition = load_repository_acquisition(project)
    |
help: Combine `if` statements using `and`

I001 [*] Import block is un-sorted or un-formatted
   --> src/driver_port_factory/port.py:951:9
    |
949 |               specification=submission["knowledge_probe_specification"],
950 |               route_index=submission["route_index"])
951 | /         from .target_study.reuse import remember
952 | |         from .migration.analysis_delivery import record
    | |_______________________________________________________^
953 |           if record(project, job_policy=self._review_job_policy(project, TargetStudyStage.STUDY, job)):
954 |               remember(project, combined=True)
    |
help: Organize imports
    |
950 |             route_index=submission["route_index"])
951 +         from .migration.analysis_delivery import record
952 |         from .target_study.reuse import remember
    -         from .migration.analysis_delivery import record
953 |         if record(project, job_policy=self._review_job_policy(project, TargetStudyStage.STUDY, job)):
    |

E501 Line too long (101 > 100)
   --> src/driver_port_factory/port.py:953:101
    |
951 |         from .target_study.reuse import remember
952 |         from .migration.analysis_delivery import record
953 |         if record(project, job_policy=self._review_job_policy(project, TargetStudyStage.STUDY, job)):
    |                                                                                                     ^
954 |             remember(project, combined=True)
    |

E501 Line too long (101 > 100)
   --> src/driver_port_factory/port.py:987:101
    |
985 |         report = prepared(project)
986 |         if report is None:
987 |             raise WorkflowError("Joint analysis has no current binding; contracts were not accepted")
    |                                                                                                     ^
988 |         project.start(MigrationStage.CONTRACTS)
989 |         self._capture_contracts(project, report)
    |

E501 Line too long (103 > 100)
    --> src/driver_port_factory/port.py:1037:101
     |
1035 |     def _review_job_policy(project: Project, stage: StageKey, job: ArtifactOccurrence):
1036 |         occurrence = next(ref for ref in project.current_artifact_refs(stage=stage)
1037 |                           if ref.kind == CodexArtifact.JOB_RESULT.value and ref.ordinal == job.ordinal)
     |                                                                                                     ^^^
1038 |         metrics = json.loads(Path(occurrence.source).with_suffix(".metrics.json").read_text())
1039 |         policy = metrics.get("policy_sha256")
     |

E501 Line too long (114 > 100)
    --> src/driver_port_factory/port.py:1041:101
     |
1039 |         policy = metrics.get("policy_sha256")
1040 |         if not policy:
1041 |             raise CodexOutputError("Review has no recorded rule identity; review current rules before acceptance")
     |                                                                                                     ^^^^^^^^^^^^^^
1042 |         return policy
     |

E501 Line too long (123 > 100)
    --> src/driver_port_factory/port.py:1144:101
     |
1142 |                 raise CodexOutputError(str(error)) from error
1143 |         if repair and not project.config.unified_implementation:
1144 |             record(project, report, job_policy=self._review_job_policy(project, MigrationStage.DRIVER_IMPLEMENTATION, job))
     |                                                                                                     ^^^^^^^^^^^^^^^^^^^^^^^
1145 |         DriverImplementationService().snapshot_worktree(project, report)
1146 |         if not repair or project.config.unified_implementation:
     |

E501 Line too long (133 > 100)
    --> src/driver_port_factory/port.py:1148:101
     |
1146 |         if not repair or project.config.unified_implementation:
1147 |             from .migration.repair_execution import prepare_delivery
1148 |             prepare_delivery(project, report, job_policy=self._review_job_policy(project, MigrationStage.DRIVER_IMPLEMENTATION, job))
     |                                                                                                     ^^^^^^^^^^^^^^^^^^^^^^^^^^^^^^^^^
1149 |
1150 |     def _artifact_preparation(self, project: Project) -> None:
     |

E501 Line too long (104 > 100)
    --> src/driver_port_factory/port.py:1191:101
     |
1189 |                     (TargetStudyStage.STUDY, TargetStudyArtifact.REPORT),
1190 |                 ),
1191 |                 extra={"controller_validation_error": preparation_error} if preparation_error else None,
     |                                                                                                     ^^^^
1192 |             ),
1193 |             lambda p, job: self._accept_artifact_preparation_result(p, job, composite=bool(preparation_error)),
     |

E501 Line too long (111 > 100)
    --> src/driver_port_factory/port.py:1193:101
     |
1191 |                 extra={"controller_validation_error": preparation_error} if preparation_error else None,
1192 |             ),
1193 |             lambda p, job: self._accept_artifact_preparation_result(p, job, composite=bool(preparation_error)),
     |                                                                                                     ^^^^^^^^^^^
1194 |         )
     |

E501 Line too long (102 > 100)
    --> src/driver_port_factory/port.py:1306:101
     |
1304 |         try:
1305 |             service = PublicQemuService()
1306 |             submission = self._submission_for_job(project, MigrationStage.PUBLIC_QEMU_VALIDATION, job)
     |                                                                                                     ^^
1307 |             if (submission and submission.get("decision") == "operation"
1308 |                     and submission.get("operation") == "PUBLIC_QEMU"):
     |

E501 Line too long (111 > 100)
    --> src/driver_port_factory/port.py:1328:101
     |
1327 |     def _final_evidence_review(self, project: Project) -> None:
1328 |         if FinalEvidenceReviewService.reusable_review(project, skill_root=self.options.skill_root) is not None:
     |                                                                                                     ^^^^^^^^^^^
1329 |             FinalEvidenceReviewService().finalize(project, reuse=True, skill_root=self.options.skill_root)
1330 |             return
     |

E501 Line too long (106 > 100)
    --> src/driver_port_factory/port.py:1329:101
     |
1327 |     def _final_evidence_review(self, project: Project) -> None:
1328 |         if FinalEvidenceReviewService.reusable_review(project, skill_root=self.options.skill_root) is not None:
1329 |             FinalEvidenceReviewService().finalize(project, reuse=True, skill_root=self.options.skill_root)
     |                                                                                                     ^^^^^^
1330 |             return
1331 |         review_context = {}
     |

E501 Line too long (102 > 100)
    --> src/driver_port_factory/port.py:1352:101
     |
1350 |                     (framework_stage(project),
1351 |                      MigrationArtifact.TARGET_FRAMEWORK_CHANGE_INVENTORY),
1352 |                     (MigrationStage.DRIVER_IMPLEMENTATION, MigrationArtifact.TARGET_CHANGE_INVENTORY),
     |                                                                                                     ^^
1353 |                     (MigrationStage.DRIVER_IMPLEMENTATION, MigrationArtifact.COMPLIANCE_REPORT),
1354 |                     (MigrationStage.ARTIFACT_PREPARATION, MigrationArtifact.ARTIFACT_IDENTITY),
     |

E501 Line too long (103 > 100)
    --> src/driver_port_factory/port.py:1356:101
     |
1354 |                     (MigrationStage.ARTIFACT_PREPARATION, MigrationArtifact.ARTIFACT_IDENTITY),
1355 |                     (MigrationStage.PUBLIC_QEMU_VALIDATION, MigrationArtifact.PUBLIC_QEMU_REPORT),
1356 |                     (MigrationStage.PUBLIC_QEMU_VALIDATION, MigrationArtifact.PUBLIC_QEMU_WORK_REPORT),
     |                                                                                                     ^^^
1357 |             ), extra={
1358 |                 **review_context,
     |

E501 Line too long (101 > 100)
    --> src/driver_port_factory/port.py:1435:101
     |
1433 |         if any(active(project, stage) for stage in (
1434 |                 MigrationStage.DRIVER_IMPLEMENTATION, MigrationStage.ARTIFACT_PREPARATION)):
1435 |             context["frozen_inputs"][EnvironmentArtifact.MODE_RECORD.value] = self._artifact_context(
     |                                                                                                     ^
1436 |                 project, EnvironmentStage.RECOVERY, EnvironmentArtifact.MODE_RECORD)
1437 |         # Every downstream migration task gets the current implementation identity,
     |

E501 Line too long (109 > 100)
    --> src/driver_port_factory/port.py:1441:101
     |
1439 |         if (include_implementation_bundle
1440 |                 and project.stage(MigrationStage.DRIVER_IMPLEMENTATION).status is StageStatus.PASS):
1441 |             context["frozen_inputs"][MigrationArtifact.IMPLEMENTATION_BUNDLE.value] = self._artifact_context(
     |                                                                                                     ^^^^^^^^^
1442 |                 project, MigrationStage.DRIVER_IMPLEMENTATION, MigrationArtifact.IMPLEMENTATION_BUNDLE)
1443 |         if not include_review_history:
     |

E501 Line too long (103 > 100)
    --> src/driver_port_factory/port.py:1442:101
     |
1440 |                 and project.stage(MigrationStage.DRIVER_IMPLEMENTATION).status is StageStatus.PASS):
1441 |             context["frozen_inputs"][MigrationArtifact.IMPLEMENTATION_BUNDLE.value] = self._artifact_context(
1442 |                 project, MigrationStage.DRIVER_IMPLEMENTATION, MigrationArtifact.IMPLEMENTATION_BUNDLE)
     |                                                                                                     ^^^
1443 |         if not include_review_history:
1444 |             return context
     |

E501 Line too long (104 > 100)
    --> src/driver_port_factory/port.py:1513:101
     |
1511 |             codex_bin=arguments.codex_bin,
1512 |             model=arguments.model,
1513 |             baseline_repositories=tuple(Path(path).resolve() for path in arguments.baseline_repository),
     |                                                                                                     ^^^^
1514 |             local_source_repository=(
1515 |                 Path(arguments.local_source_repository).resolve()
     |

E501 Line too long (101 > 100)
    --> src/driver_port_factory/port.py:1531:101
     |
1529 |             max_model_cost_usd=arguments.max_model_cost_usd,
1530 |             benchmark_manifest=Path(arguments.benchmark) if arguments.benchmark else None,
1531 |             behavior_scope_file=Path(arguments.behavior_scope) if arguments.behavior_scope else None,
     |                                                                                                     ^
1532 |             behavior_scheduling=arguments.behavior_scheduling,
1533 |         )
     |

E501 Line too long (113 > 100)
    --> src/driver_port_factory/port.py:1549:101
     |
1547 |     run.add_argument("--catalog", action="append", default=[])
1548 |     run.add_argument("--baseline-repository", action="append", default=[],
1549 |                      help="read-only upstream checkout/bare cache to reuse (repeatable; frozen on run creation)")
     |                                                                                                     ^^^^^^^^^^^^^
1550 |     run.add_argument(
1551 |         "--local-source-repository",
     |

E501 Line too long (107 > 100)
    --> src/driver_port_factory/port.py:1560:101
     |
1558 |     run.add_argument(
1559 |         "--local-qemu-repository",
1560 |         help="existing local QEMU checkout or bare repository; import the selected commit without network",
     |                                                                                                     ^^^^^^^
1561 |     )
1562 |     run.add_argument(
     |

E501 Line too long (111 > 100)
    --> src/driver_port_factory/port.py:1570:101
     |
1568 |                      help="persist an estimated cost budget; check before each model call")
1569 |     run.add_argument("--behavior-scope", help="freeze an operator-authored functional scope JSON")
1570 |     run.add_argument("--benchmark", help="freeze an operator-authored benchmark manifest for final acceptance")
     |                                                                                                     ^^^^^^^^^^^
1571 |     run.add_argument("--behavior-scheduling", action=argparse.BooleanOptionalAction, default=None,
1572 |                      help="controller-selected behavior rounds (default: enabled for new runs)")
     |

E501 Line too long (108 > 100)
    --> src/driver_port_factory/port.py:1582:101
     |
1580 |     run.add_argument(
1581 |         "--final-evidence-review", action=argparse.BooleanOptionalAction, default=None,
1582 |         help="enable or disable stage 18 final evidence review (default: enabled; required for blind mode)",
     |                                                                                                     ^^^^^^^^
1583 |     )
1584 |     run.set_defaults(handler=command_port_run)
     |

C901 `locate` is too complex (23 > 12)
  --> src/driver_port_factory/review_evidence.py:24:5
   |
24 | def locate(*, repository: Path, revision: str, path: str, start: int | None = None,
   |     ^^^^^^
25 |            end: int | None = None, symbol: str | None = None,
26 |            expected_sha256: str | None = None) -> dict:
   |

PLR0912 Too many branches (21 > 12)
  --> src/driver_port_factory/review_evidence.py:24:5
   |
24 | def locate(*, repository: Path, revision: str, path: str, start: int | None = None,
   |     ^^^^^^
25 |            end: int | None = None, symbol: str | None = None,
26 |            expected_sha256: str | None = None) -> dict:
   |

F401 [*] `..migration.contracts.ContractExecutionStatus` imported but unused
  --> src/driver_port_factory/sealing/candidate.py:32:5
   |
30 | from ..knowledge.index import file_sha256
31 | from ..migration.contracts import (
32 |     ContractExecutionStatus,
   |     ^^^^^^^^^^^^^^^^^^^^^^^
33 |     MigrationArtifact,
34 |     MigrationStage,
   |
help: Remove unused import: `..migration.contracts.ContractExecutionStatus`
   |
31 | from ..migration.contracts import (
   -     ContractExecutionStatus,
32 |     MigrationArtifact,
   |

E501 Line too long (106 > 100)
   --> src/driver_port_factory/sealing/candidate.py:495:101
    |
494 |         patch = subprocess.run(
495 |             ["git", "diff", "--binary", "--no-ext-diff", implementation["target_worktree"]["base_commit"],
    |                                                                                                     ^^^^^^
496 |              "--", ".", ":(exclude).dpf-output"],
497 |             cwd=worktree,
    |

E501 Line too long (102 > 100)
   --> src/driver_port_factory/sealing/candidate.py:650:101
    |
648 |                         or file_sha256(path) != digest):
649 |                     raise WorkflowError("public run evidence changed before candidate sealing")
650 |                 entities[f"public-runs/{document_index:04d}-0000/{index:04d}.bin"] = path.read_bytes()
    |                                                                                                     ^^
651 |
652 |     @staticmethod
    |

F841 Local variable `occurrence` is assigned to but never used
  --> tests/acquisition_support.py:86:5
   |
84 |     )
85 |     assert job.ordinal is not None
86 |     occurrence = RevisionProposalImporter().import_job_result(
   |     ^^^^^^^^^^
87 |         project,
88 |         job_digest=job.digest,
   |
help: Remove assignment to unused variable `occurrence`

I001 [*] Import block is un-sorted or un-formatted
  --> tests/environment_support.py:1:1
   |
 1 | / from __future__ import annotations
 2 | |
 3 | |
 4 | | import json
 5 | |
 6 | |
 7 | | import stat
 8 | |
 9 | |
10 | | from pathlib import Path
   | |________________________^
help: Organize imports
  |
2 |
  -
3 | import json
  -
  -
4 | import stat
  -
  -
5 | from pathlib import Path
  |

I001 [*] Import block is un-sorted or un-formatted
  --> tests/environment_support.py:49:5
   |
48 |   def write_plan(root: Path, route_id: str, executable: Path) -> Path:
49 | /     from driver_port_factory.composition import open_project
50 | |     from driver_port_factory.acquisition.repository import load_repository_acquisition
51 | |     from driver_port_factory.acquisition.repository_role import RepositoryRole
   | |______________________________________________________________________________^
52 |       qemu_source = load_repository_acquisition(open_project(root)).checkout(RepositoryRole.QEMU).checkout_path
53 |       path = root / f"{route_id}.json"
   |
help: Organize imports
   |
48 | def write_plan(root: Path, route_id: str, executable: Path) -> Path:
   -     from driver_port_factory.composition import open_project
49 |     from driver_port_factory.acquisition.repository import load_repository_acquisition
50 |     from driver_port_factory.acquisition.repository_role import RepositoryRole
51 +     from driver_port_factory.composition import open_project
52 |     qemu_source = load_repository_acquisition(open_project(root)).checkout(RepositoryRole.QEMU).checkout_path
   |

E501 Line too long (109 > 100)
  --> tests/environment_support.py:52:101
   |
50 |     from driver_port_factory.acquisition.repository import load_repository_acquisition
51 |     from driver_port_factory.acquisition.repository_role import RepositoryRole
52 |     qemu_source = load_repository_acquisition(open_project(root)).checkout(RepositoryRole.QEMU).checkout_path
   |                                                                                                     ^^^^^^^^^
53 |     path = root / f"{route_id}.json"
54 |     path.write_text(
   |

I001 [*] Import block is un-sorted or un-formatted
  --> tests/knowledge_support.py:1:1
   |
 1 | / from __future__ import annotations
 2 | |
 3 | |
 4 | | import json
 5 | |
 6 | |
 7 | | from pathlib import Path
 8 | |
 9 | |
10 | | from driver_port_factory.acquisition.facets import (
11 | |     QemuFacet,
12 | |     TargetFacet,
13 | |     parse_facet,
14 | | )
15 | |
16 | |
17 | | from driver_port_factory.acquisition.repository import (
18 | |     RepositoryAcquirer,
19 | |     load_repository_acquisition,
20 | | )
21 | |
22 | |
23 | | from driver_port_factory.acquisition.repository_checkout import CheckoutRecord
24 | |
25 | |
26 | | from driver_port_factory.acquisition.repository_role import RepositoryRole
27 | |
28 | |
29 | | from driver_port_factory.composition import initialize_project
30 | |
31 | |
32 | | from driver_port_factory.core.models import (
33 | |     ActorRole,
34 | |     EvaluationMode,
35 | |     ProjectConfig,
36 | | )
37 | |
38 | |
39 | | from driver_port_factory.core.project import Project
40 | |
41 | |
42 | | from driver_port_factory.environment.execution import ExperimentExecutor
43 | |
44 | |
45 | | from driver_port_factory.environment.inventory import EnvironmentInspector
46 | |
47 | |
48 | | from driver_port_factory.environment.planning import ExperimentPlanRegistrar
49 | |
50 | |
51 | | from driver_port_factory.intake.service import IntakeService
52 | |
53 | |
54 | | from tests.acquisition_support import close_evidence, repository, select_revisions
55 | |
56 | |
57 | | from tests.environment_support import qemu_fixture, write_plan
   | |______________________________________________________________^
help: Organize imports
   |
2  |
   -
3  | import json
   -
   -
4  | from pathlib import Path
5  |
   -
6  | from driver_port_factory.acquisition.facets import (
--------------------------------------------------------------------------------
10 | )
   -
   -
11 | from driver_port_factory.acquisition.repository import (
12 |     RepositoryAcquirer,
13 |     load_repository_acquisition,
14 | )
   -
   -
15 | from driver_port_factory.acquisition.repository_checkout import CheckoutRecord
   -
   -
16 | from driver_port_factory.acquisition.repository_role import RepositoryRole
   -
   -
17 | from driver_port_factory.composition import initialize_project
   -
   -
18 | from driver_port_factory.core.models import (
--------------------------------------------------------------------------------
22 | )
   -
   -
23 | from driver_port_factory.core.project import Project
   -
   -
24 | from driver_port_factory.environment.execution import ExperimentExecutor
   -
   -
25 | from driver_port_factory.environment.inventory import EnvironmentInspector
   -
   -
26 | from driver_port_factory.environment.planning import ExperimentPlanRegistrar
   -
   -
27 | from driver_port_factory.intake.service import IntakeService
   -
   -
28 | from tests.acquisition_support import close_evidence, repository, select_revisions
   -
   -
29 | from tests.environment_support import qemu_fixture, write_plan
   -
30 |
   |

I001 [*] Import block is un-sorted or un-formatted
  --> tests/repository_support.py:1:1
   |
 1 | / from __future__ import annotations
 2 | |
 3 | |
 4 | | import json
 5 | |
 6 | |
 7 | | from pathlib import Path
 8 | |
 9 | |
10 | | from driver_port_factory.acquisition.repository_role import RepositoryRole
11 | |
12 | |
13 | | from driver_port_factory.composition import initialize_project
14 | |
15 | |
16 | | from driver_port_factory.core.models import (
17 | |     ActorRole,
18 | |     EvaluationMode,
19 | |     ProjectConfig,
20 | | )
21 | |
22 | |
23 | | from driver_port_factory.intake.service import IntakeService
24 | |
25 | |
26 | | from tests.acquisition_support import (
27 | |     git,
28 | |     repository,
29 | |     select_revisions,
30 | | )
   | |_^
help: Organize imports
   |
2  |
   -
3  | import json
   -
   -
4  | from pathlib import Path
5  |
   -
6  | from driver_port_factory.acquisition.repository_role import RepositoryRole
   -
   -
7  | from driver_port_factory.composition import initialize_project
   -
   -
8  | from driver_port_factory.core.models import (
--------------------------------------------------------------------------------
12 | )
   -
   -
13 | from driver_port_factory.intake.service import IntakeService
   -
   -
14 | from tests.acquisition_support import (
   |

I001 [*] Import block is un-sorted or un-formatted
  --> tests/test_analysis_delivery.py:1:1
   |
 1 | / from pathlib import Path
 2 | | from unittest.mock import patch
 3 | |
 4 | | from driver_port_factory.codex.gateway import CodexResult
 5 | | from driver_port_factory.composition import open_project
 6 | | from driver_port_factory.migration.analysis_delivery import prepared
 7 | | from driver_port_factory.migration.contracts import MigrationArtifact as A, MigrationStage as S
 8 | | from driver_port_factory.target_study.contracts import TargetStudyArtifact as T, TargetStudyStage as TS
 9 | | from tests.submission_support import submit
10 | | from tests.workflow_support import ready_implementation, runner
   | |_______________________________________________________________^
help: Organize imports
   |
6  | from driver_port_factory.migration.analysis_delivery import prepared
   - from driver_port_factory.migration.contracts import MigrationArtifact as A, MigrationStage as S
   - from driver_port_factory.target_study.contracts import TargetStudyArtifact as T, TargetStudyStage as TS
7  + from driver_port_factory.migration.contracts import MigrationArtifact as A
8  + from driver_port_factory.migration.contracts import MigrationStage as S
9  + from driver_port_factory.target_study.contracts import TargetStudyArtifact as T
10 + from driver_port_factory.target_study.contracts import TargetStudyStage as TS
11 | from tests.submission_support import submit
   |

E501 Line too long (103 > 100)
  --> tests/test_analysis_delivery.py:8:101
   |
 6 | from driver_port_factory.migration.analysis_delivery import prepared
 7 | from driver_port_factory.migration.contracts import MigrationArtifact as A, MigrationStage as S
 8 | from driver_port_factory.target_study.contracts import TargetStudyArtifact as T, TargetStudyStage as TS
   |                                                                                                     ^^^
 9 | from tests.submission_support import submit
10 | from tests.workflow_support import ready_implementation, runner
   |

E501 Line too long (103 > 100)
  --> tests/test_analysis_delivery.py:13:101
   |
13 | def test_combined_analysis_captures_contracts_without_second_model_call_and_repairs_narrowly(tmp_path):
   |                                                                                                     ^^^
14 |     project = ready_implementation(tmp_path, reviewed=False)
15 |     project.start(S.ANALYSIS_REVIEW)
   |

E501 Line too long (103 > 100)
  --> tests/test_analysis_delivery.py:42:101
   |
41 |         project.start(S.ANALYSIS_REVIEW)
42 |         project.retry_from(S.CONTRACTS, trigger=S.ANALYSIS_REVIEW, reason="synthetic assertion defect")
   |                                                                                                     ^^^
43 |         assert prepared(project) is None
44 |         port._contracts(project)
   |

I001 [*] Import block is un-sorted or un-formatted
  --> tests/test_analysis_delivery.py:52:5
   |
51 |   def test_analysis_receipt_invalidates_changed_rules_and_source_materials(tmp_path):
52 | /     from driver_port_factory.migration.analysis_delivery import identity, record
53 | |     from driver_port_factory.target_study.reuse import identity as study_identity
54 | |     from driver_port_factory.knowledge.corpus import CorpusManifest
55 | |     from dataclasses import replace
   | |___________________________________^
56 |
57 |       project = ready_implementation(tmp_path, reviewed=False)
   |
help: Organize imports
   |
51 | def test_analysis_receipt_invalidates_changed_rules_and_source_materials(tmp_path):
52 +     from dataclasses import replace
53 +
54 +     from driver_port_factory.knowledge.corpus import CorpusManifest
55 |     from driver_port_factory.migration.analysis_delivery import identity, record
56 |     from driver_port_factory.target_study.reuse import identity as study_identity
   -     from driver_port_factory.knowledge.corpus import CorpusManifest
   -     from dataclasses import replace
57 |
   |

E501 Line too long (101 > 100)
  --> tests/test_analysis_delivery.py:60:101
   |
58 |     record(project)
59 |     assert prepared(project) is not None
60 |     rule = Path(project.config.skill_root) / "knowledge-guided-driver-port/references/translation.md"
   |                                                                                                     ^
61 |     rule.write_text(rule.read_text() + "Changed source obligations.\n")
62 |     assert prepared(project) is None
   |

I001 [*] Import block is un-sorted or un-formatted
  --> tests/test_analysis_review.py:2:1
   |
 1 |   """Analysis gate routing and explicit, read-only evidence location."""
 2 | / import json
 3 | | import subprocess
 4 | | import sys
 5 | | from pathlib import Path
 6 | | from unittest.mock import patch
 7 | |
 8 | | import pytest
 9 | |
10 | | from driver_port_factory.composition import open_project
11 | | from driver_port_factory.codex.gateway import CodexResult
12 | | from driver_port_factory.core.models import StageStatus, WorkflowError
13 | | from driver_port_factory.migration.contracts import MigrationStage as S
14 | | from driver_port_factory.target_study.contracts import TargetStudyStage
15 | | from driver_port_factory.review_evidence import locate
16 | | from tests.acquisition_support import git, repository
17 | | from tests.workflow_support import ready_implementation, runner
18 | | from tests.submission_support import submit
   | |___________________________________________^
help: Organize imports
   |
9  |
10 + from driver_port_factory.codex.gateway import CodexResult
11 | from driver_port_factory.composition import open_project
   - from driver_port_factory.codex.gateway import CodexResult
12 | from driver_port_factory.core.models import StageStatus, WorkflowError
13 | from driver_port_factory.migration.contracts import MigrationStage as S
14 + from driver_port_factory.review_evidence import locate
15 | from driver_port_factory.target_study.contracts import TargetStudyStage
   - from driver_port_factory.review_evidence import locate
16 | from tests.acquisition_support import git, repository
   - from tests.workflow_support import ready_implementation, runner
17 | from tests.submission_support import submit
18 + from tests.workflow_support import ready_implementation, runner
19 |
   |

C408 Unnecessary `dict()` call (rewrite as a literal)
  --> tests/test_analysis_review.py:30:13
   |
28 |     commit = git('rev-parse', 'HEAD', cwd=repo)
29 |     (repo / 'a/driver.c').write_text('uncommitted replacement\n')
30 |     query = dict(repository=repo, revision=commit, path='a/driver.c')
   |             ^^^^^^^^^^^^^^^^^^^^^^^^^^^^^^^^^^^^^^^^^^^^^^^^^^^^^^^^^
31 |     result = locate(**query, start=1, end=2)
32 |     assert result['status'] == 'LOCATED'
   |
help: Rewrite as a literal

E501 Line too long (107 > 100)
  --> tests/test_analysis_review.py:39:101
   |
37 |     assert locate(**query, start=4)['status'] == 'OUT_OF_RANGE'
38 |     assert locate(**query, start=1, expected_sha256='0' * 64)['status'] == 'HASH_MISMATCH'
39 |     assert locate(repository=repo, revision=commit, path='driver.c', start=1)['status'] == 'PATH_NOT_FOUND'
   |                                                                                                     ^^^^^^^
40 |     assert locate(repository=repo, revision=commit, path='../a/driver.c', start=1)['status'] == 'INVALID_PATH'
41 |     assert locate(repository=repo, revision='HEAD', path='a/driver.c', start=1)['status'] == 'INVALID_REVISION'
   |

E501 Line too long (110 > 100)
  --> tests/test_analysis_review.py:40:101
   |
38 |     assert locate(**query, start=1, expected_sha256='0' * 64)['status'] == 'HASH_MISMATCH'
39 |     assert locate(repository=repo, revision=commit, path='driver.c', start=1)['status'] == 'PATH_NOT_FOUND'
40 |     assert locate(repository=repo, revision=commit, path='../a/driver.c', start=1)['status'] == 'INVALID_PATH'
   |                                                                                                     ^^^^^^^^^^
41 |     assert locate(repository=repo, revision='HEAD', path='a/driver.c', start=1)['status'] == 'INVALID_REVISION'
42 |     assert locate(repository=repo, revision=commit, path='literal[1].c', start=1)['status'] == 'LOCATED'
   |

E501 Line too long (111 > 100)
  --> tests/test_analysis_review.py:41:101
   |
39 |     assert locate(repository=repo, revision=commit, path='driver.c', start=1)['status'] == 'PATH_NOT_FOUND'
40 |     assert locate(repository=repo, revision=commit, path='../a/driver.c', start=1)['status'] == 'INVALID_PATH'
41 |     assert locate(repository=repo, revision='HEAD', path='a/driver.c', start=1)['status'] == 'INVALID_REVISION'
   |                                                                                                     ^^^^^^^^^^^
42 |     assert locate(repository=repo, revision=commit, path='literal[1].c', start=1)['status'] == 'LOCATED'
43 |     physical = locate(repository=repo, revision=commit, path='page.c', start=2)
   |

E501 Line too long (104 > 100)
  --> tests/test_analysis_review.py:42:101
   |
40 |     assert locate(repository=repo, revision=commit, path='../a/driver.c', start=1)['status'] == 'INVALID_PATH'
41 |     assert locate(repository=repo, revision='HEAD', path='a/driver.c', start=1)['status'] == 'INVALID_REVISION'
42 |     assert locate(repository=repo, revision=commit, path='literal[1].c', start=1)['status'] == 'LOCATED'
   |                                                                                                     ^^^^
43 |     physical = locate(repository=repo, revision=commit, path='page.c', start=2)
44 |     assert physical['total_lines'] == 2
   |

PLW1510 `subprocess.run` without explicit `check` argument
  --> tests/test_analysis_review.py:47:12
   |
45 |     assert physical['lines'][0]['text'] == 'int next;'
46 |     # Exercise the exact Python tool advertised to the reviewer.
47 |     call = subprocess.run([sys.executable, '-m', 'driver_port_factory.review_evidence',
   |            ^^^^^^^^^^^^^^
48 |         '--repository', str(repo), '--revision', commit, '--path', 'a/driver.c',
49 |         '--start', '1', '--end', '3'], capture_output=True, text=True)
   |
help: Add explicit `check=False`

PLR0915 Too many statements (71 > 60)
  --> tests/test_analysis_review.py:57:5
   |
55 | @pytest.mark.parametrize('repair_target', [S.CONTRACTS, TargetStudyStage.STUDY])
56 | @pytest.mark.parametrize('policy', ['analysis-handoff', 'persistent'])
57 | def test_analysis_returns_all_findings_to_worker_before_sealing(tmp_path, repair_target, policy):
   |     ^^^^^^^^^^^^^^^^^^^^^^^^^^^^^^^^^^^^^^^^^^^^^^^^^^^^^^^^^^^
58 |     project = ready_implementation(tmp_path, reviewed=False)
59 |     from driver_port_factory.codex.context_policy import configure_policy
   |

E501 Line too long (123 > 100)
  --> tests/test_analysis_review.py:84:101
   |
82 |             assert job.thread_id == (None if review_count == 1 else 'reviewer')
83 |             assert job.sandbox.value == 'danger-full-access'
84 |             assert payload['instructions']['tool_runtime']['evidence_locator'][-1] == 'driver_port_factory.review_evidence'
   |                                                                                                     ^^^^^^^^^^^^^^^^^^^^^^^
85 |             if review_count == 1:
86 |                 report.write_text('F1: report.md:3, source driver.c:1: inaccurate claim.\n'
   |

E501 Line too long (133 > 100)
  --> tests/test_analysis_review.py:91:101
   |
89 |                        repair_stage=repair_target.value)
90 |             else:
91 |                 assert payload['reference_material'].get('previous_review') or payload['reference_material']['repair_task']['source']
   |                                                                                                     ^^^^^^^^^^^^^^^^^^^^^^^^^^^^^^^^^
92 |                 report.write_text('F1 and F2 resolved against corrected evidence.\n')
93 |                 submit(project, job, report, kind='report', decision='pass')
   |

E501 Line too long (107 > 100)
   --> tests/test_analysis_review.py:131:101
    |
129 |         from driver_port_factory.short_refs import References
130 |         bound = References(project.root).get(task['source']['evidence_ref'])
131 |         assert Path(task['source']['path']).resolve() == project.artifacts.path_for_digest(bound['digest'])
    |                                                                                                     ^^^^^^^
132 |         # Overwriting the reviewer's mutable file must not change repair evidence.
133 |         (project.root / 'work/stage-work/analysis_review/report.md').write_text('overwritten')
    |

SIM115 Use a context manager for opening files
   --> tests/test_analysis_review.py:134:25
    |
132 |         # Overwriting the reviewer's mutable file must not change repair evidence.
133 |         (project.root / 'work/stage-work/analysis_review/report.md').write_text('overwritten')
134 |         assert 'F2:' in open(task['source']['path']).read()
    |                         ^^^^
135 |         report.write_text('Corrected both F1 and F2; retained valid evidence.\n')
136 |         submit(project, job, report, kind='report', decision='pass')
    |

SIM117 Use a single `with` statement with multiple contexts instead of nested `with` statements
   --> tests/test_analysis_review.py:139:5
    |
137 |           return CodexResult(job.job_id, '', 'worker')
138 |
139 | /     with patch('driver_port_factory.codex.cli.CodexExecGateway.run', side_effect=gateway):
140 | |         with pytest.raises(ReachedImplementation):
    | |__________________________________________________^
141 |               port._run_project(project)
142 |       assert review_count == 2
    |
help: Combine `with` statements

E501 Line too long (102 > 100)
   --> tests/test_analysis_review.py:169:101
    |
167 |     from driver_port_factory.codex.repair_handoff import repair_task
168 |     project = ready_implementation(tmp_path, reviewed=False)
169 |     text = '# Review\n' + 'intro ' * 3000 + '\n### F1\n' + 'first ' * 3000 + '\n### F2\nlate defect\n'
    |                                                                                                     ^^
170 |     ref = project.artifacts.put_bytes(text.encode(), kind='codex_work_report')
171 |     feedback = {'repair_report': {'kind': ref.kind, 'digest': ref.digest},
    |

I001 [*] Import block is un-sorted or un-formatted
  --> tests/test_benchmark_acceptance.py:3:1
   |
 1 |   """Offline benchmark adapters validate orchestration, not real driver behavior."""
 2 |
 3 | / import json
 4 | | import sys
 5 | | from dataclasses import replace
 6 | | from pathlib import Path
 7 | | from unittest.mock import patch
 8 | |
 9 | | import pytest
10 | |
11 | | from driver_port_factory.core.models import StageStatus, WorkflowError
12 | | from driver_port_factory.migration import benchmark
13 | | from driver_port_factory.migration.contracts import MigrationStage as S, MigrationArtifact as A
14 | | from tests.migration_support import public_run
   | |______________________________________________^
help: Organize imports
   |
12 | from driver_port_factory.migration import benchmark
   - from driver_port_factory.migration.contracts import MigrationStage as S, MigrationArtifact as A
13 + from driver_port_factory.migration.contracts import MigrationArtifact as A
14 + from driver_port_factory.migration.contracts import MigrationStage as S
15 | from tests.migration_support import public_run
   |

I001 [*] Import block is un-sorted or un-formatted
  --> tests/test_checkpoints.py:1:1
   |
 1 | / import fcntl
 2 | | import json
 3 | | import sqlite3
 4 | | from types import SimpleNamespace
 5 | |
 6 | | import pytest
 7 | |
 8 | | from driver_port_factory.checkpoints import (
 9 | |     create, fork, git, load, verify, digest, storage, capture_invocation,
10 | | )
11 | | from driver_port_factory.core.models import WorkflowError
   | |_________________________________________________________^
help: Organize imports
   |
8  | from driver_port_factory.checkpoints import (
   -     create, fork, git, load, verify, digest, storage, capture_invocation,
9  +     capture_invocation,
10 +     create,
11 +     digest,
12 +     fork,
13 +     git,
14 +     load,
15 +     storage,
16 +     verify,
17 | )
   |

RUF059 Unpacked variable `source` is never used
   --> tests/test_checkpoints.py:140:14
    |
138 | @pytest.mark.parametrize('error_type', [WorkflowError, KeyError, OSError])
139 | def test_optional_capture_never_blocks_translation(tmp_path, monkeypatch, error_type):
140 |     project, source, _ = fixture(tmp_path)
    |              ^^^^^^
141 |     metrics = {'job_id': 'a', 'model': 'example'}
142 |     monkeypatch.delenv('DPF_EXPERIMENT_CHECKPOINTS', raising=False)
    |
help: Prefix it with an underscore or any other dummy variable pattern

I001 [*] Import block is un-sorted or un-formatted
   --> tests/test_checkpoints.py:202:5
    |
201 |   def test_auto_capture_under_controller_lock_records_fresh_task_provenance(tmp_path, monkeypatch):
202 | /     from driver_port_factory.checkpoints import lock
203 | |     import hashlib
    | |__________________^
204 |       project, source, _ = fixture(tmp_path)
205 |       monkeypatch.setenv('DPF_EXPERIMENT_CHECKPOINTS', '1')
    |
help: Organize imports
    |
201 | def test_auto_capture_under_controller_lock_records_fresh_task_provenance(tmp_path, monkeypatch):
    -     from driver_port_factory.checkpoints import lock
202 |     import hashlib
203 +
204 +     from driver_port_factory.checkpoints import lock
205 |     project, source, _ = fixture(tmp_path)
    |

E501 Line too long (119 > 100)
  --> tests/test_compaction_refresh.py:24:101
   |
22 |     old, cursor, _ = refresh_inputs(THREAD, known)
23 |     known = {**old, CURSOR: cursor}
24 |     assert 'report_excerpt' not in organize_repair_context(context(), 'environment_recovery', known, {})['repair_task']
   |                                                                                                     ^^^^^^^^^^^^^^^^^^^
25 |     for _ in range(2):
26 |         with path.open('a') as f:
   |

E501 Line too long (123 > 100)
  --> tests/test_compaction_refresh.py:35:101
   |
33 |         known, cursor, event = refresh_inputs(THREAD, supplied)
34 |         assert event['status'] == 'unchanged'
35 |         assert 'report_excerpt' not in organize_repair_context(context(), 'environment_recovery', known, {})['repair_task']
   |                                                                                                     ^^^^^^^^^^^^^^^^^^^^^^^

E501 Line too long (110 > 100)
  --> tests/test_compaction_refresh.py:72:101
   |
70 |     with path.open('a') as f:
71 |         for n in (200000, 2000):
72 |             f.write(json.dumps({'type': 'event_msg', 'payload': {'type': 'token_count', 'tokens': n}}) + '\n')
   |                                                                                                     ^^^^^^^^^^
73 |     known = {'x': 'y'}
74 |     assert refresh_inputs(THREAD, known)[0] == known
   |

I001 [*] Import block is un-sorted or un-formatted
  --> tests/test_compaction_refresh.py:78:5
   |
77 |   def test_controller_reinjects_after_compaction_inside_previous_call(tmp_path, monkeypatch):
78 | /     from unittest.mock import patch
79 | |     from driver_port_factory.codex.cli import run_codex_stage
80 | |     from driver_port_factory.codex.context_policy import configure_policy
81 | |     from driver_port_factory.codex.contracts import CodexBackend
82 | |     from driver_port_factory.codex.gateway import CodexResult
83 | |     from driver_port_factory.migration.contracts import MigrationStage as S
84 | |     from tests.workflow_support import ready_implementation
85 | |     from tests.submission_support import submit
   | |_______________________________________________^
86 |
87 |       home = tmp_path / 'native'
   |
help: Organize imports
   |
78 |     from unittest.mock import patch
79 +
80 |     from driver_port_factory.codex.cli import run_codex_stage
--------------------------------------------------------------------------------
84 |     from driver_port_factory.migration.contracts import MigrationStage as S
   -     from tests.workflow_support import ready_implementation
85 |     from tests.submission_support import submit
86 +     from tests.workflow_support import ready_implementation
87 |
   |

E501 Line too long (101 > 100)
   --> tests/test_compaction_refresh.py:115:101
    |
113 |                             backend=CodexBackend.EXEC, codex_bin='codex', model=None)
114 |     assert seen == [True, True, False]
115 |     metrics = [json.loads(f.read_text()) for f in (project.control / 'codex').glob('*.metrics.json')]
    |                                                                                                     ^
116 |     assert sum((m.get('native_compaction') or {}).get('status') == 'compacted' for m in metrics) == 1
    |

E501 Line too long (101 > 100)
   --> tests/test_compaction_refresh.py:116:101
    |
114 |     assert seen == [True, True, False]
115 |     metrics = [json.loads(f.read_text()) for f in (project.control / 'codex').glob('*.metrics.json')]
116 |     assert sum((m.get('native_compaction') or {}).get('status') == 'compacted' for m in metrics) == 1
    |                                                                                                     ^

ISC004 Unparenthesized implicit string concatenation in collection
  --> tests/test_container_trace.py:35:13
   |
33 |           (
34 |               "volume",
35 | /             f'"run", "--rm", "-v", "{tmp_path / "worktree"}:/work:rw", '
36 | |             '"asterinas/dev:0.18.1-20260901", "qemu-system-x86_64", "-S"',
   | |_________________________________________________________________________^
37 |           ),
38 |           (
   |
help: Did you forget a comma?
help: Wrap implicitly concatenated strings in parentheses

ISC004 Unparenthesized implicit string concatenation in collection
  --> tests/test_container_trace.py:40:13
   |
38 |           (
39 |               "mount",
40 | /             f'"run", "--rm", "--mount=type=bind,source={tmp_path / "worktree"},target=/work", '
41 | |             '"asterinas/dev:0.18.1-20260901", "qemu-system-x86_64", "-S"',
   | |_________________________________________________________________________^
42 |           ),
43 |       ):
   |
help: Did you forget a comma?
help: Wrap implicitly concatenated strings in parentheses

E501 Line too long (105 > 100)
  --> tests/test_context_policy.py:56:101
   |
54 |         if job.thread_id is None:
55 |             assert "context_handoff" in job.prompt
56 |             assert '<skill_document_reference path="knowledge-guided-driver-port/SKILL.md"' in job.prompt
   |                                                                                                     ^^^^^
57 |         report = job.execution_root / ".dpf-output/context-report.md"
58 |         report.parent.mkdir(exist_ok=True)
   |

E501 Line too long (101 > 100)
  --> tests/test_cost_control.py:86:101
   |
84 |     def gateway(job):
85 |         assert job.thread_id is None
86 |         assert '<skill_document_reference path="knowledge-guided-driver-port/SKILL.md"' in job.prompt
   |                                                                                                     ^
87 |         from driver_port_factory.short_refs import References
88 |         payload = json.loads(job.prompt.split("<job>")[1].split("</job>")[0])
   |

I001 [*] Import block is un-sorted or un-formatted
 --> tests/test_decision_handoff.py:1:1
  |
1 | / from unittest.mock import patch
2 | |
3 | | from driver_port_factory.codex.context_focus import compact_delivery_brief
4 | | from driver_port_factory.codex.sessions import input_changes
5 | | from driver_port_factory.migration.decision_context import context
6 | | from driver_port_factory.migration.delivery_brief import excerpt
7 | | from driver_port_factory.migration.probes import recent, run
8 | | from tests.workflow_support import ready_implementation
9 | | from tests.test_translation_acceleration import active_project
  | |______________________________________________________________^
help: Organize imports
   |
7  | from driver_port_factory.migration.probes import recent, run
8  + from tests.test_translation_acceleration import active_project
9  | from tests.workflow_support import ready_implementation
   - from tests.test_translation_acceleration import active_project
10 |
   |

E501 Line too long (101 > 100)
  --> tests/test_decision_handoff.py:37:101
   |
35 |     assert changed['declared_files_unchanged'] is False
36 |     assert 'recipe' not in changed
37 |     assert changed['status'] == 'COMMAND_OK'  # history remains accurate, not relabeled a new failure
   |                                                                                                     ^

E501 Line too long (109 > 100)
  --> tests/test_decision_handoff.py:48:101
   |
46 |     def read(ref):
47 |         if ref.kind == 'migration_contracts':
48 |             return b'## Open decisions\nCan the selected interface preserve ownership?\n## Other\nexcluded\n'
   |                                                                                                     ^^^^^^^^^
49 |         return original(ref)
50 |     with patch.object(project.artifacts, 'read', side_effect=read):
   |

E501 Line too long (103 > 100)
  --> tests/test_decision_handoff.py:57:101
   |
56 | def test_exact_optional_decision_excerpt_ignores_fenced_headings():
57 |     report = '```\n## Open decisions\nnot a decision\n```\n## Open decisions\nreal question\n## Done\n'
   |                                                                                                     ^^^
58 |     assert excerpt(report, heading='Open decisions')['text'] == 'real question\n'
59 |     assert excerpt('## Other\ntext', heading='Open decisions') is None
   |

E501 Line too long (103 > 100)
  --> tests/test_decision_handoff.py:64:101
   |
62 | def test_decisions_and_recipes_return_after_context_reset_but_not_on_every_resume():
63 |     ref = {'kind': 'route', 'digest': 'one', 'path': '/cas/one'}
64 |     raw = {'accepted_decisions': {'accepted_route': {'source': ref, 'recipe': {'command': ['build']}}},
   |                                                                                                     ^^^
65 |            'recent_early_probes': [{'source': {**ref, 'kind': 'probe'}, 'recipe': {'commands': ['compile']},
66 |                                    'declared_files_unchanged': True}]}
   |

E501 Line too long (108 > 100)
  --> tests/test_decision_handoff.py:65:101
   |
63 |     ref = {'kind': 'route', 'digest': 'one', 'path': '/cas/one'}
64 |     raw = {'accepted_decisions': {'accepted_route': {'source': ref, 'recipe': {'command': ['build']}}},
65 |            'recent_early_probes': [{'source': {**ref, 'kind': 'probe'}, 'recipe': {'commands': ['compile']},
   |                                                                                                     ^^^^^^^^
66 |                                    'declared_files_unchanged': True}]}
67 |     first, known = input_changes(raw, {})
   |

I001 [*] Import block is un-sorted or un-formatted
  --> tests/test_decision_handoff.py:80:5
   |
79 |   def test_invalidated_contracts_do_not_resurrect_old_study_questions(tmp_path):
80 | /     from types import SimpleNamespace
81 | |     from driver_port_factory.core.models import StageStatus
82 | |     from driver_port_factory.migration.contracts import MigrationStage as S
   | |___________________________________________________________________________^
83 |       project = ready_implementation(tmp_path)
84 |       original = project.stage
   |
help: Organize imports
   |
80 |     from types import SimpleNamespace
81 +
82 |     from driver_port_factory.core.models import StageStatus
   |

E501 Line too long (112 > 100)
  --> tests/test_decision_handoff.py:86:101
   |
84 |     original = project.stage
85 |     with patch.object(project, 'stage', side_effect=lambda stage:
86 |                       SimpleNamespace(status=StageStatus.RUNNING) if stage is S.CONTRACTS else original(stage)):
   |                                                                                                     ^^^^^^^^^^^^
87 |         value = context(project)
88 |     assert 'accepted_route' in value
   |

I001 [*] Import block is un-sorted or un-formatted
  --> tests/test_directory_selection.py:3:1
   |
 1 |   """Real Git selections stay revision-bound without model file enumeration."""
 2 |
 3 | / from dataclasses import replace
 4 | |
 5 | | import pytest
 6 | |
 7 | | from driver_port_factory.acquisition.directory_selection import expand_directories
 8 | | from driver_port_factory.acquisition.proposal import (
 9 | |     EvidenceDiscoveryProposal, load_proposal_occurrence,
10 | | )
11 | | from driver_port_factory.acquisition.repository import RepositoryAcquirer, load_repository_acquisition
12 | | from driver_port_factory.acquisition.repository_role import RepositoryRole as R
13 | | from tests.acquisition_support import evidence_proposal, import_evidence_proposal
14 | | from tests.repository_support import ready_project
   | |__________________________________________________^
help: Organize imports
   |
8  | from driver_port_factory.acquisition.proposal import (
   -     EvidenceDiscoveryProposal, load_proposal_occurrence,
9  +     EvidenceDiscoveryProposal,
10 +     load_proposal_occurrence,
11 + )
12 + from driver_port_factory.acquisition.repository import (
13 +     RepositoryAcquirer,
14 +     load_repository_acquisition,
15 | )
   - from driver_port_factory.acquisition.repository import RepositoryAcquirer, load_repository_acquisition
16 | from driver_port_factory.acquisition.repository_role import RepositoryRole as R
   |

E501 Line too long (102 > 100)
  --> tests/test_directory_selection.py:11:101
   |
 9 |     EvidenceDiscoveryProposal, load_proposal_occurrence,
10 | )
11 | from driver_port_factory.acquisition.repository import RepositoryAcquirer, load_repository_acquisition
   |                                                                                                     ^^
12 | from driver_port_factory.acquisition.repository_role import RepositoryRole as R
13 | from tests.acquisition_support import evidence_proposal, import_evidence_proposal
   |

I001 [*] Import block is un-sorted or un-formatted
  --> tests/test_e2e_acquisition.py:3:1
   |
 1 |   """Real local Git acquisition and controller restart; no network or model billing."""
 2 |
 3 | / import json
 4 | | from unittest.mock import patch
 5 | |
 6 | | import pytest
 7 | |
 8 | | from driver_port_factory.acquisition.contracts import (
 9 | |     AcquisitionArtifact as A,
10 | |     AcquisitionStage as S,
11 | | )
12 | | from driver_port_factory.acquisition.git_execution import RepositoryGit, RepositoryFetchError
13 | | from driver_port_factory.acquisition.commands import RepositoryCommandKind as K
14 | | from driver_port_factory.acquisition.repository_role import RepositoryRole
15 | | from driver_port_factory.codex.gateway import CodexResult
16 | | from driver_port_factory.composition import open_project
17 | | from tests.acquisition_support import git
18 | | from tests.repository_support import ready_project
19 | | from tests.workflow_support import runner
20 | | from tests.submission_support import submit
   | |___________________________________________^
help: Organize imports
   |
7  |
8  + from driver_port_factory.acquisition.commands import RepositoryCommandKind as K
9  | from driver_port_factory.acquisition.contracts import (
10 |     AcquisitionArtifact as A,
11 + )
12 + from driver_port_factory.acquisition.contracts import (
13 |     AcquisitionStage as S,
14 | )
   - from driver_port_factory.acquisition.git_execution import RepositoryGit, RepositoryFetchError
   - from driver_port_factory.acquisition.commands import RepositoryCommandKind as K
15 + from driver_port_factory.acquisition.git_execution import RepositoryFetchError, RepositoryGit
16 | from driver_port_factory.acquisition.repository_role import RepositoryRole
--------------------------------------------------------------------------------
20 | from tests.repository_support import ready_project
21 + from tests.submission_support import submit
22 | from tests.workflow_support import runner
   - from tests.submission_support import submit
23 |
   |

I001 [*] Import block is un-sorted or un-formatted
  --> tests/test_e2e_acquisition.py:25:5
   |
23 |   @pytest.mark.parametrize("interrupt", [False, True])
24 |   def test_single_download_selection_to_frozen_baselines(tmp_path, interrupt):
25 | /     from dataclasses import replace
26 | |     from tests.repository_support import project_config
   | |_______________________________________________________^
27 |
28 |       config = replace(project_config(), skill_root=str(tmp_path / "skills"),
   |
help: Organize imports
   |
25 |     from dataclasses import replace
26 +
27 |     from tests.repository_support import project_config
   |

E501 Line too long (101 > 100)
  --> tests/test_e2e_acquisition.py:93:101
   |
91 |     assert frozen["source"]["revision"] == git("rev-parse", "v2.0.0^{commit}", cwd=source)
92 |     manifest = project.load_json_artifact(S.REPOSITORY_ACQUISITION, A.REPOSITORY_MANIFEST)
93 |     assert any(row["operation"] == K.BASELINE_CACHE_IMPORT.value and "fetch" in row["result"]["argv"]
   |                                                                                                     ^
94 |                for row in manifest["commands"])
95 |     checkout = next(row for row in manifest["checkouts"] if row["role"] == "source")
   |

E501 Line too long (114 > 100)
  --> tests/test_e2e_acquisition.py:96:101
   |
94 |                for row in manifest["commands"])
95 |     checkout = next(row for row in manifest["checkouts"] if row["role"] == "source")
96 |     assert (project.root / checkout["checkout_path"] / "drivers/example.c").read_text() == "/* source driver */\n"
   |                                                                                                     ^^^^^^^^^^^^^^
97 |     assert "uncommitted" in (cache / "drivers/example.c").read_text()
98 |     assert not (project.control / "revision-probes").exists()
   |

I001 [*] Import block is un-sorted or un-formatted
   --> tests/test_e2e_acquisition.py:109:5
    |
108 |       project, source, target, qemu = ready_project(tmp_path)
109 | /     from driver_port_factory.acquisition.git_execution import RepositorySelectionError
110 | |     from driver_port_factory.acquisition.repository_storage import BareRepositoryStore
111 | |     from types import SimpleNamespace
    | |_____________________________________^
112 |       store = BareRepositoryStore(project.root, project.control,
113 |                                   RepositoryGit(project.root, project.control))
    |
help: Organize imports
    |
108 |     project, source, target, qemu = ready_project(tmp_path)
109 +     from types import SimpleNamespace
110 +
111 |     from driver_port_factory.acquisition.git_execution import RepositorySelectionError
112 |     from driver_port_factory.acquisition.repository_storage import BareRepositoryStore
    -     from types import SimpleNamespace
113 |     store = BareRepositoryStore(project.root, project.control,
    |

I001 [*] Import block is un-sorted or un-formatted
   --> tests/test_e2e_acquisition.py:123:5
    |
121 |     # Ambiguous transport failure can be explicitly returned to the worker,
122 |     # without discarding the existing selection/download or restarting a phase.
123 |     from driver_port_factory.core.checker_decision import resume_recovery, pending_decision, clear_pending
    |     ^^^^^^^^^^^^^^^^^^^^^^^^^^^^^^^^^^^^^^^^^^^^^^^^^^^^^^^^^^^^^^^^^^^^^^^^^^^^^^^^^^^^^^^^^^^^^^^^^^^^^^
124 |     RepositoryAcquirer._record_attempt(project, RepositoryFetchError("fixture unavailable origin"))
125 |     resume_recovery(project, S.REPOSITORY_ACQUISITION, "check whether selected origin is incorrect")
    |
help: Organize imports
    |
122 |     # without discarding the existing selection/download or restarting a phase.
    -     from driver_port_factory.core.checker_decision import resume_recovery, pending_decision, clear_pending
123 +     from driver_port_factory.core.checker_decision import (
124 +         clear_pending,
125 +         pending_decision,
126 +         resume_recovery,
127 +     )
128 |     RepositoryAcquirer._record_attempt(project, RepositoryFetchError("fixture unavailable origin"))
    |

E501 Line too long (106 > 100)
   --> tests/test_e2e_acquisition.py:123:101
    |
121 |     # Ambiguous transport failure can be explicitly returned to the worker,
122 |     # without discarding the existing selection/download or restarting a phase.
123 |     from driver_port_factory.core.checker_decision import resume_recovery, pending_decision, clear_pending
    |                                                                                                     ^^^^^^
124 |     RepositoryAcquirer._record_attempt(project, RepositoryFetchError("fixture unavailable origin"))
125 |     resume_recovery(project, S.REPOSITORY_ACQUISITION, "check whether selected origin is incorrect")
    |

SIM117 Use a single `with` statement with multiple contexts instead of nested `with` statements
   --> tests/test_e2e_acquisition.py:128:5
    |
126 |       assert pending_decision(open_project(project.root), S.REPOSITORY_ACQUISITION) is not None
127 |       clear_pending(project, S.REPOSITORY_ACQUISITION)
128 | /     with patch("driver_port_factory.acquisition.repository.SourceIdentityVerifier.verify",
129 | |                side_effect=WorkflowError("selected version does not support confirmed scope")):
130 | |         with pytest.raises(WorkflowError):
    | |__________________________________________^
131 |               RepositoryAcquirer().acquire(project)
132 |       old_locks = {p: p.read_bytes() for p in (project.control / "manifests/repository-locks").glob("*.json")}
    |
help: Combine `with` statements

E501 Line too long (108 > 100)
   --> tests/test_e2e_acquisition.py:132:101
    |
130 |         with pytest.raises(WorkflowError):
131 |             RepositoryAcquirer().acquire(project)
132 |     old_locks = {p: p.read_bytes() for p in (project.control / "manifests/repository-locks").glob("*.json")}
    |                                                                                                     ^^^^^^^^
133 |     for path in (source, target):
134 |         (path / "version.txt").write_text("corrected version\n")
    |

I001 [*] Import block is un-sorted or un-formatted
   --> tests/test_e2e_acquisition.py:151:5
    |
150 |   def test_official_document_is_downloaded_once_through_evidence_closure(tmp_path):
151 | /     from http.server import BaseHTTPRequestHandler, ThreadingHTTPServer
152 | |     from threading import Thread
153 | |     from driver_port_factory.acquisition.repository import RepositoryAcquirer
154 | |     from driver_port_factory.acquisition.document_binding import ExternalDocumentBinder
155 | |     from driver_port_factory.acquisition.closure import EvidenceClosureFinalizer
156 | |     from tests.acquisition_support import evidence_proposal
    | |___________________________________________________________^
157 |
158 |       requests = []
    |
help: Organize imports
    |
152 |     from threading import Thread
    -     from driver_port_factory.acquisition.repository import RepositoryAcquirer
    -     from driver_port_factory.acquisition.document_binding import ExternalDocumentBinder
153 +
154 |     from driver_port_factory.acquisition.closure import EvidenceClosureFinalizer
155 +     from driver_port_factory.acquisition.document_binding import ExternalDocumentBinder
156 +     from driver_port_factory.acquisition.repository import RepositoryAcquirer
157 |     from tests.acquisition_support import evidence_proposal
    |

I001 [*] Import block is un-sorted or un-formatted
   --> tests/test_e2e_acquisition.py:203:9
    |
201 |           ]
202 |           # Import helper normally starts the ready stage; this stage already started.
203 | /         from driver_port_factory.codex.contracts import CodexArtifact
204 | |         from driver_port_factory.core.models import GeneratedArtifact
205 | |         from driver_port_factory.acquisition.proposal import EvidenceProposalImporter
    | |_____________________________________________________________________________________^
206 |
207 |           job = project.record_artifact(
    |
help: Organize imports
    |
202 |         # Import helper normally starts the ready stage; this stage already started.
203 +         from driver_port_factory.acquisition.proposal import EvidenceProposalImporter
204 |         from driver_port_factory.codex.contracts import CodexArtifact
205 |         from driver_port_factory.core.models import GeneratedArtifact
    -         from driver_port_factory.acquisition.proposal import EvidenceProposalImporter
206 |
    |

I001 [*] Import block is un-sorted or un-formatted
  --> tests/test_e2e_delivery.py:3:1
   |
 1 |   """Current controller policy, with synthetic sources and execution, never driver certification."""
 2 |
 3 | / import json
 4 | |
 5 | |
 6 | | from unittest.mock import patch
 7 | |
 8 | |
 9 | | import pytest
10 | |
11 | |
12 | | from driver_port_factory.codex.gateway import CodexResult
13 | |
14 | |
15 | | from driver_port_factory.composition import open_project
16 | |
17 | |
18 | | from driver_port_factory.migration.contracts import MigrationArtifact as A, MigrationStage as S
19 | |
20 | |
21 | | from tests.workflow_support import ready_implementation, runner
22 | | from tests.submission_support import submit
   | |___________________________________________^
help: Organize imports
   |
3  | import json
   -
   -
4  | from unittest.mock import patch
5  |
   -
6  | import pytest
7  |
   -
8  | from driver_port_factory.codex.gateway import CodexResult
   -
   -
9  | from driver_port_factory.composition import open_project
   -
   -
   - from driver_port_factory.migration.contracts import MigrationArtifact as A, MigrationStage as S
   -
   -
   - from tests.workflow_support import ready_implementation, runner
10 + from driver_port_factory.migration.contracts import MigrationArtifact as A
11 + from driver_port_factory.migration.contracts import MigrationStage as S
12 | from tests.submission_support import submit
13 + from tests.workflow_support import ready_implementation, runner
14 |
   |

E501 Line too long (112 > 100)
  --> tests/test_e2e_delivery.py:28:101
   |
26 | @pytest.mark.parametrize("append_decision", [False, True])
27 | @pytest.mark.parametrize("prepared_delivery,fused_delivery,ack_delivery",
28 |                          [(False, False, False), (True, False, False), (True, True, False), (True, True, True)])
   |                                                                                                     ^^^^^^^^^^^^
29 | def test_two_conversations_complete_with_independent_review(
30 |         tmp_path, risk, append_decision, prepared_delivery, fused_delivery, ack_delivery):
   |

C901 `test_two_conversations_complete_with_independent_review` is too complex (18 > 12)
  --> tests/test_e2e_delivery.py:29:5
   |
27 | @pytest.mark.parametrize("prepared_delivery,fused_delivery,ack_delivery",
28 |                          [(False, False, False), (True, False, False), (True, True, False), (True, True, True)])
29 | def test_two_conversations_complete_with_independent_review(
   |     ^^^^^^^^^^^^^^^^^^^^^^^^^^^^^^^^^^^^^^^^^^^^^^^^^^^^^^^
30 |         tmp_path, risk, append_decision, prepared_delivery, fused_delivery, ack_delivery):
31 |     project = ready_implementation(tmp_path, reviewed=False)
   |

PLR0915 Too many statements (140 > 60)
  --> tests/test_e2e_delivery.py:29:5
   |
27 | @pytest.mark.parametrize("prepared_delivery,fused_delivery,ack_delivery",
28 |                          [(False, False, False), (True, False, False), (True, True, False), (True, True, True)])
29 | def test_two_conversations_complete_with_independent_review(
   |     ^^^^^^^^^^^^^^^^^^^^^^^^^^^^^^^^^^^^^^^^^^^^^^^^^^^^^^^
30 |         tmp_path, risk, append_decision, prepared_delivery, fused_delivery, ack_delivery):
31 |     project = ready_implementation(tmp_path, reviewed=False)
   |

C901 `gateway` is too complex (17 > 12)
  --> tests/test_e2e_delivery.py:35:9
   |
33 |     calls = []
34 |
35 |     def gateway(job):
   |         ^^^^^^^
36 |         calls.append(job)
37 |         stage = job.stage
   |

PLR0912 Too many branches (15 > 12)
  --> tests/test_e2e_delivery.py:35:9
   |
33 |     calls = []
34 |
35 |     def gateway(job):
   |         ^^^^^^^
36 |         calls.append(job)
37 |         stage = job.stage
   |

PLR0915 Too many statements (95 > 60)
  --> tests/test_e2e_delivery.py:35:9
   |
33 |     calls = []
34 |
35 |     def gateway(job):
   |         ^^^^^^^
36 |         calls.append(job)
37 |         stage = job.stage
   |

SIM102 Use a single `if` statement instead of nested `if` statements
   --> tests/test_e2e_delivery.py:130:9
    |
128 |           if stage is S.PUBLIC_QEMU_VALIDATION and "controller_execution" not in ctx:
129 |               text += "Prior local self-check.\n"
130 | /         elif stage in (S.DRIVER_IMPLEMENTATION, S.PUBLIC_QEMU_VALIDATION):
131 | |             if stage is S.PUBLIC_QEMU_VALIDATION:
    | |_________________________________________________^
132 |                   from driver_port_factory.migration.public_qemu import PublicQemuService
    |
help: Combine `if` statements using `and`

I001 [*] Import block is un-sorted or un-formatted
   --> tests/test_e2e_delivery.py:144:13
    |
142 |           report.write_text(text)
143 |           if ack_delivery and stage is S.TARGET_FRAMEWORK_ENABLEMENT:
144 | /             from driver_port_factory.migration.experiments import execute
145 | |             from driver_port_factory.migration.experiment_ack import record_seen, acknowledge
    | |_____________________________________________________________________________________________^
146 |               observation = execute(project, worktree=job.execution_root,
147 |                   script_path=output / "public-qemu.sh", runtime_path=output / "runtime-artifact",
    |
help: Organize imports
    |
143 |         if ack_delivery and stage is S.TARGET_FRAMEWORK_ENABLEMENT:
144 +             from driver_port_factory.migration.experiment_ack import acknowledge, record_seen
145 |             from driver_port_factory.migration.experiments import execute
    -             from driver_port_factory.migration.experiment_ack import record_seen, acknowledge
146 |             observation = execute(project, worktree=job.execution_root,
    |

E501 Line too long (118 > 100)
   --> tests/test_e2e_delivery.py:150:101
    |
148 |                 timeout_seconds=3600)
149 |             assert observation.passed
150 |             record_seen(project, job.job_id, [{"id": "public-qemu.sh", "status": "PASS", "observation": observation}])
    |                                                                                                     ^^^^^^^^^^^^^^^^^^
151 |             acknowledge(project, job.job_id, report)
152 |         thread = "worker"
    |

E501 Line too long (102 > 100)
   --> tests/test_e2e_delivery.py:180:101
    |
179 |     assert Path(outcome.report_path).read_text().strip()
180 |     assert [job.stage for job in calls].count(S.DRIVER_IMPLEMENTATION) == (0 if fused_delivery else 1)
    |                                                                                                     ^^
181 |     assert S.COMPLETION_AUDIT.value not in project.workflow.stage_values
182 |     assert [job.stage for job in calls].count(S.FINAL_EVIDENCE_REVIEW) == 1
    |

E501 Line too long (105 > 100)
   --> tests/test_e2e_delivery.py:185:101
    |
183 |     assert calls[0].stage is S.ANALYSIS_REVIEW
184 |     worker = [job for job in calls if job.stage not in {S.FINAL_EVIDENCE_REVIEW, S.ANALYSIS_REVIEW}]
185 |     assert len(worker) == (1 if ack_delivery else 2 if fused_delivery else 3 if prepared_delivery else 5)
    |                                                                                                     ^^^^^
186 |     assert [j.stage for j in calls].count(S.ARTIFACT_PREPARATION) == (
187 |         0 if prepared_delivery else 1)
    |

E501 Line too long (106 > 100)
   --> tests/test_e2e_delivery.py:193:101
    |
191 |     assert stats["evidence"]["functional_assessment"] == "INDEPENDENT_REVIEW_RECORDED"
192 |     groups = stats["by_call_reason"]
193 |     assert groups["stage_work"]["codex_calls"] == (1 if fused_delivery else 2 if prepared_delivery else 4)
    |                                                                                                     ^^^^^^
194 |     assert groups.get("execution_self_check", {}).get("codex_calls", 0) == (0 if ack_delivery else 1)
195 |     assert groups["independent_review"]["codex_calls"] == 2
    |

E501 Line too long (101 > 100)
   --> tests/test_e2e_delivery.py:194:101
    |
192 |     groups = stats["by_call_reason"]
193 |     assert groups["stage_work"]["codex_calls"] == (1 if fused_delivery else 2 if prepared_delivery else 4)
194 |     assert groups.get("execution_self_check", {}).get("codex_calls", 0) == (0 if ack_delivery else 1)
    |                                                                                                     ^
195 |     assert groups["independent_review"]["codex_calls"] == 2
196 |     assert groups.get("review_followup", {}).get("codex_calls", 0) == 0
    |

I001 [*] Import block is un-sorted or un-formatted
   --> tests/test_e2e_delivery.py:224:5
    |
222 |   @pytest.mark.parametrize("blocked", [False, True])
223 |   def test_reviewer_keeps_its_thread_and_returns_defects_to_worker(tmp_path, blocked):
224 | /     from tests.migration_support import public_run
225 | |     from driver_port_factory.core.models import StageStatus
    | |___________________________________________________________^
226 |
227 |       project, worktree, _ = public_run(tmp_path)
    |
help: Organize imports
    |
223 | def test_reviewer_keeps_its_thread_and_returns_defects_to_worker(tmp_path, blocked):
224 +     from driver_port_factory.core.models import StageStatus
225 |     from tests.migration_support import public_run
    -     from driver_port_factory.core.models import StageStatus
226 |
    |

I001 [*] Import block is un-sorted or un-formatted
   --> tests/test_e2e_delivery.py:345:5
    |
344 |   def test_review_reuse_requires_current_rules(tmp_path):
345 | /     import shutil
346 | |     from pathlib import Path
347 | |     from driver_port_factory.codex.prompts import default_prompt_pack_path
348 | |     from driver_port_factory.migration.final_evidence_review import FinalEvidenceReviewService
349 | |     from driver_port_factory.core.models import WorkflowError
350 | |     from tests.migration_support import accepted
    | |________________________________________________^
351 |
352 |       pack = tmp_path / "prompt-pack"
    |
help: Organize imports
    |
346 |     from pathlib import Path
347 +
348 |     from driver_port_factory.codex.prompts import default_prompt_pack_path
    -     from driver_port_factory.migration.final_evidence_review import FinalEvidenceReviewService
349 |     from driver_port_factory.core.models import WorkflowError
350 +     from driver_port_factory.migration.final_evidence_review import FinalEvidenceReviewService
351 |     from tests.migration_support import accepted
    |

I001 [*] Import block is un-sorted or un-formatted
   --> tests/test_e2e_delivery.py:386:5
    |
385 |   def test_final_review_identity_ignores_derived_qemu_receipt_fields():
386 | /     from copy import deepcopy
387 | |     from driver_port_factory.migration.final_evidence_review import _public_evidence_digest
    | |___________________________________________________________________________________________^
388 |
389 |       report = {
    |
help: Organize imports
    |
386 |     from copy import deepcopy
387 +
388 |     from driver_port_factory.migration.final_evidence_review import _public_evidence_digest
    |

SIM117 Use a single `with` statement with multiple contexts instead of nested `with` statements
   --> tests/test_e2e_delivery.py:463:5
    |
461 |       assert prepare_delivery(project, report)
462 |       port = runner(project)
463 | /     with patch.object(port, '_codex_gate') as gate:
464 | |         with pytest.raises(CheckerDecisionRequired, match='presence checker failed'):
    | |_____________________________________________________________________________________^
465 |               port._artifact_preparation(project)
466 |       gate.assert_not_called()
    |
help: Combine `with` statements

I001 [*] Import block is un-sorted or un-formatted
  --> tests/test_e2e_recovery.py:1:1
   |
 1 | / import json
 2 | |
 3 | |
 4 | | from pathlib import Path
 5 | |
 6 | |
 7 | | import pytest
 8 | |
 9 | |
10 | | from driver_port_factory.composition import open_project
11 | |
12 | |
13 | | from driver_port_factory.core.checker_decision import (
14 | |     CheckerDecisionRequired,
15 | |     accept_decision,
16 | |     pending_decision,
17 | | )
18 | |
19 | |
20 | | from driver_port_factory.core.models import StageStatus, WorkflowError
21 | | from tests.submission_support import submit
   | |___________________________________________^
help: Organize imports
   |
1  | import json
   -
   -
2  | from pathlib import Path
3  |
   -
4  | import pytest
5  |
   -
6  | from driver_port_factory.composition import open_project
   -
   -
7  | from driver_port_factory.core.checker_decision import (
--------------------------------------------------------------------------------
11 | )
   -
   -
12 | from driver_port_factory.core.models import StageStatus, WorkflowError
   |

I001 [*] Import block is un-sorted or un-formatted
  --> tests/test_e2e_recovery.py:25:5
   |
24 |   def test_changed_execution_inputs_do_not_exhaust_recovery_budget(tmp_path):
25 | /     from tests.migration_support import packaged
26 | |     from driver_port_factory.core.checker_decision import (
27 | |         request_recovery, clear_pending, RecoveryPaused,
28 | |     )
29 | |     from driver_port_factory.migration.contracts import MigrationStage as M
   | |___________________________________________________________________________^
30 |       project, worktree, report = packaged(tmp_path)
31 |       project.start(M.PUBLIC_QEMU_VALIDATION)
   |
help: Organize imports
   |
24 | def test_changed_execution_inputs_do_not_exhaust_recovery_budget(tmp_path):
   -     from tests.migration_support import packaged
25 |     from driver_port_factory.core.checker_decision import (
   -         request_recovery, clear_pending, RecoveryPaused,
26 +         RecoveryPaused,
27 +         clear_pending,
28 +         request_recovery,
29 |     )
30 |     from driver_port_factory.migration.contracts import MigrationStage as M
31 +     from tests.migration_support import packaged
32 |     project, worktree, report = packaged(tmp_path)
   |

E501 Line too long (102 > 100)
  --> tests/test_e2e_recovery.py:59:101
   |
57 |     assert pending_decision(reopened, M.PUBLIC_QEMU_VALIDATION) is None
58 |     with pytest.raises(CheckerDecisionRequired):
59 |         request_recovery(reopened, M.PUBLIC_QEMU_VALIDATION, WorkflowError("new fixture observation"))
   |                                                                                                     ^^

I001 [*] Import block is un-sorted or un-formatted
  --> tests/test_e2e_recovery.py:64:5
   |
62 |   @pytest.mark.parametrize("tracer", ["installed", "missing", "unusable"])
63 |   def test_public_acceptance_reaches_completion_without_rejecting_same_receipt(tmp_path, tracer):
64 | /     from contextlib import nullcontext
65 | |     from unittest.mock import patch
66 | |     from tests.migration_support import packaged
67 | |     from driver_port_factory.migration.contracts import MigrationStage as M, MigrationArtifact as B
68 | |     from driver_port_factory.migration.public_qemu import PublicQemuService
   | |___________________________________________________________________________^
69 |
70 |       project, worktree, report = packaged(tmp_path)
   |
help: Organize imports
   |
65 |     from unittest.mock import patch
   -     from tests.migration_support import packaged
   -     from driver_port_factory.migration.contracts import MigrationStage as M, MigrationArtifact as B
66 +
67 +     from driver_port_factory.migration.contracts import MigrationArtifact as B
68 +     from driver_port_factory.migration.contracts import MigrationStage as M
69 |     from driver_port_factory.migration.public_qemu import PublicQemuService
70 +     from tests.migration_support import packaged
71 |
   |

E501 Line too long (170 > 100)
  --> tests/test_e2e_recovery.py:76:101
   |
74 | …
75 | …
76 | …urn_value=None if tracer == "missing" else "/bin/false") if tracer != "installed" else nullcontext():
   |                                 ^^^^^^^^^^^^^^^^^^^^^^^^^^^^^^^^^^^^^^^^^^^^^^^^^^^^^^^^^^^^^^^^^^^^^^
77 | …report_path=report)
78 | …() == "attempted"
   |

I001 [*] Import block is un-sorted or un-formatted
   --> tests/test_e2e_recovery.py:109:5
    |
107 |   @pytest.mark.parametrize("restart", [False, True])
108 |   def test_repaired_model_deliverable_is_consumed_once(tmp_path, restart):
109 | /     from unittest.mock import patch
110 | |     from tests.workflow_support import ready_implementation, runner
111 | |     from driver_port_factory.codex.gateway import CodexResult
112 | |     from driver_port_factory.core.checker_decision import request_recovery
113 | |     from driver_port_factory.migration.contracts import MigrationStage as M
    | |___________________________________________________________________________^
114 |
115 |       project = ready_implementation(tmp_path, plan=False)
    |
help: Organize imports
    |
109 |     from unittest.mock import patch
    -     from tests.workflow_support import ready_implementation, runner
110 +
111 |     from driver_port_factory.codex.gateway import CodexResult
112 |     from driver_port_factory.core.checker_decision import request_recovery
113 |     from driver_port_factory.migration.contracts import MigrationStage as M
114 +     from tests.workflow_support import ready_implementation, runner
115 |
    |

SIM117 Use a single `with` statement with multiple contexts instead of nested `with` statements
   --> tests/test_e2e_recovery.py:154:13
    |
152 |               # Simulate interruption after the gateway response was persisted,
153 |               # before its adapter was allowed to consume it.
154 | /             with patch.object(port, "_materialize_codex_report", side_effect=KeyboardInterrupt):
155 | |                 with pytest.raises(KeyboardInterrupt):
    | |______________________________________________________^
156 |                       port._checker_decision(project, stage, pending_decision(project, stage))
157 |               project = open_project(project.root)
    |
help: Combine `with` statements

I001 [*] Import block is un-sorted or un-formatted
   --> tests/test_e2e_recovery.py:173:5
    |
171 |   @pytest.mark.parametrize("capture", ["missing", "stale", "current"])
172 |   def test_accept_routes_by_capture_state_and_replays_after_restart(tmp_path, capture):
173 | /     from unittest.mock import patch
174 | |     from tests.migration_support import implemented
175 | |     from tests.workflow_support import runner
176 | |     from driver_port_factory.codex.gateway import CodexResult
177 | |     from driver_port_factory.core.checker_decision import request_recovery
178 | |     from driver_port_factory.migration.artifact_preparation import ArtifactPreparationService
179 | |     from driver_port_factory.migration.contracts import MigrationStage as M, MigrationArtifact as B
    | |___________________________________________________________________________________________________^
180 |
181 |       project, worktree, report = implemented(tmp_path)
    |
help: Organize imports
    |
173 |     from unittest.mock import patch
    -     from tests.migration_support import implemented
    -     from tests.workflow_support import runner
174 +
175 |     from driver_port_factory.codex.gateway import CodexResult
176 |     from driver_port_factory.core.checker_decision import request_recovery
177 |     from driver_port_factory.migration.artifact_preparation import ArtifactPreparationService
    -     from driver_port_factory.migration.contracts import MigrationStage as M, MigrationArtifact as B
178 +     from driver_port_factory.migration.contracts import MigrationArtifact as B
179 +     from driver_port_factory.migration.contracts import MigrationStage as M
180 +     from tests.migration_support import implemented
181 +     from tests.workflow_support import runner
182 |
    |

E501 Line too long (103 > 100)
   --> tests/test_e2e_recovery.py:205:101
    |
203 |             runtime.write_bytes(b"repaired synthetic runtime")
204 |             checker.write_text("echo attempt >> .dpf-output/check-count\nexit 0\n")
205 |         report.write_text("Synthetic self-check.\nCurrent files inspected; retain earlier failures.\n")
    |                                                                                                     ^^^
206 |         submit(project, job, report, kind="report", decision="pass")
207 |         return CodexResult(job.job_id, "", "worker")
    |

SIM117 Use a single `with` statement with multiple contexts instead of nested `with` statements
   --> tests/test_e2e_recovery.py:211:9
    |
209 |       port = runner(project)
210 |       with patch("driver_port_factory.codex.cli.CodexExecGateway.run", side_effect=worker) as model:
211 | /         with patch.object(port, "_materialize_codex_report", side_effect=KeyboardInterrupt):
212 | |             with pytest.raises(KeyboardInterrupt):
    | |__________________________________________________^
213 |                   port._checker_decision(project, stage, pending_decision(project, stage))
214 |           project = open_project(project.root)
    |
help: Combine `with` statements

E501 Line too long (102 > 100)
   --> tests/test_e2e_recovery.py:220:101
    |
218 |     assert project.stage(stage).status is StageStatus.PASS
219 |     assert pending_decision(project, stage) is None
220 |     assert project.artifacts.read(project.artifact(stage, B.RUNTIME_ARTIFACT)) == runtime.read_bytes()
    |                                                                                                     ^^
221 |     attempts = [json.loads(project.artifacts.read(ref)) for ref in
222 |                 project.current_artifact_refs(stage=stage)
    |

I001 [*] Import block is un-sorted or un-formatted
   --> tests/test_e2e_recovery.py:241:5
    |
239 |   @pytest.mark.parametrize("exit_code", [0, 1])
240 |   def test_repeated_operation_pauses_across_restart(tmp_path, exit_code):
241 | /     from unittest.mock import patch
242 | |     from driver_port_factory.codex.gateway import CodexResult
243 | |     from driver_port_factory.core.checker_decision import (
244 | |         RecoveryPaused, guard_operation, resume_recovery,
245 | |     )
246 | |     from driver_port_factory.migration.contracts import MigrationStage as M
247 | |     from tests.migration_support import public_run
248 | |     from tests.workflow_support import runner
    | |_____________________________________________^
249 |
250 |       project, worktree, report = public_run(tmp_path, self_check=False, exit_code=exit_code)
    |
help: Organize imports
    |
241 |     from unittest.mock import patch
242 +
243 |     from driver_port_factory.codex.gateway import CodexResult
244 |     from driver_port_factory.core.checker_decision import (
    -         RecoveryPaused, guard_operation, resume_recovery,
245 +         RecoveryPaused,
246 +         guard_operation,
247 +         resume_recovery,
248 |     )
    |

I001 [*] Import block is un-sorted or un-formatted
  --> tests/test_evidence_reuse.py:3:1
   |
 1 |   """Early local discovery and evidence-backed gaps, without model or external network calls."""
 2 |
 3 | / import json
 4 | | from dataclasses import replace
 5 | | from pathlib import Path
 6 | | from unittest.mock import patch
 7 | |
 8 | | import pytest
 9 | |
10 | | from driver_port_factory.acquisition.closure import EvidenceClosureFinalizer
11 | | from driver_port_factory.acquisition.contracts import (
12 | |     AcquisitionArtifact as A,
13 | |     AcquisitionStage as S,
14 | | )
15 | | from driver_port_factory.acquisition.facets import parse_facet
16 | | from driver_port_factory.acquisition.proposal import EvidenceDiscoveryProposal
17 | | from driver_port_factory.acquisition.repository import RepositoryAcquirer
18 | | from driver_port_factory.acquisition.repository_role import RepositoryRole
19 | | from driver_port_factory.composition import open_project
20 | | from driver_port_factory.core.models import WorkflowError
21 | | from driver_port_factory.knowledge.acquisition_context import context
22 | | from driver_port_factory.knowledge.shared import import_git
23 | | from driver_port_factory.knowledge.shared_binding import freeze, project_binding
24 | | from driver_port_factory.knowledge.shared_cli import query_project
25 | | from driver_port_factory.knowledge.shared_store import Library
26 | | from tests.acquisition_support import evidence_proposal, import_evidence_proposal
27 | | from tests.repository_support import ready_project
   | |__________________________________________________^
help: Organize imports
   |
12 |     AcquisitionArtifact as A,
13 + )
14 + from driver_port_factory.acquisition.contracts import (
15 |     AcquisitionStage as S,
   |

E501 Line too long (101 > 100)
  --> tests/test_evidence_reuse.py:63:101
   |
61 |             facet["gap"] = {
62 |                 "impact": "Synthetic model evidence does not establish physical hardware behavior",
63 |                 "repair_trigger": "Supply primary hardware evidence before physical hardware claims",
   |                                                                                                     ^
64 |                 "basis": [{"lane": "qemu", "facet": "device_model"}],
65 |             }
   |

I001 [*] Import block is un-sorted or un-formatted
  --> tests/test_high_cost_delivery.py:2:1
   |
 1 |   """High-cost task changes: no extra model, gate, or implicit scope reduction."""
 2 | / import json
 3 | | from pathlib import Path
 4 | | from unittest.mock import patch
 5 | |
 6 | | from driver_port_factory.codex.prompts import SkillPromptComposer, default_prompt_pack_path
 7 | | from driver_port_factory.composition import WORKFLOW_STAGE_CATALOG
 8 | | from driver_port_factory.core.models import ActorRole
 9 | | from driver_port_factory.control.work_costs import summarize
10 | | from driver_port_factory.migration.contracts import MigrationStage as S, MigrationArtifact as A
11 | | from driver_port_factory.migration.delivery_brief import context, excerpt
12 | | from tests.workflow_support import ready_implementation, runner
   | |_______________________________________________________________^
help: Organize imports
   |
7  | from driver_port_factory.composition import WORKFLOW_STAGE_CATALOG
   - from driver_port_factory.core.models import ActorRole
8  | from driver_port_factory.control.work_costs import summarize
   - from driver_port_factory.migration.contracts import MigrationStage as S, MigrationArtifact as A
9  + from driver_port_factory.core.models import ActorRole
10 + from driver_port_factory.migration.contracts import MigrationArtifact as A
11 + from driver_port_factory.migration.contracts import MigrationStage as S
12 | from driver_port_factory.migration.delivery_brief import context, excerpt
   |

E501 Line too long (101 > 100)
  --> tests/test_high_cost_delivery.py:47:101
   |
45 |     project = ready_implementation(tmp_path)
46 |     c = composer(project)
47 |     path = Path(project.config.skill_root) / 'knowledge-guided-driver-port/references/translation.md'
   |                                                                                                     ^
48 |     marker = 'EXPENSIVE_UNUSED_REFERENCE_DETAILS'
49 |     path.write_text(marker * 2000)
   |

E501 Line too long (114 > 100)
  --> tests/test_high_cost_delivery.py:53:101
   |
51 |     assert marker not in first.text
52 |     assert '<skill_document path="delivery-task.md"' in first.text
53 |     assert '<skill_document_reference path="knowledge-guided-driver-port/references/translation.md"' in first.text
   |                                                                                                     ^^^^^^^^^^^^^^
54 |     assert str(path) in first.text
55 |     policy = first.policy_digest
   |

E501 Line too long (115 > 100)
  --> tests/test_high_cost_delivery.py:58:101
   |
56 |     second = c.render(stage=S.DRIVER_IMPLEMENTATION, actor_role=ActorRole.DEVELOPER,
57 |                       known_documents={d.relative_path: d.digest for d in first.documents})
58 |     assert '<skill_document_reference path="knowledge-guided-driver-port/references/translation.md"' in second.text
   |                                                                                                     ^^^^^^^^^^^^^^^
59 |     assert marker not in second.text
60 |     path.write_text(marker + 'changed rule')
   |

I001 [*] Import block is un-sorted or un-formatted
 --> tests/test_knowledge_search.py:1:1
  |
1 | / from unittest.mock import patch
2 | | import json
3 | |
4 | | import pytest
5 | |
6 | | from driver_port_factory.core.models import WorkflowError
7 | | from driver_port_factory.knowledge.index import KnowledgeIndex
  | |______________________________________________________________^
help: Organize imports
  |
1 + import json
2 | from unittest.mock import patch
  - import json
3 |
  |

SIM117 Use a single `with` statement with multiple contexts instead of nested `with` statements
  --> tests/test_knowledge_search.py:55:5
   |
53 |           result = index.search("release_descriptor ownership", compact=True)
54 |           assert "release_descriptor" in result["results"][0]["summary"]
55 | /     with patch.object(index, "_load_chunks", side_effect=WorkflowError("hash mismatch")):
56 | |         with pytest.raises(WorkflowError, match="hash mismatch"):
   | |_________________________________________________________________^
57 |               index.search("release_descriptor", compact=True)
   |
help: Combine `with` statements

I001 [*] Import block is un-sorted or un-formatted
  --> tests/test_on_demand_tools.py:2:1
   |
 1 |   """Bounded assistance: actual compiler queries, public vectors and ccache reuse."""
 2 | / import json
 3 | | import os
 4 | | import shutil
 5 | | import subprocess
 6 | | from pathlib import Path
 7 | | from unittest.mock import patch
 8 | |
 9 | | import pytest
10 | |
11 | | from driver_port_factory.knowledge.semantic import query
12 | | from driver_port_factory.knowledge.index import KnowledgeIndex
13 | | from driver_port_factory.migration.source_cases import generate
14 | | from driver_port_factory.build_cache import configure, environment, status
15 | | from driver_port_factory.core.models import WorkflowError
16 | | from driver_port_factory.migration.contracts import MigrationStage as S
17 | | from tests.test_translation_acceleration import active_project
   | |______________________________________________________________^
help: Organize imports
   |
10 |
   - from driver_port_factory.knowledge.semantic import query
   - from driver_port_factory.knowledge.index import KnowledgeIndex
   - from driver_port_factory.migration.source_cases import generate
11 | from driver_port_factory.build_cache import configure, environment, status
12 | from driver_port_factory.core.models import WorkflowError
13 + from driver_port_factory.knowledge.index import KnowledgeIndex
14 + from driver_port_factory.knowledge.semantic import query
15 | from driver_port_factory.migration.contracts import MigrationStage as S
16 + from driver_port_factory.migration.source_cases import generate
17 | from tests.test_translation_acceleration import active_project
   |

E501 Line too long (118 > 100)
  --> tests/test_on_demand_tools.py:40:101
   |
38 |     assert first['matches'][0]['type'] == 'int'
39 |     assert Path(first['matches'][0]['file']) == header
40 |     with patch('driver_port_factory.knowledge.semantic.extract', side_effect=AssertionError('unnecessary AST parse')):
   |                                                                                                     ^^^^^^^^^^^^^^^^^^
41 |         assert query(project, db, source, 'value', limit=1)['matches'] == first['matches']
42 |     header.write_text('struct Buffer { long value; };\n')
   |

E501 Line too long (108 > 100)
  --> tests/test_on_demand_tools.py:91:101
   |
91 | @pytest.mark.skipif(not shutil.which('ccache') or not shutil.which('gcc'), reason='ccache and GCC required')
   |                                                                                                     ^^^^^^^^
92 | def test_shared_ccache_reuses_objects_without_importing_pass(tmp_path):
93 |     project, output = active_project(tmp_path)
   |

I001 [*] Import block is un-sorted or un-formatted
   --> tests/test_on_demand_tools.py:127:5
    |
126 |   def test_optional_tools_are_not_injected_into_unrelated_stages():
127 | /     from types import SimpleNamespace
128 | |     from driver_port_factory.codex.optional_tools import context
129 | |     from driver_port_factory.acquisition.contracts import AcquisitionStage
    | |__________________________________________________________________________^
130 |       project = SimpleNamespace(root=Path('/run'))
131 |       assert context(project, AcquisitionStage.EVIDENCE_CLOSURE) == {}
    |
help: Organize imports
    |
127 |     from types import SimpleNamespace
    -     from driver_port_factory.codex.optional_tools import context
128 +
129 |     from driver_port_factory.acquisition.contracts import AcquisitionStage
130 +     from driver_port_factory.codex.optional_tools import context
131 |     project = SimpleNamespace(root=Path('/run'))
    |

I001 [*] Import block is un-sorted or un-formatted
 --> tests/test_problem_packet.py:1:1
  |
1 | / import json
2 | | from unittest.mock import patch
3 | |
4 | | import pytest
5 | |
6 | | from driver_port_factory.core.models import WorkflowError
7 | | from driver_port_factory.knowledge.problem_packet import assemble, encode, query, accepted_rows
8 | | from driver_port_factory.knowledge.index import KnowledgeIndex
9 | | from tests.workflow_support import ready_implementation
  | |_______________________________________________________^
help: Organize imports
  |
6 | from driver_port_factory.core.models import WorkflowError
  - from driver_port_factory.knowledge.problem_packet import assemble, encode, query, accepted_rows
7 | from driver_port_factory.knowledge.index import KnowledgeIndex
8 + from driver_port_factory.knowledge.problem_packet import accepted_rows, assemble, encode, query
9 | from tests.workflow_support import ready_implementation
  |

E501 Line too long (103 > 100)
  --> tests/test_problem_packet.py:20:101
   |
19 | def materials():
20 |     obligations = [row('obligations', '## C-RX\nOn allocation failure `clean_rx` releases ownership.\n'
   |                                                                                                     ^^^
21 |                        'Target `DmaBuffer` must not be published early. Test `alloc_fail` observes cleanup.\n')]
22 |     chunks = [row('source', 'void clean_rx(void) {\n  release();\n}\n'),
   |

E501 Line too long (112 > 100)
  --> tests/test_problem_packet.py:21:101
   |
19 | def materials():
20 |     obligations = [row('obligations', '## C-RX\nOn allocation failure `clean_rx` releases ownership.\n'
21 |                        'Target `DmaBuffer` must not be published early. Test `alloc_fail` observes cleanup.\n')]
   |                                                                                                     ^^^^^^^^^^^^
22 |     chunks = [row('source', 'void clean_rx(void) {\n  release();\n}\n'),
23 |               row('target', 'impl DmaBuffer {\n  fn release(self) {}\n}\n'),
   |

E501 Line too long (130 > 100)
  --> tests/test_problem_packet.py:37:101
   |
35 |         assert item['sha256'] == 'a' * 64
36 |         assert item['revision'] == 'frozen'
37 |         assert item['excerpt']['text'] in (obligations + chunks)[['obligations', 'source', 'target', 'test'].index(group)]['text']
   |                                                                                                     ^^^^^^^^^^^^^^^^^^^^^^^^^^^^^^
38 |     assert len(encode(result).encode()) <= 12000
39 |     assert 'not inferred API equivalence' in result['selection']
   |

E501 Line too long (103 > 100)
   --> tests/test_problem_packet.py:98:101
    |
 96 |     with patch.object(KnowledgeIndex, 'for_project', return_value=index), \
 97 |          patch.object(index, '_load_chunks', return_value=chunks) as load, \
 98 |          patch('driver_port_factory.knowledge.problem_packet.accepted_rows', return_value=obligations):
    |                                                                                                     ^^^
 99 |         result = query(project, 'C-RX')
100 |         assert result['groups']['target']['items']
    |

E501 Line too long (101 > 100)
   --> tests/test_problem_packet.py:130:101
    |
128 |     source = result['groups']['source']['items']
129 |     assert len(source) == 1
130 |     assert source[0]['also_indexed_as'] == [{'record_id': 'alias-record', 'chunk_id': 'alias-chunk'}]
    |                                                                                                     ^
131 |     different = {**alias, 'revision': 'other-revision'}
132 |     result = assemble(chunks + [different], obligations, 'C-RX')
    |

E501 Line too long (105 > 100)
   --> tests/test_problem_packet.py:161:101
    |
159 |     chunks = [row('source', 'void clean_rx(void);', line_start=1),
160 |               row('source', 'clean_rx();', line_start=40, chunk_id='call'),
161 |               row('source', 'void clean_rx(void) {\n  release();\n}\n', line_start=101, chunk_id='body')]
    |                                                                                                     ^^^^^
162 |     result = assemble(chunks, [], 'clean_rx')
163 |     assert 'release();' in result['groups']['source']['items'][0]['excerpt']['text']
    |

E501 Line too long (102 > 100)
  --> tests/test_prompt_contracts.py:76:101
   |
74 |     assert scoped["objective"] == "Repair the selected registration behavior only."
75 |     assert "behavior_continue" in scoped["protocol"]["completion"]
76 |     assert "No worker-requested controller operations" not in scoped["protocol"]["operation_delivery"]
   |                                                                                                     ^^

I001 [*] Import block is un-sorted or un-formatted
 --> tests/test_read_evidence.py:1:1
  |
1 | / import json
2 | | import pytest
3 | |
4 | | from driver_port_factory.read_evidence import read_text
  | |_______________________________________________________^
help: Organize imports
  |
1 | import json
2 +
3 | import pytest
  |

I001 [*] Import block is un-sorted or un-formatted
  --> tests/test_remediation.py:2:1
   |
 1 |   """Offline functional tests of workflow repairs; no model or real driver certification."""
 2 | / import json
 3 | | from pathlib import Path
 4 | | from unittest.mock import patch
 5 | |
 6 | | import pytest
 7 | |
 8 | | from driver_port_factory.composition import open_project
 9 | | from driver_port_factory.core.models import StageStatus, WorkflowError
10 | | from driver_port_factory.migration.contracts import MigrationStage as S, MigrationArtifact as A
11 | | from driver_port_factory.migration.experiments import execute, run_cases
12 | | from tests.migration_support import implemented, public_run
   | |___________________________________________________________^
help: Organize imports
   |
9  | from driver_port_factory.core.models import StageStatus, WorkflowError
   - from driver_port_factory.migration.contracts import MigrationStage as S, MigrationArtifact as A
10 + from driver_port_factory.migration.contracts import MigrationArtifact as A
11 + from driver_port_factory.migration.contracts import MigrationStage as S
12 | from driver_port_factory.migration.experiments import execute, run_cases
   |

E501 Line too long (121 > 100)
  --> tests/test_remediation.py:20:101
   |
18 |     original = (worktree / 'driver.rs').read_bytes()
19 |     project.retry_from(S.CONTRACTS, trigger=S.FINAL_EVIDENCE_REVIEW,
20 |                        reason='C1 contradicted by actual target ownership definition', progress={'C1': 'counterexample'})
   |                                                                                                     ^^^^^^^^^^^^^^^^^^^^^
21 |     restored = open_project(project.root)
22 |     assert restored.stage(S.CONTRACTS).status is StageStatus.READY
   |

E501 Line too long (114 > 100)
  --> tests/test_remediation.py:36:101
   |
34 |     # implemented() already ran the identical controller experiment.
35 |     with patch('driver_port_factory.migration.public_qemu._run_public_harness') as run:
36 |         first = execute(project, worktree=worktree, script_path=script, runtime_path=runtime, timeout_seconds=300)
   |                                                                                                     ^^^^^^^^^^^^^^
37 |         report.write_text('New explanation; execution unchanged.\n')
38 |         second = execute(open_project(project.root), worktree=worktree, script_path=script,
   |

E501 Line too long (114 > 100)
  --> tests/test_remediation.py:48:101
   |
46 |     Path(log['archive_path']).write_text('damaged archive\n')
47 |     from driver_port_factory.migration.public_qemu import _run_public_harness
48 |     with patch('driver_port_factory.migration.public_qemu._run_public_harness', wraps=_run_public_harness) as run:
   |                                                                                                     ^^^^^^^^^^^^^^
49 |         execute(project, worktree=worktree, script_path=script, runtime_path=runtime, timeout_seconds=300)
50 |         assert run.call_count == 1
   |

E501 Line too long (106 > 100)
  --> tests/test_remediation.py:49:101
   |
47 |     from driver_port_factory.migration.public_qemu import _run_public_harness
48 |     with patch('driver_port_factory.migration.public_qemu._run_public_harness', wraps=_run_public_harness) as run:
49 |         execute(project, worktree=worktree, script_path=script, runtime_path=runtime, timeout_seconds=300)
   |                                                                                                     ^^^^^^
50 |         assert run.call_count == 1
   |

E501 Line too long (104 > 100)
  --> tests/test_remediation.py:64:101
   |
62 |             f'cat .dpf-output/harness/{name}.input > .dpf-output/qemu-runs/{name}.log\n')
63 |         cases.append({'id': name, 'script': f'.dpf-output/harness/{name}.sh',
64 |                       'dependencies': [f'.dpf-output/harness/{name}.input'], 'contracts': [f'C-{name}'],
   |                                                                                                     ^^^^
65 |                       'timeout_seconds': 300})
66 |     (output / 'experiments.json').write_text(json.dumps(cases))
   |

E501 Line too long (104 > 100)
   --> tests/test_remediation.py:104:101
    |
102 |     project, _, _ = implemented(tmp_path)
103 |     facts = project.root / 'platform-facts.md'
104 |     facts.write_text('Platform API source references, toolchain and build recipe; no driver verdict.\n')
    |                                                                                                     ^^^^
105 |     asset = export_asset(project, facts, tmp_path / 'shared-assets', 'x86_64:fixture-toolchain')
106 |     imported = import_asset(project, asset, 'x86_64:fixture-toolchain')
    |

I001 [*] Import block is un-sorted or un-formatted
   --> tests/test_remediation.py:125:5
    |
124 |   def test_structural_bundle_error_cannot_be_accepted_as_collector_disagreement(tmp_path):
125 | /     from driver_port_factory.core.checker_decision import request_decision, CheckerDecisionRequired, accept_decision
126 | |     from driver_port_factory.core.models import ArtifactRef
    | |___________________________________________________________^
127 |       project, _, report = implemented(tmp_path)
128 |       # A forged pending request carrying syntactically invalid implementation bytes
    |
help: Organize imports
    |
124 | def test_structural_bundle_error_cannot_be_accepted_as_collector_disagreement(tmp_path):
    -     from driver_port_factory.core.checker_decision import request_decision, CheckerDecisionRequired, accept_decision
125 +     from driver_port_factory.core.checker_decision import (
126 +         CheckerDecisionRequired,
127 +         accept_decision,
128 +         request_decision,
129 +     )
130 |     from driver_port_factory.core.models import ArtifactRef
    |

E501 Line too long (116 > 100)
   --> tests/test_remediation.py:125:101
    |
124 | def test_structural_bundle_error_cannot_be_accepted_as_collector_disagreement(tmp_path):
125 |     from driver_port_factory.core.checker_decision import request_decision, CheckerDecisionRequired, accept_decision
    |                                                                                                     ^^^^^^^^^^^^^^^^
126 |     from driver_port_factory.core.models import ArtifactRef
127 |     project, _, report = implemented(tmp_path)
    |

E501 Line too long (104 > 100)
   --> tests/test_remediation.py:132:101
    |
130 |     refs = project.current_artifact_refs(stage=S.DRIVER_IMPLEMENTATION)
131 |     outputs = [r for r in refs if r.kind in {A.IMPLEMENTATION_BUNDLE.value,
132 |                                             A.COMPLIANCE_REPORT.value, A.TARGET_CHANGE_INVENTORY.value}]
    |                                                                                                     ^^^^
133 |     bad = project.artifacts.put_bytes(b'not-json', kind=A.IMPLEMENTATION_BUNDLE.value)
134 |     candidates = [ArtifactRef(bad, 'synthetic') if r.kind == A.IMPLEMENTATION_BUNDLE.value else r
    |

I001 [*] Import block is un-sorted or un-formatted
   --> tests/test_remediation.py:143:5
    |
142 |   def test_analysis_receipt_recovers_crash_after_acceptance_without_model_reanalysis(tmp_path):
143 | /     from tests.workflow_support import ready_implementation, runner
144 | |     from tests.submission_support import submit
145 | |     from driver_port_factory.codex.gateway import CodexResult
146 | |     from driver_port_factory.target_study.contracts import TargetStudyStage as TS
    | |_________________________________________________________________________________^
147 |       project = ready_implementation(tmp_path, reviewed=False)
148 |       project.start(S.ANALYSIS_REVIEW)
    |
help: Organize imports
    |
142 | def test_analysis_receipt_recovers_crash_after_acceptance_without_model_reanalysis(tmp_path):
    -     from tests.workflow_support import ready_implementation, runner
    -     from tests.submission_support import submit
143 |     from driver_port_factory.codex.gateway import CodexResult
144 |     from driver_port_factory.target_study.contracts import TargetStudyStage as TS
145 +     from tests.submission_support import submit
146 +     from tests.workflow_support import ready_implementation, runner
147 |     project = ready_implementation(tmp_path, reviewed=False)
    |

SIM117 Use a single `with` statement with multiple contexts instead of nested `with` statements
   --> tests/test_remediation.py:159:9
    |
157 |           return CodexResult(job.job_id, '', 'worker')
158 |       with patch('driver_port_factory.codex.cli.CodexExecGateway.run', side_effect=gateway):
159 | /         with patch('driver_port_factory.migration.analysis_delivery.record', side_effect=RuntimeError('crash')):
160 | |             with pytest.raises(RuntimeError, match='crash'):
    | |____________________________________________________________^
161 |                   port._target_study(project)
162 |           project = open_project(project.root)
    |
help: Combine `with` statements

E501 Line too long (112 > 100)
   --> tests/test_remediation.py:159:101
    |
157 |         return CodexResult(job.job_id, '', 'worker')
158 |     with patch('driver_port_factory.codex.cli.CodexExecGateway.run', side_effect=gateway):
159 |         with patch('driver_port_factory.migration.analysis_delivery.record', side_effect=RuntimeError('crash')):
    |                                                                                                     ^^^^^^^^^^^^
160 |             with pytest.raises(RuntimeError, match='crash'):
161 |                 port._target_study(project)
    |

I001 [*] Import block is un-sorted or un-formatted
   --> tests/test_remediation.py:171:5
    |
170 |   def test_prepared_receipt_rejects_policy_not_read_by_job(tmp_path):
171 | /     from driver_port_factory.migration.analysis_delivery import record, prepared
172 | |     from tests.workflow_support import ready_implementation
    | |___________________________________________________________^
173 |       project = ready_implementation(tmp_path, reviewed=False)
174 |       assert record(project, job_policy='different rules') is False
    |
help: Organize imports
    |
170 | def test_prepared_receipt_rejects_policy_not_read_by_job(tmp_path):
    -     from driver_port_factory.migration.analysis_delivery import record, prepared
171 +     from driver_port_factory.migration.analysis_delivery import prepared, record
172 |     from tests.workflow_support import ready_implementation
    |

I001 [*] Import block is un-sorted or un-formatted
   --> tests/test_remediation.py:179:5
    |
178 |   def test_public_case_manifest_reaches_final_review_with_all_obligations_visible(tmp_path):
179 | /     from tests.migration_support import packaged
180 | |     from driver_port_factory.migration.public_qemu import PublicQemuService
    | |___________________________________________________________________________^
181 |       project, worktree, report = packaged(tmp_path)
182 |       output = _cases(worktree)
    |
help: Organize imports
    |
178 | def test_public_case_manifest_reaches_final_review_with_all_obligations_visible(tmp_path):
179 +     from driver_port_factory.migration.public_qemu import PublicQemuService
180 |     from tests.migration_support import packaged
    -     from driver_port_factory.migration.public_qemu import PublicQemuService
181 |     project, worktree, report = packaged(tmp_path)
    |

E501 Line too long (103 > 100)
   --> tests/test_remediation.py:184:101
    |
182 |     output = _cases(worktree)
183 |     (output / 'public-qemu.sh').write_text('exit 0\n')
184 |     (output / 'obligations.json').write_text(json.dumps([{'id': 'C-a'}, {'id': 'C-b'}, {'id': 'C-c'}]))
    |                                                                                                     ^^^
185 |     project.start(S.PUBLIC_QEMU_VALIDATION)
186 |     service = PublicQemuService()
    |

I001 [*] Import block is un-sorted or un-formatted
   --> tests/test_remediation.py:203:5
    |
202 |   def test_explicit_self_review_is_bound_to_exact_report_and_receipt(tmp_path):
203 | /     import uuid
204 | |     from driver_port_factory.migration.experiment_ack import record_seen, acknowledge, acknowledged
    | |___________________________________________________________________________________________________^
205 |       project, worktree, report = implemented(tmp_path)
206 |       project.start(S.ARTIFACT_PREPARATION)
    |
help: Organize imports
    |
203 |     import uuid
    -     from driver_port_factory.migration.experiment_ack import record_seen, acknowledge, acknowledged
204 +
205 +     from driver_port_factory.migration.experiment_ack import acknowledge, acknowledged, record_seen
206 |     project, worktree, report = implemented(tmp_path)
    |

I001 [*] Import block is un-sorted or un-formatted
   --> tests/test_remediation.py:229:5
    |
228 |   def test_cli_suite_fresh_requests_new_observations(tmp_path, capsys):
229 | /     from argparse import Namespace
230 | |     from driver_port_factory.migration.experiment_cli import command_run
    | |________________________________________________________________________^
231 |       project, worktree, _ = implemented(tmp_path)
232 |       project.start(S.ARTIFACT_PREPARATION)
    |
help: Organize imports
    |
229 |     from argparse import Namespace
230 +
231 |     from driver_port_factory.migration.experiment_cli import command_run
    |

E501 Line too long (108 > 100)
  --> tests/test_repair_prompt_organization.py:44:101
   |
42 |     assert repeated['repair_task']['previously_supplied']
43 |     for stage, known in [('target_platform_study', supplied), ('environment_recovery', {})]:
44 |         assert 'F2' in organize_repair_context(context(), stage, known, {})['repair_task']['report_excerpt']
   |                                                                                                     ^^^^^^^^
45 |     changed = context()
46 |     changed['repair_task']['report_excerpt'] += '\nF3 reset'
   |

E501 Line too long (122 > 100)
  --> tests/test_repair_prompt_organization.py:47:101
   |
45 |     changed = context()
46 |     changed['repair_task']['report_excerpt'] += '\nF3 reset'
47 |     assert 'F3' in organize_repair_context(changed, 'environment_recovery', supplied, {})['repair_task']['report_excerpt']
   |                                                                                                     ^^^^^^^^^^^^^^^^^^^^^^
48 |     changed = context()
49 |     changed['repair_task']['source']['digest'] = 'changed'
   |

E501 Line too long (116 > 100)
  --> tests/test_repair_prompt_organization.py:50:101
   |
48 |     changed = context()
49 |     changed['repair_task']['source']['digest'] = 'changed'
50 |     assert 'report_excerpt' in organize_repair_context(changed, 'environment_recovery', supplied, {})['repair_task']
   |                                                                                                     ^^^^^^^^^^^^^^^^

I001 [*] Import block is un-sorted or un-formatted
  --> tests/test_translation_acceleration.py:2:1
   |
 1 |   """Translation assistance tests, including real C/Rust pure-logic comparison."""
 2 | / import json
 3 | | import shutil
 4 | | from pathlib import Path
 5 | | from unittest.mock import patch
 6 | |
 7 | | import pytest
 8 | |
 9 | | from driver_port_factory.core.models import WorkflowError
10 | | from driver_port_factory.core.execution import CommandRunner
11 | | from driver_port_factory.knowledge.translation_facts import prepare, query, scan
12 | | from driver_port_factory.migration.diagnostics import summarize
13 | | from driver_port_factory.migration.probes import run
14 | | from driver_port_factory.migration.contracts import MigrationStage as S
15 | | from tests.workflow_support import ready_implementation
   | |_______________________________________________________^
help: Organize imports
   |
8  |
9  + from driver_port_factory.core.execution import CommandRunner
10 | from driver_port_factory.core.models import WorkflowError
   - from driver_port_factory.core.execution import CommandRunner
11 | from driver_port_factory.knowledge.translation_facts import prepare, query, scan
12 + from driver_port_factory.migration.contracts import MigrationStage as S
13 | from driver_port_factory.migration.diagnostics import summarize
14 | from driver_port_factory.migration.probes import run
   - from driver_port_factory.migration.contracts import MigrationStage as S
15 | from tests.workflow_support import ready_implementation
   |

E501 Line too long (109 > 100)
  --> tests/test_translation_acceleration.py:40:101
   |
38 |     project, _ = active_project(tmp_path)
39 |     first = prepare(project)
40 |     with patch('driver_port_factory.knowledge.translation_facts.scan', side_effect=AssertionError('rescan')):
   |                                                                                                     ^^^^^^^^^
41 |         assert prepare(project) == first
42 |     result = query(project, limit=1)
   |

E501 Line too long (106 > 100)
  --> tests/test_translation_acceleration.py:54:101
   |
52 | def test_diagnostics_deduplicate_structured_errors_without_guessing_from_prose(tmp_path):
53 |     row = {'reason': 'compiler-message', 'message': {'level': 'error', 'message': 'wrong type',
54 |            'spans': [{'file_name': 'driver.rs', 'line_start': 4, 'column_start': 2, 'is_primary': True}]}}
   |                                                                                                     ^^^^^^
55 |     script = tmp_path / 'build.sh'
56 |     script.write_text("cat <<'END'\n" + json.dumps(row) + '\n' + json.dumps(row) + '\nEND\nexit 1\n')
   |

E501 Line too long (101 > 100)
  --> tests/test_translation_acceleration.py:56:101
   |
54 |            'spans': [{'file_name': 'driver.rs', 'line_start': 4, 'column_start': 2, 'is_primary': True}]}}
55 |     script = tmp_path / 'build.sh'
56 |     script.write_text("cat <<'END'\n" + json.dumps(row) + '\n' + json.dumps(row) + '\nEND\nexit 1\n')
   |                                                                                                     ^
57 |     result = CommandRunner(tmp_path / 'runs').run(['/bin/bash', str(script)], cwd=tmp_path)
58 |     feedback = summarize(result)
   |

E501 Line too long (110 > 100)
  --> tests/test_translation_acceleration.py:86:101
   |
86 | @pytest.mark.skipif(not shutil.which('gcc') or not shutil.which('rustc'), reason='C/Rust toolchains required')
   |                                                                                                     ^^^^^^^^^^
87 | def test_real_c_rust_ring_arithmetic_comparison_finds_boundary_bug(tmp_path):
88 |     project, output = active_project(tmp_path)
   |

E501 Line too long (111 > 100)
  --> tests/test_translation_acceleration.py:94:101
   |
92 |                  'while(fscanf(f,"%u",&x)==1) printf("%u\\n",(x+1)%8); fclose(f); }\n')
93 |     rust = output / 'candidate.rs'
94 |     correct = 'fn main() { let s=std::fs::read_to_string(std::env::var("DPF_PROBE_INPUT").unwrap()).unwrap(); '
   |                                                                                                     ^^^^^^^^^^^
95 |     correct += 'for x in s.split_whitespace() { let x: u32=x.parse().unwrap(); println!("{}",(x+1)%8); }}'
96 |     rust.write_text(correct)
   |

E501 Line too long (106 > 100)
  --> tests/test_translation_acceleration.py:95:101
   |
93 |     rust = output / 'candidate.rs'
94 |     correct = 'fn main() { let s=std::fs::read_to_string(std::env::var("DPF_PROBE_INPUT").unwrap()).unwrap(); '
95 |     correct += 'for x in s.split_whitespace() { let x: u32=x.parse().unwrap(); println!("{}",(x+1)%8); }}'
   |                                                                                                     ^^^^^^
96 |     rust.write_text(correct)
97 |     reference = output / 'reference.sh'
   |

E501 Line too long (119 > 100)
   --> tests/test_translation_acceleration.py:100:101
    |
 98 |     reference.write_text(f'#!/bin/bash\nset -eu\ngcc "{c}" -o "{output}/c-ref"\n"{output}/c-ref"\n')
 99 |     candidate = output / 'candidate.sh'
100 |     candidate.write_text(f'#!/bin/bash\nset -eu\nrustc "{rust}" -o "{output}/rs-candidate"\n"{output}/rs-candidate"\n')
    |                                                                                                     ^^^^^^^^^^^^^^^^^^^
101 |     inputs = output / 'cases.txt'
102 |     inputs.write_text('0 1 6 7 8 15\n')
    |

E501 Line too long (122 > 100)
   --> tests/test_translation_acceleration.py:103:101
    |
101 |     inputs = output / 'cases.txt'
102 |     inputs.write_text('0 1 6 7 8 15\n')
103 |     matched = run(project, candidate, reference=reference, inputs=inputs, contracts=['ring-wrap'], dependencies=[c, rust])
    |                                                                                                     ^^^^^^^^^^^^^^^^^^^^^^
104 |     assert matched['status'] == 'MATCH'
105 |     rust.write_text(correct.replace('(x+1)%8', '(x+1)%7'))
    |

I001 [*] Import block is un-sorted or un-formatted
  --> tests/test_workflow_structural.py:27:5
   |
26 |   def test_framework_recovery_observes_source_and_smoke_not_report_prose(tmp_path):
27 | /     from tests.workflow_support import ready_implementation
28 | |     from driver_port_factory.acquisition.repository import load_repository_acquisition
29 | |     from driver_port_factory.core.recovery_state import repair_inputs
   | |_____________________________________________________________________^
30 |       project = ready_implementation(tmp_path)
31 |       worktree = project.root / load_repository_acquisition(project).target_worktree.path
   |
help: Organize imports
   |
26 | def test_framework_recovery_observes_source_and_smoke_not_report_prose(tmp_path):
   -     from tests.workflow_support import ready_implementation
27 |     from driver_port_factory.acquisition.repository import load_repository_acquisition
28 |     from driver_port_factory.core.recovery_state import repair_inputs
29 +     from tests.workflow_support import ready_implementation
30 |     project = ready_implementation(tmp_path)
   |

I001 [*] Import block is un-sorted or un-formatted
  --> tests/test_workflow_structural.py:47:5
   |
45 |   @pytest.mark.parametrize("mutation", ["edit", "new", "delete", "executable"])
46 |   def test_joint_snapshot_detects_drift_even_on_former_framework_paths(tmp_path, mutation):
47 | /     from tests.migration_support import implemented
48 | |     from driver_port_factory.migration.implementation import validate_worktree_snapshot, ImplementationChanged
49 | |     from driver_port_factory.migration.contracts import MigrationArtifact as A
   | |______________________________________________________________________________^
50 |       project, worktree, _ = implemented(tmp_path)
51 |       bundle = project.load_json_artifact(S.DRIVER_IMPLEMENTATION, A.IMPLEMENTATION_BUNDLE)
   |
help: Organize imports
   |
46 | def test_joint_snapshot_detects_drift_even_on_former_framework_paths(tmp_path, mutation):
   -     from tests.migration_support import implemented
   -     from driver_port_factory.migration.implementation import validate_worktree_snapshot, ImplementationChanged
47 |     from driver_port_factory.migration.contracts import MigrationArtifact as A
48 +     from driver_port_factory.migration.implementation import (
49 +         ImplementationChanged,
50 +         validate_worktree_snapshot,
51 +     )
52 +     from tests.migration_support import implemented
53 |     project, worktree, _ = implemented(tmp_path)
   |

E501 Line too long (110 > 100)
  --> tests/test_workflow_structural.py:48:101
   |
46 | def test_joint_snapshot_detects_drift_even_on_former_framework_paths(tmp_path, mutation):
47 |     from tests.migration_support import implemented
48 |     from driver_port_factory.migration.implementation import validate_worktree_snapshot, ImplementationChanged
   |                                                                                                     ^^^^^^^^^^
49 |     from driver_port_factory.migration.contracts import MigrationArtifact as A
50 |     project, worktree, _ = implemented(tmp_path)
   |

I001 [*] Import block is un-sorted or un-formatted
  --> tests/test_workflow_structural.py:70:5
   |
69 |   def test_study_reuse_never_resurrects_an_older_matching_receipt(tmp_path):
70 | /     from tests.workflow_support import ready_implementation
71 | |     from driver_port_factory.target_study.reuse import remember, restore
72 | |     from driver_port_factory.target_study.contracts import TargetStudyStage as TS
73 | |     from driver_port_factory.core.events import RunEvent
   | |________________________________________________________^
74 |       project = ready_implementation(tmp_path)
75 |       remember(project)
   |
help: Organize imports
   |
69 | def test_study_reuse_never_resurrects_an_older_matching_receipt(tmp_path):
70 +     from driver_port_factory.core.events import RunEvent
71 +     from driver_port_factory.target_study.contracts import TargetStudyStage as TS
72 +     from driver_port_factory.target_study.reuse import remember, restore
73 |     from tests.workflow_support import ready_implementation
   -     from driver_port_factory.target_study.reuse import remember, restore
   -     from driver_port_factory.target_study.contracts import TargetStudyStage as TS
   -     from driver_port_factory.core.events import RunEvent
74 |     project = ready_implementation(tmp_path)
   |

I001 [*] Import block is un-sorted or un-formatted
  --> tests/test_workflow_structural.py:82:5
   |
81 |   def test_fused_delivery_survives_restart_and_receipt_invalidates_on_smoke_or_retry(tmp_path):
82 | /     from tests.workflow_support import ready_implementation, runner
83 | |     from tests.migration_support import smoke_fixture
84 | |     from tests.submission_support import submit
85 | |     from driver_port_factory.codex.gateway import CodexResult
86 | |     from driver_port_factory.composition import open_project
87 | |     from driver_port_factory.acquisition.repository import load_repository_acquisition
88 | |     from driver_port_factory.migration.repair_execution import prepared
   | |_______________________________________________________________________^
89 |
90 |       project = ready_implementation(tmp_path)
   |
help: Organize imports
   |
81 | def test_fused_delivery_survives_restart_and_receipt_invalidates_on_smoke_or_retry(tmp_path):
   -     from tests.workflow_support import ready_implementation, runner
   -     from tests.migration_support import smoke_fixture
   -     from tests.submission_support import submit
82 +     from driver_port_factory.acquisition.repository import load_repository_acquisition
83 |     from driver_port_factory.codex.gateway import CodexResult
84 |     from driver_port_factory.composition import open_project
   -     from driver_port_factory.acquisition.repository import load_repository_acquisition
85 |     from driver_port_factory.migration.repair_execution import prepared
86 +     from tests.migration_support import smoke_fixture
87 +     from tests.submission_support import submit
88 +     from tests.workflow_support import ready_implementation, runner
89 |
   |

I001 [*] Import block is un-sorted or un-formatted
   --> tests/test_workflow_structural.py:132:5
    |
131 |   def test_execution_and_repair_rules_invalidate_only_applicable_stage_policies(tmp_path):
132 | /     import shutil
133 | |     from pathlib import Path
134 | |     from tests.workflow_support import ready_implementation
135 | |     from driver_port_factory.codex.prompts import SkillPromptComposer
136 | |     from driver_port_factory.composition import WORKFLOW_STAGE_CATALOG
137 | |     import driver_port_factory
    | |______________________________^
138 |       project = ready_implementation(tmp_path)
139 |       pack = tmp_path / "prompt-pack"
    |
help: Organize imports
    |
133 |     from pathlib import Path
    -     from tests.workflow_support import ready_implementation
134 +
135 +     import driver_port_factory
136 |     from driver_port_factory.codex.prompts import SkillPromptComposer
137 |     from driver_port_factory.composition import WORKFLOW_STAGE_CATALOG
    -     import driver_port_factory
138 +     from tests.workflow_support import ready_implementation
139 |     project = ready_implementation(tmp_path)
    |

I001 [*] Import block is un-sorted or un-formatted
  --> tests/workflow_support.py:1:1
   |
 1 | / from __future__ import annotations
 2 | |
 3 | |
 4 | | from pathlib import Path
 5 | |
 6 | |
 7 | | from driver_port_factory.codex.contracts import CodexBackend
 8 | |
 9 | |
10 | | from driver_port_factory.core.models import FileArtifact
11 | |
12 | |
13 | | from driver_port_factory.migration.contracts import MigrationArtifact, MigrationStage
14 | |
15 | |
16 | | from driver_port_factory.port import PortOptions, PortRunner
17 | |
18 | |
19 | | from tests.design_support import ready_project
   | |______________________________________________^
help: Organize imports
  |
2 |
  -
3 | from pathlib import Path
  -
4 |
5 | from driver_port_factory.codex.contracts import CodexBackend
  -
  -
6 | from driver_port_factory.core.models import FileArtifact
  -
  -
7 | from driver_port_factory.migration.contracts import MigrationArtifact, MigrationStage
  -
  -
8 | from driver_port_factory.port import PortOptions, PortRunner
  -
  -
9 | from tests.design_support import ready_project
  |

RUF059 Unpacked variable `checkouts` is never used
  --> tests/workflow_support.py:24:14
   |
22 | def ready_implementation(root: Path, *, plan=True, reviewed=True):
23 |     # This fixture validates the controller; its simulator is explicitly synthetic.
24 |     project, checkouts = ready_project(root)
   |              ^^^^^^^^^
25 |     skill = Path(project.config.skill_root) / "knowledge-guided-driver-port"
26 |     skill.mkdir(exist_ok=True)
   |
help: Prefix it with an underscore or any other dummy variable pattern

I001 [*] Import block is un-sorted or un-formatted
  --> tests/workflow_support.py:35:5
   |
33 |     project.start(MigrationStage.CONTRACTS)
34 |     report = project.root / "migration-plan.md"
35 |     from driver_port_factory.target_study.contracts import TargetStudyArtifact as T, TargetStudyStage as TS
   |     ^^^^^^^^^^^^^^^^^^^^^^^^^^^^^^^^^^^^^^^^^^^^^^^^^^^^^^^^^^^^^^^^^^^^^^^^^^^^^^^^^^^^^^^^^^^^^^^^^^^^^^^
36 |     report.write_bytes(project.artifacts.read(project.artifact(TS.STUDY, T.REPORT)))
37 |     project.finalize_stage(
   |
help: Organize imports
   |
34 |     report = project.root / "migration-plan.md"
   -     from driver_port_factory.target_study.contracts import TargetStudyArtifact as T, TargetStudyStage as TS
35 +     from driver_port_factory.target_study.contracts import TargetStudyArtifact as T
36 +     from driver_port_factory.target_study.contracts import TargetStudyStage as TS
37 |     report.write_bytes(project.artifacts.read(project.artifact(TS.STUDY, T.REPORT)))
   |

E501 Line too long (107 > 100)
  --> tests/workflow_support.py:35:101
   |
33 |     project.start(MigrationStage.CONTRACTS)
34 |     report = project.root / "migration-plan.md"
35 |     from driver_port_factory.target_study.contracts import TargetStudyArtifact as T, TargetStudyStage as TS
   |                                                                                                     ^^^^^^^
36 |     report.write_bytes(project.artifacts.read(project.artifact(TS.STUDY, T.REPORT)))
37 |     project.finalize_stage(
   |

Found 576 errors.
[*] 124 fixable with the `--fix` option (13 hidden fixes can be enabled with the `--unsafe-fixes` option).
